KEY,FREQ,REF_AREA,CURRENCY,PROVIDER_FM,INSTRUMENT_FM,PROVIDER_FM_ID,DATA_TYPE_FM,TIME_PERIOD,OBS_VALUE,OBS_STATUS,OBS_CONF,OBS_PRE_BREAK,OBS_COM,TIME_FORMAT,BREAKS,COLLECTION,COMPILING_ORG,DISS_ORG,DOM_SER_IDS,FM_CONTRACT_TIME,FM_COUPON_RATE,FM_IDENTIFIER,FM_LOT_SIZE,FM_MATURITY,FM_OUTS_AMOUNT,FM_PUT_CALL,FM_STRIKE_PRICE,PUBL_MU,PUBL_PUBLIC,UNIT_INDEX_BASE,COMPILATION,COVERAGE,DECIMALS,SOURCE_AGENCY,SOURCE_PUB,TITLE,TITLE_COMPL,UNIT,UNIT_MULT
YC.B.U2.EUR.4F.G_N_A.SV_C_YM.SR_10Y,B,U2,EUR,4F,G_N_A,SV_C_YM,SR_10Y,2023-06-01,2.3525142584,A,F,,,P1D,,E,,,,,,,,,,,,,,,Technical notes are available at the following link: https://www.ecb.europa.eu/stats/financial_markets_and_interest_rates/euro_area_yield_curves/shared/pdf/technical_notes.pdf,,6,,,AAA yield curve - 10-year spot rate,"Euro area (changing composition) - Government bond, nominal, all issuers whose rating is triple A - Svensson model - continuous compounding - yield error minimisation - Yield curve spot rate, 10-year maturity",PCPA,0
YC.B.U2.EUR.4F.G_N_A.SV_C_YM.SR_10Y,B,U2,EUR,4F,G_N_A,SV_C_YM,SR_10Y,2023-06-02,2.3991278931,A,F,,,P1D,,E,,,,,,,,,,,,,,,Technical notes are available at the following link: https://www.ecb.europa.eu/stats/financial_markets_and_interest_rates/euro_area_yield_curves/shared/pdf/technical_notes.pdf,,6,,,AAA yield curve - 10-year spot rate,"Euro area (changing composition) - Government bond, nominal, all issuers whose rating is triple A - Svensson model - continuous compounding - yield error minimisation - Yield curve spot rate, 10-year maturity",PCPA,0
YC.B.U2.EUR.4F.G_N_A.SV_C_YM.SR_10Y,B,U2,EUR,4F,G_N_A,SV_C_YM,SR_10Y,2023-06-05,2.479590491,A,F,,,P1D,,E,,,,,,,,,,,,,,,Technical notes are available at the following link: https://www.ecb.europa.eu/stats/financial_markets_and_interest_rates/euro_area_yield_curves/shared/pdf/technical_notes.pdf,,6,,,AAA yield curve - 10-year spot rate,"Euro area (changing composition) - Government bond, nominal, all issuers whose rating is triple A - Svensson model - continuous compounding - yield error minimisation - Yield curve spot rate, 10-year maturity",PCPA,0
YC.B.U2.EUR.4F.G_N_A.SV_C_YM.SR_10Y,B,U2,EUR,4F,G_N_A,SV_C_YM,SR_10Y,2023-06-06,2.4666990139,A,F,,,P1D,,E,,,,,,,,,,,,,,,Technical notes are available at the following link: https://www.ecb.europa.eu/stats/financial_markets_and_interest_rates/euro_area_yield_curves/shared/pdf/technical_notes.pdf,,6,,,AAA yield curve - 10-year spot rate,"Euro area (changing composition) - Government bond, nominal, all issuers whose rating is triple A - Svensson model - continuous compounding - yield error minimisation - Yield curve spot rate, 10-year maturity",PCPA,0
YC.B.U2.EUR.4F.G_N_A.SV_C_YM.SR_10Y,B,U2,EUR,4F,G_N_A,SV_C_YM,SR_10Y,2023-06-07,2.4775996926,A,F,,,P1D,,E,,,,,,,,,,,,,,,Technical notes are available at the following link: https://www.ecb.europa.eu/stats/financial_markets_and_interest_rates/euro_area_yield_curves/shared/pdf/technical_notes.pdf,,6,,,AAA yield curve - 10-year spot rate,"Euro area (changing composition) - Government bond, nominal, all issuers whose rating is triple A - Svensson model - continuous compounding - yield error minimisation - Yield curve spot rate, 10-year maturity",PCPA,0
YC.B.U2.EUR.4F.G_N_A.SV_C_YM.SR_10Y,B,U2,EUR,4F,G_N_A,SV_C_YM,SR_10Y,2023-06-08,2.5008032137,A,F,,,P1D,,E,,,,,,,,,,,,,,,Technical notes are available at the following link: https://www.ecb.europa.eu/stats/financial_markets_and_interest_rates/euro_area_yield_curves/shared/pdf/technical_notes.pdf,,6,,,AAA yield curve - 10-year spot rate,"Euro area (changing composition) - Government bond, nominal, all issuers whose rating is triple A - Svensson model - continuous compounding - yield error minimisation - Yield curve spot rate, 10-year maturity",PCPA,0
YC.B.U2.EUR.4F.G_N_A.SV_C_YM.SR_10Y,B,U2,EUR,4F,G_N_A,SV_C_YM,SR_10Y,2023-06-09,2.4973687502,A,F,,,P1D,,E,,,,,,,,,,,,,,,Technical notes are available at the following link: https://www.ecb.europa.eu/stats/financial_markets_and_interest_rates/euro_area_yield_curves/shared/pdf/technical_notes.pdf,,6,,,AAA yield curve - 10-year spot rate,"Euro area (changing composition) - Government bond, nominal, all issuers whose rating is triple A - Svensson model - continuous compounding - yield error minimisation - Yield curve spot rate, 10-year maturity",PCPA,0
YC.B.U2.EUR.4F.G_N_A.SV_C_YM.SR_10Y,B,U2,EUR,4F,G_N_A,SV_C_YM,SR_10Y,2023-06-12,2.4729858263,A,F,,,P1D,,E,,,,,,,,,,,,,,,Technical notes are available at the following link: https://www.ecb.europa.eu/stats/financial_markets_and_interest_rates/euro_area_yield_curves/shared/pdf/technical_notes.pdf,,6,,,AAA yield curve - 10-year spot rate,"Euro area (changing composition) - Government bond, nominal, all issuers whose rating is triple A - Svensson model - continuous compounding - yield error minimisation - Yield curve spot rate, 10-year maturity",PCPA,0
YC.B.U2.EUR.4F.G_N_A.SV_C_YM.SR_10Y,B,U2,EUR,4F,G_N_A,SV_C_YM,SR_10Y,2023-06-13,2.4993327518,A,F,,,P1D,,E,,,,,,,,,,,,,,,Technical notes are available at the following link: https://www.ecb.europa.eu/stats/financial_markets_and_interest_rates/euro_area_yield_curves/shared/pdf/technical_notes.pdf,,6,,,AAA yield curve - 10-year spot rate,"Euro area (changing composition) - Government bond, nominal, all issuers whose rating is triple A - Svensson model - continuous compounding - yield error minimisation - Yield curve spot rate, 10-year maturity",PCPA,0
YC.B.U2.EUR.4F.G_N_A.SV_C_YM.SR_10Y,B,U2,EUR,4F,G_N_A,SV_C_YM,SR_10Y,2023-06-14,2.5475095593,A,F,,,P1D,,E,,,,,,,,,,,,,,,Technical notes are available at the following link: https://www.ecb.europa.eu/stats/financial_markets_and_interest_rates/euro_area_yield_curves/shared/pdf/technical_notes.pdf,,6,,,AAA yield curve - 10-year spot rate,"Euro area (changing composition) - Government bond, nominal, all issuers whose rating is triple A - Svensson model - continuous compounding - yield error minimisation - Yield curve spot rate, 10-year maturity",PCPA,0
YC.B.U2.EUR.4F.G_N_A.SV_C_YM.SR_10Y,B,U2,EUR,4F,G_N_A,SV_C_YM,SR_10Y,2023-06-15,2.5361437389,A,F,,,P1D,,E,,,,,,,,,,,,,,,Technical notes are available at the following link: https://www.ecb.europa.eu/stats/financial_markets_and_interest_rates/euro_area_yield_curves/shared/pdf/technical_notes.pdf,,6,,,AAA yield curve - 10-year spot rate,"Euro area (changing composition) - Government bond, nominal, all issuers whose rating is triple A - Svensson model - continuous compounding - yield error minimisation - Yield curve spot rate, 10-year maturity",PCPA,0
YC.B.U2.EUR.4F.G_N_A.SV_C_YM.SR_10Y,B,U2,EUR,4F,G_N_A,SV_C_YM,SR_10Y,2023-06-16,2.5521340864,A,F,,,P1D,,E,,,,,,,,,,,,,,,Technical notes are available at the following link: https://www.ecb.europa.eu/stats/financial_markets_and_interest_rates/euro_area_yield_curves/shared/pdf/technical_notes.pdf,,6,,,AAA yield curve - 10-year spot rate,"Euro area (changing composition) - Government bond, nominal, all issuers whose rating is triple A - Svensson model - continuous compounding - yield error minimisation - Yield curve spot rate, 10-year maturity",PCPA,0
YC.B.U2.EUR.4F.G_N_A.SV_C_YM.SR_10Y,B,U2,EUR,4F,G_N_A,SV_C_YM,SR_10Y,2023-06-19,2.589633066,A,F,,,P1D,,E,,,,,,,,,,,,,,,Technical notes are available at the following link: https://www.ecb.europa.eu/stats/financial_markets_and_interest_rates/euro_area_yield_curves/shared/pdf/technical_notes.pdf,,6,,,AAA yield curve - 10-year spot rate,"Euro area (changing composition) - Government bond, nominal, all issuers whose rating is triple A - Svensson model - continuous compounding - yield error minimisation - Yield curve spot rate, 10-year maturity",PCPA,0
YC.B.U2.EUR.4F.G_N_A.SV_C_YM.SR_10Y,B,U2,EUR,4F,G_N_A,SV_C_YM,SR_10Y,2023-06-20,2.506030618,A,F,,,P1D,,E,,,,,,,,,,,,,,,Technical notes are available at the following link: https://www.ecb.europa.eu/stats/financial_markets_and_interest_rates/euro_area_yield_curves/shared/pdf/technical_notes.pdf,,6,,,AAA yield curve - 10-year spot rate,"Euro area (changing composition) - Government bond, nominal, all issuers whose rating is triple A - Svensson model - continuous compounding - yield error minimisation - Yield curve spot rate, 10-year maturity",PCPA,0
YC.B.U2.EUR.4F.G_N_A.SV_C_YM.SR_10Y,B,U2,EUR,4F,G_N_A,SV_C_YM,SR_10Y,2023-06-21,2.5167563336,A,F,,,P1D,,E,,,,,,,,,,,,,,,Technical notes are available at the following link: https://www.ecb.europa.eu/stats/financial_markets_and_interest_rates/euro_area_yield_curves/shared/pdf/technical_notes.pdf,,6,,,AAA yield curve - 10-year spot rate,"Euro area (changing composition) - Government bond, nominal, all issuers whose rating is triple A - Svensson model - continuous compounding - yield error minimisation - Yield curve spot rate, 10-year maturity",PCPA,0
YC.B.U2.EUR.4F.G_N_A.SV_C_YM.SR_10Y,B,U2,EUR,4F,G_N_A,SV_C_YM,SR_10Y,2023-06-22,2.5519367845,A,F,,,P1D,,E,,,,,,,,,,,,,,,Technical notes are available at the following link: https://www.ecb.europa.eu/stats/financial_markets_and_interest_rates/euro_area_yield_curves/shared/pdf/technical_notes.pdf,,6,,,AAA yield curve - 10-year spot rate,"Euro area (changing composition) - Government bond, nominal, all issuers whose rating is triple A - Svensson model - continuous compounding - yield error minimisation - Yield curve spot rate, 10-year maturity",PCPA,0
YC.B.U2.EUR.4F.G_N_A.SV_C_YM.SR_10Y,B,U2,EUR,4F,G_N_A,SV_C_YM,SR_10Y,2023-06-23,2.4134357814,A,F,,,P1D,,E,,,,,,,,,,,,,,,Technical notes are available at the following link: https://www.ecb.europa.eu/stats/financial_markets_and_interest_rates/euro_area_yield_curves/shared/pdf/technical_notes.pdf,,6,,,AAA yield curve - 10-year spot rate,"Euro area (changing composition) - Government bond, nominal, all issuers whose rating is triple A - Svensson model - continuous compounding - yield error minimisation - Yield curve spot rate, 10-year maturity",PCPA,0
YC.B.U2.EUR.4F.G_N_A.SV_C_YM.SR_10Y,B,U2,EUR,4F,G_N_A,SV_C_YM,SR_10Y,2023-06-26,2.4126217121,A,F,,,P1D,,E,,,,,,,,,,,,,,,Technical notes are available at the following link: https://www.ecb.europa.eu/stats/financial_markets_and_interest_rates/euro_area_yield_curves/shared/pdf/technical_notes.pdf,,6,,,AAA yield curve - 10-year spot rate,"Euro area (changing composition) - Government bond, nominal, all issuers whose rating is triple A - Svensson model - continuous compounding - yield error minimisation - Yield curve spot rate, 10-year maturity",PCPA,0
YC.B.U2.EUR.4F.G_N_A.SV_C_YM.SR_10Y,B,U2,EUR,4F,G_N_A,SV_C_YM,SR_10Y,2023-06-27,2.3751722746,A,F,,,P1D,,E,,,,,,,,,,,,,,,Technical notes are available at the following link: https://www.ecb.europa.eu/stats/financial_markets_and_interest_rates/euro_area_yield_curves/shared/pdf/technical_notes.pdf,,6,,,AAA yield curve - 10-year spot rate,"Euro area (changing composition) - Government bond, nominal, all issuers whose rating is triple A - Svensson model - continuous compounding - yield error minimisation - Yield curve spot rate, 10-year maturity",PCPA,0
YC.B.U2.EUR.4F.G_N_A.SV_C_YM.SR_10Y,B,U2,EUR,4F,G_N_A,SV_C_YM,SR_10Y,2023-06-28,2.4030967939,A,F,,,P1D,,E,,,,,,,,,,,,,,,Technical notes are available at the following link: https://www.ecb.europa.eu/stats/financial_markets_and_interest_rates/euro_area_yield_curves/shared/pdf/technical_notes.pdf,,6,,,AAA yield curve - 10-year spot rate,"Euro area (changing composition) - Government bond, nominal, all issuers whose rating is triple A - Svensson model - continuous compounding - yield error minimisation - Yield curve spot rate, 10-year maturity",PCPA,0
YC.B.U2.EUR.4F.G_N_A.SV_C_YM.SR_10Y,B,U2,EUR,4F,G_N_A,SV_C_YM,SR_10Y,2023-06-29,2.4574849868,A,F,,,P1D,,E,,,,,,,,,,,,,,,Technical notes are available at the following link: https://www.ecb.europa.eu/stats/financial_markets_and_interest_rates/euro_area_yield_curves/shared/pdf/technical_notes.pdf,,6,,,AAA yield curve - 10-year spot rate,"Euro area (changing composition) - Government bond, nominal, all issuers whose rating is triple A - Svensson model - continuous compounding - yield error minimisation - Yield curve spot rate, 10-year maturity",PCPA,0
YC.B.U2.EUR.4F.G_N_A.SV_C_YM.SR_10Y,B,U2,EUR,4F,G_N_A,SV_C_YM,SR_10Y,2023-06-30,2.5070983224,A,F,,,P1D,,E,,,,,,,,,,,,,,,Technical notes are available at the following link: https://www.ecb.europa.eu/stats/financial_markets_and_interest_rates/euro_area_yield_curves/shared/pdf/technical_notes.pdf,,6,,,AAA yield curve - 10-year spot rate,"Euro area (changing composition) - Government bond, nominal, all issuers whose rating is triple A - Svensson model - continuous compounding - yield error minimisation - Yield curve spot rate, 10-year maturity",PCPA,0
YC.B.U2.EUR.4F.G_N_A.SV_C_YM.SR_10Y,B,U2,EUR,4F,G_N_A,SV_C_YM,SR_10Y,2023-07-03,2.4839268966,A,F,,,P1D,,E,,,,,,,,,,,,,,,Technical notes are available at the following link: https://www.ecb.europa.eu/stats/financial_markets_and_interest_rates/euro_area_yield_curves/shared/pdf/technical_notes.pdf,,6,,,AAA yield curve - 10-year spot rate,"Euro area (changing composition) - Government bond, nominal, all issuers whose rating is triple A - Svensson model - continuous compounding - yield error minimisation - Yield curve spot rate, 10-year maturity",PCPA,0
YC.B.U2.EUR.4F.G_N_A.SV_C_YM.SR_10Y,B,U2,EUR,4F,G_N_A,SV_C_YM,SR_10Y,2023-07-04,2.5098375535,A,F,,,P1D,,E,,,,,,,,,,,,,,,Technical notes are available at the following link: https://www.ecb.europa.eu/stats/financial_markets_and_interest_rates/euro_area_yield_curves/shared/pdf/technical_notes.pdf,,6,,,AAA yield curve - 10-year spot rate,"Euro area (changing composition) - Government bond, nominal, all issuers whose rating is triple A - Svensson model - continuous compounding - yield error minimisation - Yield curve spot rate, 10-year maturity",PCPA,0
YC.B.U2.EUR.4F.G_N_A.SV_C_YM.SR_10Y,B,U2,EUR,4F,G_N_A,SV_C_YM,SR_10Y,2023-07-05,2.5176156948,A,F,,,P1D,,E,,,,,,,,,,,,,,,Technical notes are available at the following link: https://www.ecb.europa.eu/stats/financial_markets_and_interest_rates/euro_area_yield_curves/shared/pdf/technical_notes.pdf,,6,,,AAA yield curve - 10-year spot rate,"Euro area (changing composition) - Government bond, nominal, all issuers whose rating is triple A - Svensson model - continuous compounding - yield error minimisation - Yield curve spot rate, 10-year maturity",PCPA,0
YC.B.U2.EUR.4F.G_N_A.SV_C_YM.SR_10Y,B,U2,EUR,4F,G_N_A,SV_C_YM,SR_10Y,2023-07-06,2.647373604,A,F,,,P1D,,E,,,,,,,,,,,,,,,Technical notes are available at the following link: https://www.ecb.europa.eu/stats/financial_markets_and_interest_rates/euro_area_yield_curves/shared/pdf/technical_notes.pdf,,6,,,AAA yield curve - 10-year spot rate,"Euro area (changing composition) - Government bond, nominal, all issuers whose rating is triple A - Svensson model - continuous compounding - yield error minimisation - Yield curve spot rate, 10-year maturity",PCPA,0
YC.B.U2.EUR.4F.G_N_A.SV_C_YM.SR_10Y,B,U2,EUR,4F,G_N_A,SV_C_YM,SR_10Y,2023-07-07,2.6907802965,A,F,,,P1D,,E,,,,,,,,,,,,,,,Technical notes are available at the following link: https://www.ecb.europa.eu/stats/financial_markets_and_interest_rates/euro_area_yield_curves/shared/pdf/technical_notes.pdf,,6,,,AAA yield curve - 10-year spot rate,"Euro area (changing composition) - Government bond, nominal, all issuers whose rating is triple A - Svensson model - continuous compounding - yield error minimisation - Yield curve spot rate, 10-year maturity",PCPA,0
YC.B.U2.EUR.4F.G_N_A.SV_C_YM.SR_10Y,B,U2,EUR,4F,G_N_A,SV_C_YM,SR_10Y,2023-07-10,2.7256122133,A,F,,,P1D,,E,,,,,,,,,,,,,,,Technical notes are available at the following link: https://www.ecb.europa.eu/stats/financial_markets_and_interest_rates/euro_area_yield_curves/shared/pdf/technical_notes.pdf,,6,,,AAA yield curve - 10-year spot rate,"Euro area (changing composition) - Government bond, nominal, all issuers whose rating is triple A - Svensson model - continuous compounding - yield error minimisation - Yield curve spot rate, 10-year maturity",PCPA,0
YC.B.U2.EUR.4F.G_N_A.SV_C_YM.SR_10Y,B,U2,EUR,4F,G_N_A,SV_C_YM,SR_10Y,2023-07-11,2.7318971902,A,F,,,P1D,,E,,,,,,,,,,,,,,,Technical notes are available at the following link: https://www.ecb.europa.eu/stats/financial_markets_and_interest_rates/euro_area_yield_curves/shared/pdf/technical_notes.pdf,,6,,,AAA yield curve - 10-year spot rate,"Euro area (changing composition) - Government bond, nominal, all issuers whose rating is triple A - Svensson model - continuous compounding - yield error minimisation - Yield curve spot rate, 10-year maturity",PCPA,0
YC.B.U2.EUR.4F.G_N_A.SV_C_YM.SR_10Y,B,U2,EUR,4F,G_N_A,SV_C_YM,SR_10Y,2023-07-12,2.6826236171,A,F,,,P1D,,E,,,,,,,,,,,,,,,Technical notes are available at the following link: https://www.ecb.europa.eu/stats/financial_markets_and_interest_rates/euro_area_yield_curves/shared/pdf/technical_notes.pdf,,6,,,AAA yield curve - 10-year spot rate,"Euro area (changing composition) - Government bond, nominal, all issuers whose rating is triple A - Svensson model - continuous compounding - yield error minimisation - Yield curve spot rate, 10-year maturity",PCPA,0
YC.B.U2.EUR.4F.G_N_A.SV_C_YM.SR_10Y,B,U2,EUR,4F,G_N_A,SV_C_YM,SR_10Y,2023-07-13,2.5723437997,A,F,,,P1D,,E,,,,,,,,,,,,,,,Technical notes are available at the following link: https://www.ecb.europa.eu/stats/financial_markets_and_interest_rates/euro_area_yield_curves/shared/pdf/technical_notes.pdf,,6,,,AAA yield curve - 10-year spot rate,"Euro area (changing composition) - Government bond, nominal, all issuers whose rating is triple A - Svensson model - continuous compounding - yield error minimisation - Yield curve spot rate, 10-year maturity",PCPA,0
YC.B.U2.EUR.4F.G_N_A.SV_C_YM.SR_10Y,B,U2,EUR,4F,G_N_A,SV_C_YM,SR_10Y,2023-07-14,2.5263080146,A,F,,,P1D,,E,,,,,,,,,,,,,,,Technical notes are available at the following link: https://www.ecb.europa.eu/stats/financial_markets_and_interest_rates/euro_area_yield_curves/shared/pdf/technical_notes.pdf,,6,,,AAA yield curve - 10-year spot rate,"Euro area (changing composition) - Government bond, nominal, all issuers whose rating is triple A - Svensson model - continuous compounding - yield error minimisation - Yield curve spot rate, 10-year maturity",PCPA,0
YC.B.U2.EUR.4F.G_N_A.SV_C_YM.SR_10Y,B,U2,EUR,4F,G_N_A,SV_C_YM,SR_10Y,2023-07-17,2.5379481465,A,F,,,P1D,,E,,,,,,,,,,,,,,,Technical notes are available at the following link: https://www.ecb.europa.eu/stats/financial_markets_and_interest_rates/euro_area_yield_curves/shared/pdf/technical_notes.pdf,,6,,,AAA yield curve - 10-year spot rate,"Euro area (changing composition) - Government bond, nominal, all issuers whose rating is triple A - Svensson model - continuous compounding - yield error minimisation - Yield curve spot rate, 10-year maturity",PCPA,0
YC.B.U2.EUR.4F.G_N_A.SV_C_YM.SR_10Y,B,U2,EUR,4F,G_N_A,SV_C_YM,SR_10Y,2023-07-18,2.4392947598,A,F,,,P1D,,E,,,,,,,,,,,,,,,Technical notes are available at the following link: https://www.ecb.europa.eu/stats/financial_markets_and_interest_rates/euro_area_yield_curves/shared/pdf/technical_notes.pdf,,6,,,AAA yield curve - 10-year spot rate,"Euro area (changing composition) - Government bond, nominal, all issuers whose rating is triple A - Svensson model - continuous compounding - yield error minimisation - Yield curve spot rate, 10-year maturity",PCPA,0
YC.B.U2.EUR.4F.G_N_A.SV_C_YM.SR_10Y,B,U2,EUR,4F,G_N_A,SV_C_YM,SR_10Y,2023-07-19,2.4601343081,A,F,,,P1D,,E,,,,,,,,,,,,,,,Technical notes are available at the following link: https://www.ecb.europa.eu/stats/financial_markets_and_interest_rates/euro_area_yield_curves/shared/pdf/technical_notes.pdf,,6,,,AAA yield curve - 10-year spot rate,"Euro area (changing composition) - Government bond, nominal, all issuers whose rating is triple A - Svensson model - continuous compounding - yield error minimisation - Yield curve spot rate, 10-year maturity",PCPA,0
YC.B.U2.EUR.4F.G_N_A.SV_C_YM.SR_10Y,B,U2,EUR,4F,G_N_A,SV_C_YM,SR_10Y,2023-07-20,2.5317575206,A,F,,,P1D,,E,,,,,,,,,,,,,,,Technical notes are available at the following link: https://www.ecb.europa.eu/stats/financial_markets_and_interest_rates/euro_area_yield_curves/shared/pdf/technical_notes.pdf,,6,,,AAA yield curve - 10-year spot rate,"Euro area (changing composition) - Government bond, nominal, all issuers whose rating is triple A - Svensson model - continuous compounding - yield error minimisation - Yield curve spot rate, 10-year maturity",PCPA,0
YC.B.U2.EUR.4F.G_N_A.SV_C_YM.SR_10Y,B,U2,EUR,4F,G_N_A,SV_C_YM,SR_10Y,2023-07-21,2.5046864024,A,F,,,P1D,,E,,,,,,,,,,,,,,,Technical notes are available at the following link: https://www.ecb.europa.eu/stats/financial_markets_and_interest_rates/euro_area_yield_curves/shared/pdf/technical_notes.pdf,,6,,,AAA yield curve - 10-year spot rate,"Euro area (changing composition) - Government bond, nominal, all issuers whose rating is triple A - Svensson model - continuous compounding - yield error minimisation - Yield curve spot rate, 10-year maturity",PCPA,0
YC.B.U2.EUR.4F.G_N_A.SV_C_YM.SR_10Y,B,U2,EUR,4F,G_N_A,SV_C_YM,SR_10Y,2023-07-24,2.5058932842,A,F,,,P1D,,E,,,,,,,,,,,,,,,Technical notes are available at the following link: https://www.ecb.europa.eu/stats/financial_markets_and_interest_rates/euro_area_yield_curves/shared/pdf/technical_notes.pdf,,6,,,AAA yield curve - 10-year spot rate,"Euro area (changing composition) - Government bond, nominal, all issuers whose rating is triple A - Svensson model - continuous compounding - yield error minimisation - Yield curve spot rate, 10-year maturity",PCPA,0
YC.B.U2.EUR.4F.G_N_A.SV_C_YM.SR_10Y,B,U2,EUR,4F,G_N_A,SV_C_YM,SR_10Y,2023-07-25,2.4953210537,A,F,,,P1D,,E,,,,,,,,,,,,,,,Technical notes are available at the following link: https://www.ecb.europa.eu/stats/financial_markets_and_interest_rates/euro_area_yield_curves/shared/pdf/technical_notes.pdf,,6,,,AAA yield curve - 10-year spot rate,"Euro area (changing composition) - Government bond, nominal, all issuers whose rating is triple A - Svensson model - continuous compounding - yield error minimisation - Yield curve spot rate, 10-year maturity",PCPA,0
YC.B.U2.EUR.4F.G_N_A.SV_C_YM.SR_10Y,B,U2,EUR,4F,G_N_A,SV_C_YM,SR_10Y,2023-07-26,2.532469516,A,F,,,P1D,,E,,,,,,,,,,,,,,,Technical notes are available at the following link: https://www.ecb.europa.eu/stats/financial_markets_and_interest_rates/euro_area_yield_curves/shared/pdf/technical_notes.pdf,,6,,,AAA yield curve - 10-year spot rate,"Euro area (changing composition) - Government bond, nominal, all issuers whose rating is triple A - Svensson model - continuous compounding - yield error minimisation - Yield curve spot rate, 10-year maturity",PCPA,0
YC.B.U2.EUR.4F.G_N_A.SV_C_YM.SR_10Y,B,U2,EUR,4F,G_N_A,SV_C_YM,SR_10Y,2023-07-27,2.4930874937,A,F,,,P1D,,E,,,,,,,,,,,,,,,Technical notes are available at the following link: https://www.ecb.europa.eu/stats/financial_markets_and_interest_rates/euro_area_yield_curves/shared/pdf/technical_notes.pdf,,6,,,AAA yield curve - 10-year spot rate,"Euro area (changing composition) - Government bond, nominal, all issuers whose rating is triple A - Svensson model - continuous compounding - yield error minimisation - Yield curve spot rate, 10-year maturity",PCPA,0
YC.B.U2.EUR.4F.G_N_A.SV_C_YM.SR_10Y,B,U2,EUR,4F,G_N_A,SV_C_YM,SR_10Y,2023-07-28,2.5420333973,A,F,,,P1D,,E,,,,,,,,,,,,,,,Technical notes are available at the following link: https://www.ecb.europa.eu/stats/financial_markets_and_interest_rates/euro_area_yield_curves/shared/pdf/technical_notes.pdf,,6,,,AAA yield curve - 10-year spot rate,"Euro area (changing composition) - Government bond, nominal, all issuers whose rating is triple A - Svensson model - continuous compounding - yield error minimisation - Yield curve spot rate, 10-year maturity",PCPA,0
YC.B.U2.EUR.4F.G_N_A.SV_C_YM.SR_10Y,B,U2,EUR,4F,G_N_A,SV_C_YM,SR_10Y,2023-07-31,2.5434072241,A,F,,,P1D,,E,,,,,,,,,,,,,,,Technical notes are available at the following link: https://www.ecb.europa.eu/stats/financial_markets_and_interest_rates/euro_area_yield_curves/shared/pdf/technical_notes.pdf,,6,,,AAA yield curve - 10-year spot rate,"Euro area (changing composition) - Government bond, nominal, all issuers whose rating is triple A - Svensson model - continuous compounding - yield error minimisation - Yield curve spot rate, 10-year maturity",PCPA,0
YC.B.U2.EUR.4F.G_N_A.SV_C_YM.SR_10Y,B,U2,EUR,4F,G_N_A,SV_C_YM,SR_10Y,2023-08-01,2.5450256148,A,F,,,P1D,,E,,,,,,,,,,,,,,,Technical notes are available at the following link: https://www.ecb.europa.eu/stats/financial_markets_and_interest_rates/euro_area_yield_curves/shared/pdf/technical_notes.pdf,,6,,,AAA yield curve - 10-year spot rate,"Euro area (changing composition) - Government bond, nominal, all issuers whose rating is triple A - Svensson model - continuous compounding - yield error minimisation - Yield curve spot rate, 10-year maturity",PCPA,0
YC.B.U2.EUR.4F.G_N_A.SV_C_YM.SR_10Y,B,U2,EUR,4F,G_N_A,SV_C_YM,SR_10Y,2023-08-02,2.5697675859,A,F,,,P1D,,E,,,,,,,,,,,,,,,Technical notes are available at the following link: https://www.ecb.europa.eu/stats/financial_markets_and_interest_rates/euro_area_yield_curves/shared/pdf/technical_notes.pdf,,6,,,AAA yield curve - 10-year spot rate,"Euro area (changing composition) - Government bond, nominal, all issuers whose rating is triple A - Svensson model - continuous compounding - yield error minimisation - Yield curve spot rate, 10-year maturity",PCPA,0
YC.B.U2.EUR.4F.G_N_A.SV_C_YM.SR_10Y,B,U2,EUR,4F,G_N_A,SV_C_YM,SR_10Y,2023-08-03,2.6633518519,A,F,,,P1D,,E,,,,,,,,,,,,,,,Technical notes are available at the following link: https://www.ecb.europa.eu/stats/financial_markets_and_interest_rates/euro_area_yield_curves/shared/pdf/technical_notes.pdf,,6,,,AAA yield curve - 10-year spot rate,"Euro area (changing composition) - Government bond, nominal, all issuers whose rating is triple A - Svensson model - continuous compounding - yield error minimisation - Yield curve spot rate, 10-year maturity",PCPA,0
YC.B.U2.EUR.4F.G_N_A.SV_C_YM.SR_10Y,B,U2,EUR,4F,G_N_A,SV_C_YM,SR_10Y,2023-08-04,2.663754606,A,F,,,P1D,,E,,,,,,,,,,,,,,,Technical notes are available at the following link: https://www.ecb.europa.eu/stats/financial_markets_and_interest_rates/euro_area_yield_curves/shared/pdf/technical_notes.pdf,,6,,,AAA yield curve - 10-year spot rate,"Euro area (changing composition) - Government bond, nominal, all issuers whose rating is triple A - Svensson model - continuous compounding - yield error minimisation - Yield curve spot rate, 10-year maturity",PCPA,0
YC.B.U2.EUR.4F.G_N_A.SV_C_YM.SR_10Y,B,U2,EUR,4F,G_N_A,SV_C_YM,SR_10Y,2023-08-07,2.6592784724,A,F,,,P1D,,E,,,,,,,,,,,,,,,Technical notes are available at the following link: https://www.ecb.europa.eu/stats/financial_markets_and_interest_rates/euro_area_yield_curves/shared/pdf/technical_notes.pdf,,6,,,AAA yield curve - 10-year spot rate,"Euro area (changing composition) - Government bond, nominal, all issuers whose rating is triple A - Svensson model - continuous compounding - yield error minimisation - Yield curve spot rate, 10-year maturity",PCPA,0
YC.B.U2.EUR.4F.G_N_A.SV_C_YM.SR_10Y,B,U2,EUR,4F,G_N_A,SV_C_YM,SR_10Y,2023-08-08,2.5236080032,A,F,,,P1D,,E,,,,,,,,,,,,,,,Technical notes are available at the following link: https://www.ecb.europa.eu/stats/financial_markets_and_interest_rates/euro_area_yield_curves/shared/pdf/technical_notes.pdf,,6,,,AAA yield curve - 10-year spot rate,"Euro area (changing composition) - Government bond, nominal, all issuers whose rating is triple A - Svensson model - continuous compounding - yield error minimisation - Yield curve spot rate, 10-year maturity",PCPA,0
YC.B.U2.EUR.4F.G_N_A.SV_C_YM.SR_10Y,B,U2,EUR,4F,G_N_A,SV_C_YM,SR_10Y,2023-08-09,2.5678933482,A,F,,,P1D,,E,,,,,,,,,,,,,,,Technical notes are available at the following link: https://www.ecb.europa.eu/stats/financial_markets_and_interest_rates/euro_area_yield_curves/shared/pdf/technical_notes.pdf,,6,,,AAA yield curve - 10-year spot rate,"Euro area (changing composition) - Government bond, nominal, all issuers whose rating is triple A - Svensson model - continuous compounding - yield error minimisation - Yield curve spot rate, 10-year maturity",PCPA,0
YC.B.U2.EUR.4F.G_N_A.SV_C_YM.SR_10Y,B,U2,EUR,4F,G_N_A,SV_C_YM,SR_10Y,2023-08-10,2.5782225133,A,F,,,P1D,,E,,,,,,,,,,,,,,,Technical notes are available at the following link: https://www.ecb.europa.eu/stats/financial_markets_and_interest_rates/euro_area_yield_curves/shared/pdf/technical_notes.pdf,,6,,,AAA yield curve - 10-year spot rate,"Euro area (changing composition) - Government bond, nominal, all issuers whose rating is triple A - Svensson model - continuous compounding - yield error minimisation - Yield curve spot rate, 10-year maturity",PCPA,0
YC.B.U2.EUR.4F.G_N_A.SV_C_YM.SR_10Y,B,U2,EUR,4F,G_N_A,SV_C_YM,SR_10Y,2023-08-11,2.6884603794,A,F,,,P1D,,E,,,,,,,,,,,,,,,Technical notes are available at the following link: https://www.ecb.europa.eu/stats/financial_markets_and_interest_rates/euro_area_yield_curves/shared/pdf/technical_notes.pdf,,6,,,AAA yield curve - 10-year spot rate,"Euro area (changing composition) - Government bond, nominal, all issuers whose rating is triple A - Svensson model - continuous compounding - yield error minimisation - Yield curve spot rate, 10-year maturity",PCPA,0
YC.B.U2.EUR.4F.G_N_A.SV_C_YM.SR_10Y,B,U2,EUR,4F,G_N_A,SV_C_YM,SR_10Y,2023-08-14,2.6924764114,A,F,,,P1D,,E,,,,,,,,,,,,,,,Technical notes are available at the following link: https://www.ecb.europa.eu/stats/financial_markets_and_interest_rates/euro_area_yield_curves/shared/pdf/technical_notes.pdf,,6,,,AAA yield curve - 10-year spot rate,"Euro area (changing composition) - Government bond, nominal, all issuers whose rating is triple A - Svensson model - continuous compounding - yield error minimisation - Yield curve spot rate, 10-year maturity",PCPA,0
YC.B.U2.EUR.4F.G_N_A.SV_C_YM.SR_10Y,B,U2,EUR,4F,G_N_A,SV_C_YM,SR_10Y,2023-08-15,2.7492159061,A,F,,,P1D,,E,,,,,,,,,,,,,,,Technical notes are available at the following link: https://www.ecb.europa.eu/stats/financial_markets_and_interest_rates/euro_area_yield_curves/shared/pdf/technical_notes.pdf,,6,,,AAA yield curve - 10-year spot rate,"Euro area (changing composition) - Government bond, nominal, all issuers whose rating is triple A - Svensson model - continuous compounding - yield error minimisation - Yield curve spot rate, 10-year maturity",PCPA,0
YC.B.U2.EUR.4F.G_N_A.SV_C_YM.SR_10Y,B,U2,EUR,4F,G_N_A,SV_C_YM,SR_10Y,2023-08-16,2.7263347302,A,F,,,P1D,,E,,,,,,,,,,,,,,,Technical notes are available at the following link: https://www.ecb.europa.eu/stats/financial_markets_and_interest_rates/euro_area_yield_curves/shared/pdf/technical_notes.pdf,,6,,,AAA yield curve - 10-year spot rate,"Euro area (changing composition) - Government bond, nominal, all issuers whose rating is triple A - Svensson model - continuous compounding - yield error minimisation - Yield curve spot rate, 10-year maturity",PCPA,0
YC.B.U2.EUR.4F.G_N_A.SV_C_YM.SR_10Y,B,U2,EUR,4F,G_N_A,SV_C_YM,SR_10Y,2023-08-17,2.7599443482,A,F,,,P1D,,E,,,,,,,,,,,,,,,Technical notes are available at the following link: https://www.ecb.europa.eu/stats/financial_markets_and_interest_rates/euro_area_yield_curves/shared/pdf/technical_notes.pdf,,6,,,AAA yield curve - 10-year spot rate,"Euro area (changing composition) - Government bond, nominal, all issuers whose rating is triple A - Svensson model - continuous compounding - yield error minimisation - Yield curve spot rate, 10-year maturity",PCPA,0
YC.B.U2.EUR.4F.G_N_A.SV_C_YM.SR_10Y,B,U2,EUR,4F,G_N_A,SV_C_YM,SR_10Y,2023-08-18,2.7153016552,A,F,,,P1D,,E,,,,,,,,,,,,,,,Technical notes are available at the following link: https://www.ecb.europa.eu/stats/financial_markets_and_interest_rates/euro_area_yield_curves/shared/pdf/technical_notes.pdf,,6,,,AAA yield curve - 10-year spot rate,"Euro area (changing composition) - Government bond, nominal, all issuers whose rating is triple A - Svensson model - continuous compounding - yield error minimisation - Yield curve spot rate, 10-year maturity",PCPA,0
YC.B.U2.EUR.4F.G_N_A.SV_C_YM.SR_10Y,B,U2,EUR,4F,G_N_A,SV_C_YM,SR_10Y,2023-08-21,2.7498040078,A,F,,,P1D,,E,,,,,,,,,,,,,,,Technical notes are available at the following link: https://www.ecb.europa.eu/stats/financial_markets_and_interest_rates/euro_area_yield_curves/shared/pdf/technical_notes.pdf,,6,,,AAA yield curve - 10-year spot rate,"Euro area (changing composition) - Government bond, nominal, all issuers whose rating is triple A - Svensson model - continuous compounding - yield error minimisation - Yield curve spot rate, 10-year maturity",PCPA,0
YC.B.U2.EUR.4F.G_N_A.SV_C_YM.SR_10Y,B,U2,EUR,4F,G_N_A,SV_C_YM,SR_10Y,2023-08-22,2.7348478192,A,F,,,P1D,,E,,,,,,,,,,,,,,,Technical notes are available at the following link: https://www.ecb.europa.eu/stats/financial_markets_and_interest_rates/euro_area_yield_curves/shared/pdf/technical_notes.pdf,,6,,,AAA yield curve - 10-year spot rate,"Euro area (changing composition) - Government bond, nominal, all issuers whose rating is triple A - Svensson model - continuous compounding - yield error minimisation - Yield curve spot rate, 10-year maturity",PCPA,0
YC.B.U2.EUR.4F.G_N_A.SV_C_YM.SR_10Y,B,U2,EUR,4F,G_N_A,SV_C_YM,SR_10Y,2023-08-23,2.5961695834,A,F,,,P1D,,E,,,,,,,,,,,,,,,Technical notes are available at the following link: https://www.ecb.europa.eu/stats/financial_markets_and_interest_rates/euro_area_yield_curves/shared/pdf/technical_notes.pdf,,6,,,AAA yield curve - 10-year spot rate,"Euro area (changing composition) - Government bond, nominal, all issuers whose rating is triple A - Svensson model - continuous compounding - yield error minimisation - Yield curve spot rate, 10-year maturity",PCPA,0
YC.B.U2.EUR.4F.G_N_A.SV_C_YM.SR_10Y,B,U2,EUR,4F,G_N_A,SV_C_YM,SR_10Y,2023-08-24,2.6010297109,A,F,,,P1D,,E,,,,,,,,,,,,,,,Technical notes are available at the following link: https://www.ecb.europa.eu/stats/financial_markets_and_interest_rates/euro_area_yield_curves/shared/pdf/technical_notes.pdf,,6,,,AAA yield curve - 10-year spot rate,"Euro area (changing composition) - Government bond, nominal, all issuers whose rating is triple A - Svensson model - continuous compounding - yield error minimisation - Yield curve spot rate, 10-year maturity",PCPA,0
YC.B.U2.EUR.4F.G_N_A.SV_C_YM.SR_10Y,B,U2,EUR,4F,G_N_A,SV_C_YM,SR_10Y,2023-08-25,2.6219908077,A,F,,,P1D,,E,,,,,,,,,,,,,,,Technical notes are available at the following link: https://www.ecb.europa.eu/stats/financial_markets_and_interest_rates/euro_area_yield_curves/shared/pdf/technical_notes.pdf,,6,,,AAA yield curve - 10-year spot rate,"Euro area (changing composition) - Government bond, nominal, all issuers whose rating is triple A - Svensson model - continuous compounding - yield error minimisation - Yield curve spot rate, 10-year maturity",PCPA,0
YC.B.U2.EUR.4F.G_N_A.SV_C_YM.SR_10Y,B,U2,EUR,4F,G_N_A,SV_C_YM,SR_10Y,2023-08-28,2.6346870167,A,F,,,P1D,,E,,,,,,,,,,,,,,,Technical notes are available at the following link: https://www.ecb.europa.eu/stats/financial_markets_and_interest_rates/euro_area_yield_curves/shared/pdf/technical_notes.pdf,,6,,,AAA yield curve - 10-year spot rate,"Euro area (changing composition) - Government bond, nominal, all issuers whose rating is triple A - Svensson model - continuous compounding - yield error minimisation - Yield curve spot rate, 10-year maturity",PCPA,0
YC.B.U2.EUR.4F.G_N_A.SV_C_YM.SR_10Y,B,U2,EUR,4F,G_N_A,SV_C_YM,SR_10Y,2023-08-29,2.6397873111,A,F,,,P1D,,E,,,,,,,,,,,,,,,Technical notes are available at the following link: https://www.ecb.europa.eu/stats/financial_markets_and_interest_rates/euro_area_yield_curves/shared/pdf/technical_notes.pdf,,6,,,AAA yield curve - 10-year spot rate,"Euro area (changing composition) - Government bond, nominal, all issuers whose rating is triple A - Svensson model - continuous compounding - yield error minimisation - Yield curve spot rate, 10-year maturity",PCPA,0
YC.B.U2.EUR.4F.G_N_A.SV_C_YM.SR_10Y,B,U2,EUR,4F,G_N_A,SV_C_YM,SR_10Y,2023-08-30,2.6075873919,A,F,,,P1D,,E,,,,,,,,,,,,,,,Technical notes are available at the following link: https://www.ecb.europa.eu/stats/financial_markets_and_interest_rates/euro_area_yield_curves/shared/pdf/technical_notes.pdf,,6,,,AAA yield curve - 10-year spot rate,"Euro area (changing composition) - Government bond, nominal, all issuers whose rating is triple A - Svensson model - continuous compounding - yield error minimisation - Yield curve spot rate, 10-year maturity",PCPA,0
YC.B.U2.EUR.4F.G_N_A.SV_C_YM.SR_10Y,B,U2,EUR,4F,G_N_A,SV_C_YM,SR_10Y,2023-08-31,2.5706069449,A,F,,,P1D,,E,,,,,,,,,,,,,,,Technical notes are available at the following link: https://www.ecb.europa.eu/stats/financial_markets_and_interest_rates/euro_area_yield_curves/shared/pdf/technical_notes.pdf,,6,,,AAA yield curve - 10-year spot rate,"Euro area (changing composition) - Government bond, nominal, all issuers whose rating is triple A - Svensson model - continuous compounding - yield error minimisation - Yield curve spot rate, 10-year maturity",PCPA,0
YC.B.U2.EUR.4F.G_N_A.SV_C_YM.SR_10Y,B,U2,EUR,4F,G_N_A,SV_C_YM,SR_10Y,2023-09-01,2.6278747898,A,F,,,P1D,,E,,,,,,,,,,,,,,,Technical notes are available at the following link: https://www.ecb.europa.eu/stats/financial_markets_and_interest_rates/euro_area_yield_curves/shared/pdf/technical_notes.pdf,,6,,,AAA yield curve - 10-year spot rate,"Euro area (changing composition) - Government bond, nominal, all issuers whose rating is triple A - Svensson model - continuous compounding - yield error minimisation - Yield curve spot rate, 10-year maturity",PCPA,0
YC.B.U2.EUR.4F.G_N_A.SV_C_YM.SR_10Y,B,U2,EUR,4F,G_N_A,SV_C_YM,SR_10Y,2023-09-04,2.6385322093,A,F,,,P1D,,E,,,,,,,,,,,,,,,Technical notes are available at the following link: https://www.ecb.europa.eu/stats/financial_markets_and_interest_rates/euro_area_yield_curves/shared/pdf/technical_notes.pdf,,6,,,AAA yield curve - 10-year spot rate,"Euro area (changing composition) - Government bond, nominal, all issuers whose rating is triple A - Svensson model - continuous compounding - yield error minimisation - Yield curve spot rate, 10-year maturity",PCPA,0
YC.B.U2.EUR.4F.G_N_A.SV_C_YM.SR_10Y,B,U2,EUR,4F,G_N_A,SV_C_YM,SR_10Y,2023-09-05,2.6680758478,A,F,,,P1D,,E,,,,,,,,,,,,,,,Technical notes are available at the following link: https://www.ecb.europa.eu/stats/financial_markets_and_interest_rates/euro_area_yield_curves/shared/pdf/technical_notes.pdf,,6,,,AAA yield curve - 10-year spot rate,"Euro area (changing composition) - Government bond, nominal, all issuers whose rating is triple A - Svensson model - continuous compounding - yield error minimisation - Yield curve spot rate, 10-year maturity",PCPA,0
YC.B.U2.EUR.4F.G_N_A.SV_C_YM.SR_10Y,B,U2,EUR,4F,G_N_A,SV_C_YM,SR_10Y,2023-09-06,2.6783721017,A,F,,,P1D,,E,,,,,,,,,,,,,,,Technical notes are available at the following link: https://www.ecb.europa.eu/stats/financial_markets_and_interest_rates/euro_area_yield_curves/shared/pdf/technical_notes.pdf,,6,,,AAA yield curve - 10-year spot rate,"Euro area (changing composition) - Government bond, nominal, all issuers whose rating is triple A - Svensson model - continuous compounding - yield error minimisation - Yield curve spot rate, 10-year maturity",PCPA,0
YC.B.U2.EUR.4F.G_N_A.SV_C_YM.SR_10Y,B,U2,EUR,4F,G_N_A,SV_C_YM,SR_10Y,2023-09-07,2.7128876583,A,F,,,P1D,,E,,,,,,,,,,,,,,,Technical notes are available at the following link: https://www.ecb.europa.eu/stats/financial_markets_and_interest_rates/euro_area_yield_curves/shared/pdf/technical_notes.pdf,,6,,,AAA yield curve - 10-year spot rate,"Euro area (changing composition) - Government bond, nominal, all issuers whose rating is triple A - Svensson model - continuous compounding - yield error minimisation - Yield curve spot rate, 10-year maturity",PCPA,0
YC.B.U2.EUR.4F.G_N_A.SV_C_YM.SR_10Y,B,U2,EUR,4F,G_N_A,SV_C_YM,SR_10Y,2023-09-08,2.684847041,A,F,,,P1D,,E,,,,,,,,,,,,,,,Technical notes are available at the following link: https://www.ecb.europa.eu/stats/financial_markets_and_interest_rates/euro_area_yield_curves/shared/pdf/technical_notes.pdf,,6,,,AAA yield curve - 10-year spot rate,"Euro area (changing composition) - Government bond, nominal, all issuers whose rating is triple A - Svensson model - continuous compounding - yield error minimisation - Yield curve spot rate, 10-year maturity",PCPA,0
YC.B.U2.EUR.4F.G_N_A.SV_C_YM.SR_10Y,B,U2,EUR,4F,G_N_A,SV_C_YM,SR_10Y,2023-09-11,2.6896912526,A,F,,,P1D,,E,,,,,,,,,,,,,,,Technical notes are available at the following link: https://www.ecb.europa.eu/stats/financial_markets_and_interest_rates/euro_area_yield_curves/shared/pdf/technical_notes.pdf,,6,,,AAA yield curve - 10-year spot rate,"Euro area (changing composition) - Government bond, nominal, all issuers whose rating is triple A - Svensson model - continuous compounding - yield error minimisation - Yield curve spot rate, 10-year maturity",PCPA,0
YC.B.U2.EUR.4F.G_N_A.SV_C_YM.SR_10Y,B,U2,EUR,4F,G_N_A,SV_C_YM,SR_10Y,2023-09-12,2.7011827426,A,F,,,P1D,,E,,,,,,,,,,,,,,,Technical notes are available at the following link: https://www.ecb.europa.eu/stats/financial_markets_and_interest_rates/euro_area_yield_curves/shared/pdf/technical_notes.pdf,,6,,,AAA yield curve - 10-year spot rate,"Euro area (changing composition) - Government bond, nominal, all issuers whose rating is triple A - Svensson model - continuous compounding - yield error minimisation - Yield curve spot rate, 10-year maturity",PCPA,0
YC.B.U2.EUR.4F.G_N_A.SV_C_YM.SR_10Y,B,U2,EUR,4F,G_N_A,SV_C_YM,SR_10Y,2023-09-13,2.7131078162,A,F,,,P1D,,E,,,,,,,,,,,,,,,Technical notes are available at the following link: https://www.ecb.europa.eu/stats/financial_markets_and_interest_rates/euro_area_yield_curves/shared/pdf/technical_notes.pdf,,6,,,AAA yield curve - 10-year spot rate,"Euro area (changing composition) - Government bond, nominal, all issuers whose rating is triple A - Svensson model - continuous compounding - yield error minimisation - Yield curve spot rate, 10-year maturity",PCPA,0
YC.B.U2.EUR.4F.G_N_A.SV_C_YM.SR_10Y,B,U2,EUR,4F,G_N_A,SV_C_YM,SR_10Y,2023-09-14,2.6842987583,A,F,,,P1D,,E,,,,,,,,,,,,,,,Technical notes are available at the following link: https://www.ecb.europa.eu/stats/financial_markets_and_interest_rates/euro_area_yield_curves/shared/pdf/technical_notes.pdf,,6,,,AAA yield curve - 10-year spot rate,"Euro area (changing composition) - Government bond, nominal, all issuers whose rating is triple A - Svensson model - continuous compounding - yield error minimisation - Yield curve spot rate, 10-year maturity",PCPA,0
YC.B.U2.EUR.4F.G_N_A.SV_C_YM.SR_10Y,B,U2,EUR,4F,G_N_A,SV_C_YM,SR_10Y,2023-09-15,2.7349477927,A,F,,,P1D,,E,,,,,,,,,,,,,,,Technical notes are available at the following link: https://www.ecb.europa.eu/stats/financial_markets_and_interest_rates/euro_area_yield_curves/shared/pdf/technical_notes.pdf,,6,,,AAA yield curve - 10-year spot rate,"Euro area (changing composition) - Government bond, nominal, all issuers whose rating is triple A - Svensson model - continuous compounding - yield error minimisation - Yield curve spot rate, 10-year maturity",PCPA,0
YC.B.U2.EUR.4F.G_N_A.SV_C_YM.SR_10Y,B,U2,EUR,4F,G_N_A,SV_C_YM,SR_10Y,2023-09-18,2.7881726159,A,F,,,P1D,,E,,,,,,,,,,,,,,,Technical notes are available at the following link: https://www.ecb.europa.eu/stats/financial_markets_and_interest_rates/euro_area_yield_curves/shared/pdf/technical_notes.pdf,,6,,,AAA yield curve - 10-year spot rate,"Euro area (changing composition) - Government bond, nominal, all issuers whose rating is triple A - Svensson model - continuous compounding - yield error minimisation - Yield curve spot rate, 10-year maturity",PCPA,0
YC.B.U2.EUR.4F.G_N_A.SV_C_YM.SR_10Y,B,U2,EUR,4F,G_N_A,SV_C_YM,SR_10Y,2023-09-19,2.8076747104,A,F,,,P1D,,E,,,,,,,,,,,,,,,Technical notes are available at the following link: https://www.ecb.europa.eu/stats/financial_markets_and_interest_rates/euro_area_yield_curves/shared/pdf/technical_notes.pdf,,6,,,AAA yield curve - 10-year spot rate,"Euro area (changing composition) - Government bond, nominal, all issuers whose rating is triple A - Svensson model - continuous compounding - yield error minimisation - Yield curve spot rate, 10-year maturity",PCPA,0
YC.B.U2.EUR.4F.G_N_A.SV_C_YM.SR_10Y,B,U2,EUR,4F,G_N_A,SV_C_YM,SR_10Y,2023-09-20,2.7657704991,A,F,,,P1D,,E,,,,,,,,,,,,,,,Technical notes are available at the following link: https://www.ecb.europa.eu/stats/financial_markets_and_interest_rates/euro_area_yield_curves/shared/pdf/technical_notes.pdf,,6,,,AAA yield curve - 10-year spot rate,"Euro area (changing composition) - Government bond, nominal, all issuers whose rating is triple A - Svensson model - continuous compounding - yield error minimisation - Yield curve spot rate, 10-year maturity",PCPA,0
YC.B.U2.EUR.4F.G_N_A.SV_C_YM.SR_10Y,B,U2,EUR,4F,G_N_A,SV_C_YM,SR_10Y,2023-09-21,2.8225524569,A,F,,,P1D,,E,,,,,,,,,,,,,,,Technical notes are available at the following link: https://www.ecb.europa.eu/stats/financial_markets_and_interest_rates/euro_area_yield_curves/shared/pdf/technical_notes.pdf,,6,,,AAA yield curve - 10-year spot rate,"Euro area (changing composition) - Government bond, nominal, all issuers whose rating is triple A - Svensson model - continuous compounding - yield error minimisation - Yield curve spot rate, 10-year maturity",PCPA,0
YC.B.U2.EUR.4F.G_N_A.SV_C_YM.SR_10Y,B,U2,EUR,4F,G_N_A,SV_C_YM,SR_10Y,2023-09-22,2.8196368903,A,F,,,P1D,,E,,,,,,,,,,,,,,,Technical notes are available at the following link: https://www.ecb.europa.eu/stats/financial_markets_and_interest_rates/euro_area_yield_curves/shared/pdf/technical_notes.pdf,,6,,,AAA yield curve - 10-year spot rate,"Euro area (changing composition) - Government bond, nominal, all issuers whose rating is triple A - Svensson model - continuous compounding - yield error minimisation - Yield curve spot rate, 10-year maturity",PCPA,0
YC.B.U2.EUR.4F.G_N_A.SV_C_YM.SR_10Y,B,U2,EUR,4F,G_N_A,SV_C_YM,SR_10Y,2023-09-25,2.8669855682,A,F,,,P1D,,E,,,,,,,,,,,,,,,Technical notes are available at the following link: https://www.ecb.europa.eu/stats/financial_markets_and_interest_rates/euro_area_yield_curves/shared/pdf/technical_notes.pdf,,6,,,AAA yield curve - 10-year spot rate,"Euro area (changing composition) - Government bond, nominal, all issuers whose rating is triple A - Svensson model - continuous compounding - yield error minimisation - Yield curve spot rate, 10-year maturity",PCPA,0
YC.B.U2.EUR.4F.G_N_A.SV_C_YM.SR_10Y,B,U2,EUR,4F,G_N_A,SV_C_YM,SR_10Y,2023-09-26,2.8708600458,A,F,,,P1D,,E,,,,,,,,,,,,,,,Technical notes are available at the following link: https://www.ecb.europa.eu/stats/financial_markets_and_interest_rates/euro_area_yield_curves/shared/pdf/technical_notes.pdf,,6,,,AAA yield curve - 10-year spot rate,"Euro area (changing composition) - Government bond, nominal, all issuers whose rating is triple A - Svensson model - continuous compounding - yield error minimisation - Yield curve spot rate, 10-year maturity",PCPA,0
YC.B.U2.EUR.4F.G_N_A.SV_C_YM.SR_10Y,B,U2,EUR,4F,G_N_A,SV_C_YM,SR_10Y,2023-09-27,2.8599938456,A,F,,,P1D,,E,,,,,,,,,,,,,,,Technical notes are available at the following link: https://www.ecb.europa.eu/stats/financial_markets_and_interest_rates/euro_area_yield_curves/shared/pdf/technical_notes.pdf,,6,,,AAA yield curve - 10-year spot rate,"Euro area (changing composition) - Government bond, nominal, all issuers whose rating is triple A - Svensson model - continuous compounding - yield error minimisation - Yield curve spot rate, 10-year maturity",PCPA,0
YC.B.U2.EUR.4F.G_N_A.SV_C_YM.SR_10Y,B,U2,EUR,4F,G_N_A,SV_C_YM,SR_10Y,2023-09-28,3.0333501699,A,F,,,P1D,,E,,,,,,,,,,,,,,,Technical notes are available at the following link: https://www.ecb.europa.eu/stats/financial_markets_and_interest_rates/euro_area_yield_curves/shared/pdf/technical_notes.pdf,,6,,,AAA yield curve - 10-year spot rate,"Euro area (changing composition) - Government bond, nominal, all issuers whose rating is triple A - Svensson model - continuous compounding - yield error minimisation - Yield curve spot rate, 10-year maturity",PCPA,0
YC.B.U2.EUR.4F.G_N_A.SV_C_YM.SR_10Y,B,U2,EUR,4F,G_N_A,SV_C_YM,SR_10Y,2023-09-29,2.8762763259,A,F,,,P1D,,E,,,,,,,,,,,,,,,Technical notes are available at the following link: https://www.ecb.europa.eu/stats/financial_markets_and_interest_rates/euro_area_yield_curves/shared/pdf/technical_notes.pdf,,6,,,AAA yield curve - 10-year spot rate,"Euro area (changing composition) - Government bond, nominal, all issuers whose rating is triple A - Svensson model - continuous compounding - yield error minimisation - Yield curve spot rate, 10-year maturity",PCPA,0
YC.B.U2.EUR.4F.G_N_A.SV_C_YM.SR_10Y,B,U2,EUR,4F,G_N_A,SV_C_YM,SR_10Y,2023-10-02,2.9328354324,A,F,,,P1D,,E,,,,,,,,,,,,,,,Technical notes are available at the following link: https://www.ecb.europa.eu/stats/financial_markets_and_interest_rates/euro_area_yield_curves/shared/pdf/technical_notes.pdf,,6,,,AAA yield curve - 10-year spot rate,"Euro area (changing composition) - Government bond, nominal, all issuers whose rating is triple A - Svensson model - continuous compounding - yield error minimisation - Yield curve spot rate, 10-year maturity",PCPA,0
YC.B.U2.EUR.4F.G_N_A.SV_C_YM.SR_10Y,B,U2,EUR,4F,G_N_A,SV_C_YM,SR_10Y,2023-10-03,2.9641872265,A,F,,,P1D,,E,,,,,,,,,,,,,,,Technical notes are available at the following link: https://www.ecb.europa.eu/stats/financial_markets_and_interest_rates/euro_area_yield_curves/shared/pdf/technical_notes.pdf,,6,,,AAA yield curve - 10-year spot rate,"Euro area (changing composition) - Government bond, nominal, all issuers whose rating is triple A - Svensson model - continuous compounding - yield error minimisation - Yield curve spot rate, 10-year maturity",PCPA,0
YC.B.U2.EUR.4F.G_N_A.SV_C_YM.SR_10Y,B,U2,EUR,4F,G_N_A,SV_C_YM,SR_10Y,2023-10-04,2.9925401129,A,F,,,P1D,,E,,,,,,,,,,,,,,,Technical notes are available at the following link: https://www.ecb.europa.eu/stats/financial_markets_and_interest_rates/euro_area_yield_curves/shared/pdf/technical_notes.pdf,,6,,,AAA yield curve - 10-year spot rate,"Euro area (changing composition) - Government bond, nominal, all issuers whose rating is triple A - Svensson model - continuous compounding - yield error minimisation - Yield curve spot rate, 10-year maturity",PCPA,0
YC.B.U2.EUR.4F.G_N_A.SV_C_YM.SR_10Y,B,U2,EUR,4F,G_N_A,SV_C_YM,SR_10Y,2023-10-05,2.9472925432,A,F,,,P1D,,E,,,,,,,,,,,,,,,Technical notes are available at the following link: https://www.ecb.europa.eu/stats/financial_markets_and_interest_rates/euro_area_yield_curves/shared/pdf/technical_notes.pdf,,6,,,AAA yield curve - 10-year spot rate,"Euro area (changing composition) - Government bond, nominal, all issuers whose rating is triple A - Svensson model - continuous compounding - yield error minimisation - Yield curve spot rate, 10-year maturity",PCPA,0
YC.B.U2.EUR.4F.G_N_A.SV_C_YM.SR_10Y,B,U2,EUR,4F,G_N_A,SV_C_YM,SR_10Y,2023-10-06,2.9604325215,A,F,,,P1D,,E,,,,,,,,,,,,,,,Technical notes are available at the following link: https://www.ecb.europa.eu/stats/financial_markets_and_interest_rates/euro_area_yield_curves/shared/pdf/technical_notes.pdf,,6,,,AAA yield curve - 10-year spot rate,"Euro area (changing composition) - Government bond, nominal, all issuers whose rating is triple A - Svensson model - continuous compounding - yield error minimisation - Yield curve spot rate, 10-year maturity",PCPA,0
YC.B.U2.EUR.4F.G_N_A.SV_C_YM.SR_10Y,B,U2,EUR,4F,G_N_A,SV_C_YM,SR_10Y,2023-10-09,2.8738935511,A,F,,,P1D,,E,,,,,,,,,,,,,,,Technical notes are available at the following link: https://www.ecb.europa.eu/stats/financial_markets_and_interest_rates/euro_area_yield_curves/shared/pdf/technical_notes.pdf,,6,,,AAA yield curve - 10-year spot rate,"Euro area (changing composition) - Government bond, nominal, all issuers whose rating is triple A - Svensson model - continuous compounding - yield error minimisation - Yield curve spot rate, 10-year maturity",PCPA,0
YC.B.U2.EUR.4F.G_N_A.SV_C_YM.SR_10Y,B,U2,EUR,4F,G_N_A,SV_C_YM,SR_10Y,2023-10-10,2.8643948716,A,F,,,P1D,,E,,,,,,,,,,,,,,,Technical notes are available at the following link: https://www.ecb.europa.eu/stats/financial_markets_and_interest_rates/euro_area_yield_curves/shared/pdf/technical_notes.pdf,,6,,,AAA yield curve - 10-year spot rate,"Euro area (changing composition) - Government bond, nominal, all issuers whose rating is triple A - Svensson model - continuous compounding - yield error minimisation - Yield curve spot rate, 10-year maturity",PCPA,0
YC.B.U2.EUR.4F.G_N_A.SV_C_YM.SR_10Y,B,U2,EUR,4F,G_N_A,SV_C_YM,SR_10Y,2023-10-11,2.7561586862,A,F,,,P1D,,E,,,,,,,,,,,,,,,Technical notes are available at the following link: https://www.ecb.europa.eu/stats/financial_markets_and_interest_rates/euro_area_yield_curves/shared/pdf/technical_notes.pdf,,6,,,AAA yield curve - 10-year spot rate,"Euro area (changing composition) - Government bond, nominal, all issuers whose rating is triple A - Svensson model - continuous compounding - yield error minimisation - Yield curve spot rate, 10-year maturity",PCPA,0
YC.B.U2.EUR.4F.G_N_A.SV_C_YM.SR_10Y,B,U2,EUR,4F,G_N_A,SV_C_YM,SR_10Y,2023-10-12,2.7938537924,A,F,,,P1D,,E,,,,,,,,,,,,,,,Technical notes are available at the following link: https://www.ecb.europa.eu/stats/financial_markets_and_interest_rates/euro_area_yield_curves/shared/pdf/technical_notes.pdf,,6,,,AAA yield curve - 10-year spot rate,"Euro area (changing composition) - Government bond, nominal, all issuers whose rating is triple A - Svensson model - continuous compounding - yield error minimisation - Yield curve spot rate, 10-year maturity",PCPA,0
YC.B.U2.EUR.4F.G_N_A.SV_C_YM.SR_10Y,B,U2,EUR,4F,G_N_A,SV_C_YM,SR_10Y,2023-10-13,2.8835732133,A,F,,,P1D,,E,,,,,,,,,,,,,,,Technical notes are available at the following link: https://www.ecb.europa.eu/stats/financial_markets_and_interest_rates/euro_area_yield_curves/shared/pdf/technical_notes.pdf,,6,,,AAA yield curve - 10-year spot rate,"Euro area (changing composition) - Government bond, nominal, all issuers whose rating is triple A - Svensson model - continuous compounding - yield error minimisation - Yield curve spot rate, 10-year maturity",PCPA,0
YC.B.U2.EUR.4F.G_N_A.SV_C_YM.SR_10Y,B,U2,EUR,4F,G_N_A,SV_C_YM,SR_10Y,2023-10-16,2.8620178446,A,F,,,P1D,,E,,,,,,,,,,,,,,,Technical notes are available at the following link: https://www.ecb.europa.eu/stats/financial_markets_and_interest_rates/euro_area_yield_curves/shared/pdf/technical_notes.pdf,,6,,,AAA yield curve - 10-year spot rate,"Euro area (changing composition) - Government bond, nominal, all issuers whose rating is triple A - Svensson model - continuous compounding - yield error minimisation - Yield curve spot rate, 10-year maturity",PCPA,0
YC.B.U2.EUR.4F.G_N_A.SV_C_YM.SR_10Y,B,U2,EUR,4F,G_N_A,SV_C_YM,SR_10Y,2023-10-17,2.9370802435,A,F,,,P1D,,E,,,,,,,,,,,,,,,Technical notes are available at the following link: https://www.ecb.europa.eu/stats/financial_markets_and_interest_rates/euro_area_yield_curves/shared/pdf/technical_notes.pdf,,6,,,AAA yield curve - 10-year spot rate,"Euro area (changing composition) - Government bond, nominal, all issuers whose rating is triple A - Svensson model - continuous compounding - yield error minimisation - Yield curve spot rate, 10-year maturity",PCPA,0
YC.B.U2.EUR.4F.G_N_A.SV_C_YM.SR_10Y,B,U2,EUR,4F,G_N_A,SV_C_YM,SR_10Y,2023-10-18,2.9527097575,A,F,,,P1D,,E,,,,,,,,,,,,,,,Technical notes are available at the following link: https://www.ecb.europa.eu/stats/financial_markets_and_interest_rates/euro_area_yield_curves/shared/pdf/technical_notes.pdf,,6,,,AAA yield curve - 10-year spot rate,"Euro area (changing composition) - Government bond, nominal, all issuers whose rating is triple A - Svensson model - continuous compounding - yield error minimisation - Yield curve spot rate, 10-year maturity",PCPA,0
YC.B.U2.EUR.4F.G_N_A.SV_C_YM.SR_10Y,B,U2,EUR,4F,G_N_A,SV_C_YM,SR_10Y,2023-10-19,3.0011097622,A,F,,,P1D,,E,,,,,,,,,,,,,,,Technical notes are available at the following link: https://www.ecb.europa.eu/stats/financial_markets_and_interest_rates/euro_area_yield_curves/shared/pdf/technical_notes.pdf,,6,,,AAA yield curve - 10-year spot rate,"Euro area (changing composition) - Government bond, nominal, all issuers whose rating is triple A - Svensson model - continuous compounding - yield error minimisation - Yield curve spot rate, 10-year maturity",PCPA,0
YC.B.U2.EUR.4F.G_N_A.SV_C_YM.SR_10Y,B,U2,EUR,4F,G_N_A,SV_C_YM,SR_10Y,2023-10-20,2.9495121221,A,F,,,P1D,,E,,,,,,,,,,,,,,,Technical notes are available at the following link: https://www.ecb.europa.eu/stats/financial_markets_and_interest_rates/euro_area_yield_curves/shared/pdf/technical_notes.pdf,,6,,,AAA yield curve - 10-year spot rate,"Euro area (changing composition) - Government bond, nominal, all issuers whose rating is triple A - Svensson model - continuous compounding - yield error minimisation - Yield curve spot rate, 10-year maturity",PCPA,0
YC.B.U2.EUR.4F.G_N_A.SV_C_YM.SR_10Y,B,U2,EUR,4F,G_N_A,SV_C_YM,SR_10Y,2023-10-23,2.9765842729,A,F,,,P1D,,E,,,,,,,,,,,,,,,Technical notes are available at the following link: https://www.ecb.europa.eu/stats/financial_markets_and_interest_rates/euro_area_yield_curves/shared/pdf/technical_notes.pdf,,6,,,AAA yield curve - 10-year spot rate,"Euro area (changing composition) - Government bond, nominal, all issuers whose rating is triple A - Svensson model - continuous compounding - yield error minimisation - Yield curve spot rate, 10-year maturity",PCPA,0
YC.B.U2.EUR.4F.G_N_A.SV_C_YM.SR_10Y,B,U2,EUR,4F,G_N_A,SV_C_YM,SR_10Y,2023-10-24,2.8932419598,A,F,,,P1D,,E,,,,,,,,,,,,,,,Technical notes are available at the following link: https://www.ecb.europa.eu/stats/financial_markets_and_interest_rates/euro_area_yield_curves/shared/pdf/technical_notes.pdf,,6,,,AAA yield curve - 10-year spot rate,"Euro area (changing composition) - Government bond, nominal, all issuers whose rating is triple A - Svensson model - continuous compounding - yield error minimisation - Yield curve spot rate, 10-year maturity",PCPA,0
YC.B.U2.EUR.4F.G_N_A.SV_C_YM.SR_10Y,B,U2,EUR,4F,G_N_A,SV_C_YM,SR_10Y,2023-10-25,2.9189824464,A,F,,,P1D,,E,,,,,,,,,,,,,,,Technical notes are available at the following link: https://www.ecb.europa.eu/stats/financial_markets_and_interest_rates/euro_area_yield_curves/shared/pdf/technical_notes.pdf,,6,,,AAA yield curve - 10-year spot rate,"Euro area (changing composition) - Government bond, nominal, all issuers whose rating is triple A - Svensson model - continuous compounding - yield error minimisation - Yield curve spot rate, 10-year maturity",PCPA,0
YC.B.U2.EUR.4F.G_N_A.SV_C_YM.SR_10Y,B,U2,EUR,4F,G_N_A,SV_C_YM,SR_10Y,2023-10-26,2.9033934306,A,F,,,P1D,,E,,,,,,,,,,,,,,,Technical notes are available at the following link: https://www.ecb.europa.eu/stats/financial_markets_and_interest_rates/euro_area_yield_curves/shared/pdf/technical_notes.pdf,,6,,,AAA yield curve - 10-year spot rate,"Euro area (changing composition) - Government bond, nominal, all issuers whose rating is triple A - Svensson model - continuous compounding - yield error minimisation - Yield curve spot rate, 10-year maturity",PCPA,0
YC.B.U2.EUR.4F.G_N_A.SV_C_YM.SR_10Y,B,U2,EUR,4F,G_N_A,SV_C_YM,SR_10Y,2023-10-27,2.8984970075,A,F,,,P1D,,E,,,,,,,,,,,,,,,Technical notes are available at the following link: https://www.ecb.europa.eu/stats/financial_markets_and_interest_rates/euro_area_yield_curves/shared/pdf/technical_notes.pdf,,6,,,AAA yield curve - 10-year spot rate,"Euro area (changing composition) - Government bond, nominal, all issuers whose rating is triple A - Svensson model - continuous compounding - yield error minimisation - Yield curve spot rate, 10-year maturity",PCPA,0
YC.B.U2.EUR.4F.G_N_A.SV_C_YM.SR_10Y,B,U2,EUR,4F,G_N_A,SV_C_YM,SR_10Y,2023-10-30,2.9012196761,A,F,,,P1D,,E,,,,,,,,,,,,,,,Technical notes are available at the following link: https://www.ecb.europa.eu/stats/financial_markets_and_interest_rates/euro_area_yield_curves/shared/pdf/technical_notes.pdf,,6,,,AAA yield curve - 10-year spot rate,"Euro area (changing composition) - Government bond, nominal, all issuers whose rating is triple A - Svensson model - continuous compounding - yield error minimisation - Yield curve spot rate, 10-year maturity",PCPA,0
YC.B.U2.EUR.4F.G_N_A.SV_C_YM.SR_10Y,B,U2,EUR,4F,G_N_A,SV_C_YM,SR_10Y,2023-10-31,2.8226726907,A,F,,,P1D,,E,,,,,,,,,,,,,,,Technical notes are available at the following link: https://www.ecb.europa.eu/stats/financial_markets_and_interest_rates/euro_area_yield_curves/shared/pdf/technical_notes.pdf,,6,,,AAA yield curve - 10-year spot rate,"Euro area (changing composition) - Government bond, nominal, all issuers whose rating is triple A - Svensson model - continuous compounding - yield error minimisation - Yield curve spot rate, 10-year maturity",PCPA,0
YC.B.U2.EUR.4F.G_N_A.SV_C_YM.SR_10Y,B,U2,EUR,4F,G_N_A,SV_C_YM,SR_10Y,2023-11-01,2.8197946048,A,F,,,P1D,,E,,,,,,,,,,,,,,,Technical notes are available at the following link: https://www.ecb.europa.eu/stats/financial_markets_and_interest_rates/euro_area_yield_curves/shared/pdf/technical_notes.pdf,,6,,,AAA yield curve - 10-year spot rate,"Euro area (changing composition) - Government bond, nominal, all issuers whose rating is triple A - Svensson model - continuous compounding - yield error minimisation - Yield curve spot rate, 10-year maturity",PCPA,0
YC.B.U2.EUR.4F.G_N_A.SV_C_YM.SR_10Y,B,U2,EUR,4F,G_N_A,SV_C_YM,SR_10Y,2023-11-02,2.7491134356,A,F,,,P1D,,E,,,,,,,,,,,,,,,Technical notes are available at the following link: https://www.ecb.europa.eu/stats/financial_markets_and_interest_rates/euro_area_yield_curves/shared/pdf/technical_notes.pdf,,6,,,AAA yield curve - 10-year spot rate,"Euro area (changing composition) - Government bond, nominal, all issuers whose rating is triple A - Svensson model - continuous compounding - yield error minimisation - Yield curve spot rate, 10-year maturity",PCPA,0
YC.B.U2.EUR.4F.G_N_A.SV_C_YM.SR_10Y,B,U2,EUR,4F,G_N_A,SV_C_YM,SR_10Y,2023-11-03,2.7005766639,A,F,,,P1D,,E,,,,,,,,,,,,,,,Technical notes are available at the following link: https://www.ecb.europa.eu/stats/financial_markets_and_interest_rates/euro_area_yield_curves/shared/pdf/technical_notes.pdf,,6,,,AAA yield curve - 10-year spot rate,"Euro area (changing composition) - Government bond, nominal, all issuers whose rating is triple A - Svensson model - continuous compounding - yield error minimisation - Yield curve spot rate, 10-year maturity",PCPA,0
YC.B.U2.EUR.4F.G_N_A.SV_C_YM.SR_10Y,B,U2,EUR,4F,G_N_A,SV_C_YM,SR_10Y,2023-11-06,2.7691646463,A,F,,,P1D,,E,,,,,,,,,,,,,,,Technical notes are available at the following link: https://www.ecb.europa.eu/stats/financial_markets_and_interest_rates/euro_area_yield_curves/shared/pdf/technical_notes.pdf,,6,,,AAA yield curve - 10-year spot rate,"Euro area (changing composition) - Government bond, nominal, all issuers whose rating is triple A - Svensson model - continuous compounding - yield error minimisation - Yield curve spot rate, 10-year maturity",PCPA,0
YC.B.U2.EUR.4F.G_N_A.SV_C_YM.SR_10Y,B,U2,EUR,4F,G_N_A,SV_C_YM,SR_10Y,2023-11-07,2.7184321682,A,F,,,P1D,,E,,,,,,,,,,,,,,,Technical notes are available at the following link: https://www.ecb.europa.eu/stats/financial_markets_and_interest_rates/euro_area_yield_curves/shared/pdf/technical_notes.pdf,,6,,,AAA yield curve - 10-year spot rate,"Euro area (changing composition) - Government bond, nominal, all issuers whose rating is triple A - Svensson model - continuous compounding - yield error minimisation - Yield curve spot rate, 10-year maturity",PCPA,0
YC.B.U2.EUR.4F.G_N_A.SV_C_YM.SR_10Y,B,U2,EUR,4F,G_N_A,SV_C_YM,SR_10Y,2023-11-08,2.6835389676,A,F,,,P1D,,E,,,,,,,,,,,,,,,Technical notes are available at the following link: https://www.ecb.europa.eu/stats/financial_markets_and_interest_rates/euro_area_yield_curves/shared/pdf/technical_notes.pdf,,6,,,AAA yield curve - 10-year spot rate,"Euro area (changing composition) - Government bond, nominal, all issuers whose rating is triple A - Svensson model - continuous compounding - yield error minimisation - Yield curve spot rate, 10-year maturity",PCPA,0
YC.B.U2.EUR.4F.G_N_A.SV_C_YM.SR_10Y,B,U2,EUR,4F,G_N_A,SV_C_YM,SR_10Y,2023-11-09,2.7002831579,A,F,,,P1D,,E,,,,,,,,,,,,,,,Technical notes are available at the following link: https://www.ecb.europa.eu/stats/financial_markets_and_interest_rates/euro_area_yield_curves/shared/pdf/technical_notes.pdf,,6,,,AAA yield curve - 10-year spot rate,"Euro area (changing composition) - Government bond, nominal, all issuers whose rating is triple A - Svensson model - continuous compounding - yield error minimisation - Yield curve spot rate, 10-year maturity",PCPA,0
YC.B.U2.EUR.4F.G_N_A.SV_C_YM.SR_10Y,B,U2,EUR,4F,G_N_A,SV_C_YM,SR_10Y,2023-11-10,2.7551960877,A,F,,,P1D,,E,,,,,,,,,,,,,,,Technical notes are available at the following link: https://www.ecb.europa.eu/stats/financial_markets_and_interest_rates/euro_area_yield_curves/shared/pdf/technical_notes.pdf,,6,,,AAA yield curve - 10-year spot rate,"Euro area (changing composition) - Government bond, nominal, all issuers whose rating is triple A - Svensson model - continuous compounding - yield error minimisation - Yield curve spot rate, 10-year maturity",PCPA,0
YC.B.U2.EUR.4F.G_N_A.SV_C_YM.SR_10Y,B,U2,EUR,4F,G_N_A,SV_C_YM,SR_10Y,2023-11-13,2.7881690124,A,F,,,P1D,,E,,,,,,,,,,,,,,,Technical notes are available at the following link: https://www.ecb.europa.eu/stats/financial_markets_and_interest_rates/euro_area_yield_curves/shared/pdf/technical_notes.pdf,,6,,,AAA yield curve - 10-year spot rate,"Euro area (changing composition) - Government bond, nominal, all issuers whose rating is triple A - Svensson model - continuous compounding - yield error minimisation - Yield curve spot rate, 10-year maturity",PCPA,0
YC.B.U2.EUR.4F.G_N_A.SV_C_YM.SR_10Y,B,U2,EUR,4F,G_N_A,SV_C_YM,SR_10Y,2023-11-14,2.6848069955,A,F,,,P1D,,E,,,,,,,,,,,,,,,Technical notes are available at the following link: https://www.ecb.europa.eu/stats/financial_markets_and_interest_rates/euro_area_yield_curves/shared/pdf/technical_notes.pdf,,6,,,AAA yield curve - 10-year spot rate,"Euro area (changing composition) - Government bond, nominal, all issuers whose rating is triple A - Svensson model - continuous compounding - yield error minimisation - Yield curve spot rate, 10-year maturity",PCPA,0
YC.B.U2.EUR.4F.G_N_A.SV_C_YM.SR_10Y,B,U2,EUR,4F,G_N_A,SV_C_YM,SR_10Y,2023-11-15,2.6871053051,A,F,,,P1D,,E,,,,,,,,,,,,,,,Technical notes are available at the following link: https://www.ecb.europa.eu/stats/financial_markets_and_interest_rates/euro_area_yield_curves/shared/pdf/technical_notes.pdf,,6,,,AAA yield curve - 10-year spot rate,"Euro area (changing composition) - Government bond, nominal, all issuers whose rating is triple A - Svensson model - continuous compounding - yield error minimisation - Yield curve spot rate, 10-year maturity",PCPA,0
YC.B.U2.EUR.4F.G_N_A.SV_C_YM.SR_10Y,B,U2,EUR,4F,G_N_A,SV_C_YM,SR_10Y,2023-11-16,2.6349265771,A,F,,,P1D,,E,,,,,,,,,,,,,,,Technical notes are available at the following link: https://www.ecb.europa.eu/stats/financial_markets_and_interest_rates/euro_area_yield_curves/shared/pdf/technical_notes.pdf,,6,,,AAA yield curve - 10-year spot rate,"Euro area (changing composition) - Government bond, nominal, all issuers whose rating is triple A - Svensson model - continuous compounding - yield error minimisation - Yield curve spot rate, 10-year maturity",PCPA,0
YC.B.U2.EUR.4F.G_N_A.SV_C_YM.SR_10Y,B,U2,EUR,4F,G_N_A,SV_C_YM,SR_10Y,2023-11-17,2.6413046564,A,F,,,P1D,,E,,,,,,,,,,,,,,,Technical notes are available at the following link: https://www.ecb.europa.eu/stats/financial_markets_and_interest_rates/euro_area_yield_curves/shared/pdf/technical_notes.pdf,,6,,,AAA yield curve - 10-year spot rate,"Euro area (changing composition) - Government bond, nominal, all issuers whose rating is triple A - Svensson model - continuous compounding - yield error minimisation - Yield curve spot rate, 10-year maturity",PCPA,0
YC.B.U2.EUR.4F.G_N_A.SV_C_YM.SR_10Y,B,U2,EUR,4F,G_N_A,SV_C_YM,SR_10Y,2023-11-20,2.6603005277,A,F,,,P1D,,E,,,,,,,,,,,,,,,Technical notes are available at the following link: https://www.ecb.europa.eu/stats/financial_markets_and_interest_rates/euro_area_yield_curves/shared/pdf/technical_notes.pdf,,6,,,AAA yield curve - 10-year spot rate,"Euro area (changing composition) - Government bond, nominal, all issuers whose rating is triple A - Svensson model - continuous compounding - yield error minimisation - Yield curve spot rate, 10-year maturity",PCPA,0
YC.B.U2.EUR.4F.G_N_A.SV_C_YM.SR_10Y,B,U2,EUR,4F,G_N_A,SV_C_YM,SR_10Y,2023-11-21,2.624200413,A,F,,,P1D,,E,,,,,,,,,,,,,,,Technical notes are available at the following link: https://www.ecb.europa.eu/stats/financial_markets_and_interest_rates/euro_area_yield_curves/shared/pdf/technical_notes.pdf,,6,,,AAA yield curve - 10-year spot rate,"Euro area (changing composition) - Government bond, nominal, all issuers whose rating is triple A - Svensson model - continuous compounding - yield error minimisation - Yield curve spot rate, 10-year maturity",PCPA,0
YC.B.U2.EUR.4F.G_N_A.SV_C_YM.SR_10Y,B,U2,EUR,4F,G_N_A,SV_C_YM,SR_10Y,2023-11-22,2.5855317528,A,F,,,P1D,,E,,,,,,,,,,,,,,,Technical notes are available at the following link: https://www.ecb.europa.eu/stats/financial_markets_and_interest_rates/euro_area_yield_curves/shared/pdf/technical_notes.pdf,,6,,,AAA yield curve - 10-year spot rate,"Euro area (changing composition) - Government bond, nominal, all issuers whose rating is triple A - Svensson model - continuous compounding - yield error minimisation - Yield curve spot rate, 10-year maturity",PCPA,0
YC.B.U2.EUR.4F.G_N_A.SV_C_YM.SR_10Y,B,U2,EUR,4F,G_N_A,SV_C_YM,SR_10Y,2023-11-23,2.6657392323,A,F,,,P1D,,E,,,,,,,,,,,,,,,Technical notes are available at the following link: https://www.ecb.europa.eu/stats/financial_markets_and_interest_rates/euro_area_yield_curves/shared/pdf/technical_notes.pdf,,6,,,AAA yield curve - 10-year spot rate,"Euro area (changing composition) - Government bond, nominal, all issuers whose rating is triple A - Svensson model - continuous compounding - yield error minimisation - Yield curve spot rate, 10-year maturity",PCPA,0
YC.B.U2.EUR.4F.G_N_A.SV_C_YM.SR_10Y,B,U2,EUR,4F,G_N_A,SV_C_YM,SR_10Y,2023-11-24,2.6869213104,A,F,,,P1D,,E,,,,,,,,,,,,,,,Technical notes are available at the following link: https://www.ecb.europa.eu/stats/financial_markets_and_interest_rates/euro_area_yield_curves/shared/pdf/technical_notes.pdf,,6,,,AAA yield curve - 10-year spot rate,"Euro area (changing composition) - Government bond, nominal, all issuers whose rating is triple A - Svensson model - continuous compounding - yield error minimisation - Yield curve spot rate, 10-year maturity",PCPA,0
YC.B.U2.EUR.4F.G_N_A.SV_C_YM.SR_10Y,B,U2,EUR,4F,G_N_A,SV_C_YM,SR_10Y,2023-11-27,2.6289134686,A,F,,,P1D,,E,,,,,,,,,,,,,,,Technical notes are available at the following link: https://www.ecb.europa.eu/stats/financial_markets_and_interest_rates/euro_area_yield_curves/shared/pdf/technical_notes.pdf,,6,,,AAA yield curve - 10-year spot rate,"Euro area (changing composition) - Government bond, nominal, all issuers whose rating is triple A - Svensson model - continuous compounding - yield error minimisation - Yield curve spot rate, 10-year maturity",PCPA,0
YC.B.U2.EUR.4F.G_N_A.SV_C_YM.SR_10Y,B,U2,EUR,4F,G_N_A,SV_C_YM,SR_10Y,2023-11-28,2.5892364669,A,F,,,P1D,,E,,,,,,,,,,,,,,,Technical notes are available at the following link: https://www.ecb.europa.eu/stats/financial_markets_and_interest_rates/euro_area_yield_curves/shared/pdf/technical_notes.pdf,,6,,,AAA yield curve - 10-year spot rate,"Euro area (changing composition) - Government bond, nominal, all issuers whose rating is triple A - Svensson model - continuous compounding - yield error minimisation - Yield curve spot rate, 10-year maturity",PCPA,0
YC.B.U2.EUR.4F.G_N_A.SV_C_YM.SR_10Y,B,U2,EUR,4F,G_N_A,SV_C_YM,SR_10Y,2023-11-29,2.4830794967,A,F,,,P1D,,E,,,,,,,,,,,,,,,Technical notes are available at the following link: https://www.ecb.europa.eu/stats/financial_markets_and_interest_rates/euro_area_yield_curves/shared/pdf/technical_notes.pdf,,6,,,AAA yield curve - 10-year spot rate,"Euro area (changing composition) - Government bond, nominal, all issuers whose rating is triple A - Svensson model - continuous compounding - yield error minimisation - Yield curve spot rate, 10-year maturity",PCPA,0
YC.B.U2.EUR.4F.G_N_A.SV_C_YM.SR_10Y,B,U2,EUR,4F,G_N_A,SV_C_YM,SR_10Y,2023-11-30,2.5285020009,A,F,,,P1D,,E,,,,,,,,,,,,,,,Technical notes are available at the following link: https://www.ecb.europa.eu/stats/financial_markets_and_interest_rates/euro_area_yield_curves/shared/pdf/technical_notes.pdf,,6,,,AAA yield curve - 10-year spot rate,"Euro area (changing composition) - Government bond, nominal, all issuers whose rating is triple A - Svensson model - continuous compounding - yield error minimisation - Yield curve spot rate, 10-year maturity",PCPA,0
YC.B.U2.EUR.4F.G_N_A.SV_C_YM.SR_10Y,B,U2,EUR,4F,G_N_A,SV_C_YM,SR_10Y,2023-12-01,2.4797884548,A,F,,,P1D,,E,,,,,,,,,,,,,,,Technical notes are available at the following link: https://www.ecb.europa.eu/stats/financial_markets_and_interest_rates/euro_area_yield_curves/shared/pdf/technical_notes.pdf,,6,,,AAA yield curve - 10-year spot rate,"Euro area (changing composition) - Government bond, nominal, all issuers whose rating is triple A - Svensson model - continuous compounding - yield error minimisation - Yield curve spot rate, 10-year maturity",PCPA,0
YC.B.U2.EUR.4F.G_N_A.SV_C_YM.SR_10Y,B,U2,EUR,4F,G_N_A,SV_C_YM,SR_10Y,2023-12-04,2.3892714774,A,F,,,P1D,,E,,,,,,,,,,,,,,,Technical notes are available at the following link: https://www.ecb.europa.eu/stats/financial_markets_and_interest_rates/euro_area_yield_curves/shared/pdf/technical_notes.pdf,,6,,,AAA yield curve - 10-year spot rate,"Euro area (changing composition) - Government bond, nominal, all issuers whose rating is triple A - Svensson model - continuous compounding - yield error minimisation - Yield curve spot rate, 10-year maturity",PCPA,0
YC.B.U2.EUR.4F.G_N_A.SV_C_YM.SR_10Y,B,U2,EUR,4F,G_N_A,SV_C_YM,SR_10Y,2023-12-05,2.3269332366,A,F,,,P1D,,E,,,,,,,,,,,,,,,Technical notes are available at the following link: https://www.ecb.europa.eu/stats/financial_markets_and_interest_rates/euro_area_yield_curves/shared/pdf/technical_notes.pdf,,6,,,AAA yield curve - 10-year spot rate,"Euro area (changing composition) - Government bond, nominal, all issuers whose rating is triple A - Svensson model - continuous compounding - yield error minimisation - Yield curve spot rate, 10-year maturity",PCPA,0
YC.B.U2.EUR.4F.G_N_A.SV_C_YM.SR_10Y,B,U2,EUR,4F,G_N_A,SV_C_YM,SR_10Y,2023-12-06,2.2782674646,A,F,,,P1D,,E,,,,,,,,,,,,,,,Technical notes are available at the following link: https://www.ecb.europa.eu/stats/financial_markets_and_interest_rates/euro_area_yield_curves/shared/pdf/technical_notes.pdf,,6,,,AAA yield curve - 10-year spot rate,"Euro area (changing composition) - Government bond, nominal, all issuers whose rating is triple A - Svensson model - continuous compounding - yield error minimisation - Yield curve spot rate, 10-year maturity",PCPA,0
YC.B.U2.EUR.4F.G_N_A.SV_C_YM.SR_10Y,B,U2,EUR,4F,G_N_A,SV_C_YM,SR_10Y,2023-12-07,2.2353317021,A,F,,,P1D,,E,,,,,,,,,,,,,,,Technical notes are available at the following link: https://www.ecb.europa.eu/stats/financial_markets_and_interest_rates/euro_area_yield_curves/shared/pdf/technical_notes.pdf,,6,,,AAA yield curve - 10-year spot rate,"Euro area (changing composition) - Government bond, nominal, all issuers whose rating is triple A - Svensson model - continuous compounding - yield error minimisation - Yield curve spot rate, 10-year maturity",PCPA,0
YC.B.U2.EUR.4F.G_N_A.SV_C_YM.SR_10Y,B,U2,EUR,4F,G_N_A,SV_C_YM,SR_10Y,2023-12-08,2.3534261872,A,F,,,P1D,,E,,,,,,,,,,,,,,,Technical notes are available at the following link: https://www.ecb.europa.eu/stats/financial_markets_and_interest_rates/euro_area_yield_curves/shared/pdf/technical_notes.pdf,,6,,,AAA yield curve - 10-year spot rate,"Euro area (changing composition) - Government bond, nominal, all issuers whose rating is triple A - Svensson model - continuous compounding - yield error minimisation - Yield curve spot rate, 10-year maturity",PCPA,0
YC.B.U2.EUR.4F.G_N_A.SV_C_YM.SR_10Y,B,U2,EUR,4F,G_N_A,SV_C_YM,SR_10Y,2023-12-11,2.3371734995,A,F,,,P1D,,E,,,,,,,,,,,,,,,Technical notes are available at the following link: https://www.ecb.europa.eu/stats/financial_markets_and_interest_rates/euro_area_yield_curves/shared/pdf/technical_notes.pdf,,6,,,AAA yield curve - 10-year spot rate,"Euro area (changing composition) - Government bond, nominal, all issuers whose rating is triple A - Svensson model - continuous compounding - yield error minimisation - Yield curve spot rate, 10-year maturity",PCPA,0
YC.B.U2.EUR.4F.G_N_A.SV_C_YM.SR_10Y,B,U2,EUR,4F,G_N_A,SV_C_YM,SR_10Y,2023-12-12,2.3068463462,A,F,,,P1D,,E,,,,,,,,,,,,,,,Technical notes are available at the following link: https://www.ecb.europa.eu/stats/financial_markets_and_interest_rates/euro_area_yield_curves/shared/pdf/technical_notes.pdf,,6,,,AAA yield curve - 10-year spot rate,"Euro area (changing composition) - Government bond, nominal, all issuers whose rating is triple A - Svensson model - continuous compounding - yield error minimisation - Yield curve spot rate, 10-year maturity",PCPA,0
YC.B.U2.EUR.4F.G_N_A.SV_C_YM.SR_10Y,B,U2,EUR,4F,G_N_A,SV_C_YM,SR_10Y,2023-12-13,2.2525470525,A,F,,,P1D,,E,,,,,,,,,,,,,,,Technical notes are available at the following link: https://www.ecb.europa.eu/stats/financial_markets_and_interest_rates/euro_area_yield_curves/shared/pdf/technical_notes.pdf,,6,,,AAA yield curve - 10-year spot rate,"Euro area (changing composition) - Government bond, nominal, all issuers whose rating is triple A - Svensson model - continuous compounding - yield error minimisation - Yield curve spot rate, 10-year maturity",PCPA,0
YC.B.U2.EUR.4F.G_N_A.SV_C_YM.SR_10Y,B,U2,EUR,4F,G_N_A,SV_C_YM,SR_10Y,2023-12-14,2.2116980315,A,F,,,P1D,,E,,,,,,,,,,,,,,,Technical notes are available at the following link: https://www.ecb.europa.eu/stats/financial_markets_and_interest_rates/euro_area_yield_curves/shared/pdf/technical_notes.pdf,,6,,,AAA yield curve - 10-year spot rate,"Euro area (changing composition) - Government bond, nominal, all issuers whose rating is triple A - Svensson model - continuous compounding - yield error minimisation - Yield curve spot rate, 10-year maturity",PCPA,0
YC.B.U2.EUR.4F.G_N_A.SV_C_YM.SR_10Y,B,U2,EUR,4F,G_N_A,SV_C_YM,SR_10Y,2023-12-15,2.1147842384,A,F,,,P1D,,E,,,,,,,,,,,,,,,Technical notes are available at the following link: https://www.ecb.europa.eu/stats/financial_markets_and_interest_rates/euro_area_yield_curves/shared/pdf/technical_notes.pdf,,6,,,AAA yield curve - 10-year spot rate,"Euro area (changing composition) - Government bond, nominal, all issuers whose rating is triple A - Svensson model - continuous compounding - yield error minimisation - Yield curve spot rate, 10-year maturity",PCPA,0
YC.B.U2.EUR.4F.G_N_A.SV_C_YM.SR_10Y,B,U2,EUR,4F,G_N_A,SV_C_YM,SR_10Y,2023-12-18,2.1553213039,A,F,,,P1D,,E,,,,,,,,,,,,,,,Technical notes are available at the following link: https://www.ecb.europa.eu/stats/financial_markets_and_interest_rates/euro_area_yield_curves/shared/pdf/technical_notes.pdf,,6,,,AAA yield curve - 10-year spot rate,"Euro area (changing composition) - Government bond, nominal, all issuers whose rating is triple A - Svensson model - continuous compounding - yield error minimisation - Yield curve spot rate, 10-year maturity",PCPA,0
YC.B.U2.EUR.4F.G_N_A.SV_C_YM.SR_10Y,B,U2,EUR,4F,G_N_A,SV_C_YM,SR_10Y,2023-12-19,2.0913589612,A,F,,,P1D,,E,,,,,,,,,,,,,,,Technical notes are available at the following link: https://www.ecb.europa.eu/stats/financial_markets_and_interest_rates/euro_area_yield_curves/shared/pdf/technical_notes.pdf,,6,,,AAA yield curve - 10-year spot rate,"Euro area (changing composition) - Government bond, nominal, all issuers whose rating is triple A - Svensson model - continuous compounding - yield error minimisation - Yield curve spot rate, 10-year maturity",PCPA,0
YC.B.U2.EUR.4F.G_N_A.SV_C_YM.SR_10Y,B,U2,EUR,4F,G_N_A,SV_C_YM,SR_10Y,2023-12-20,2.0466529474,A,F,,,P1D,,E,,,,,,,,,,,,,,,Technical notes are available at the following link: https://www.ecb.europa.eu/stats/financial_markets_and_interest_rates/euro_area_yield_curves/shared/pdf/technical_notes.pdf,,6,,,AAA yield curve - 10-year spot rate,"Euro area (changing composition) - Government bond, nominal, all issuers whose rating is triple A - Svensson model - continuous compounding - yield error minimisation - Yield curve spot rate, 10-year maturity",PCPA,0
YC.B.U2.EUR.4F.G_N_A.SV_C_YM.SR_10Y,B,U2,EUR,4F,G_N_A,SV_C_YM,SR_10Y,2023-12-21,2.0472863063,A,F,,,P1D,,E,,,,,,,,,,,,,,,Technical notes are available at the following link: https://www.ecb.europa.eu/stats/financial_markets_and_interest_rates/euro_area_yield_curves/shared/pdf/technical_notes.pdf,,6,,,AAA yield curve - 10-year spot rate,"Euro area (changing composition) - Government bond, nominal, all issuers whose rating is triple A - Svensson model - continuous compounding - yield error minimisation - Yield curve spot rate, 10-year maturity",PCPA,0
YC.B.U2.EUR.4F.G_N_A.SV_C_YM.SR_10Y,B,U2,EUR,4F,G_N_A,SV_C_YM,SR_10Y,2023-12-22,2.0192952065,A,F,,,P1D,,E,,,,,,,,,,,,,,,Technical notes are available at the following link: https://www.ecb.europa.eu/stats/financial_markets_and_interest_rates/euro_area_yield_curves/shared/pdf/technical_notes.pdf,,6,,,AAA yield curve - 10-year spot rate,"Euro area (changing composition) - Government bond, nominal, all issuers whose rating is triple A - Svensson model - continuous compounding - yield error minimisation - Yield curve spot rate, 10-year maturity",PCPA,0
YC.B.U2.EUR.4F.G_N_A.SV_C_YM.SR_10Y,B,U2,EUR,4F,G_N_A,SV_C_YM,SR_10Y,2023-12-27,1.9876091225,A,F,,,P1D,,E,,,,,,,,,,,,,,,Technical notes are available at the following link: https://www.ecb.europa.eu/stats/financial_markets_and_interest_rates/euro_area_yield_curves/shared/pdf/technical_notes.pdf,,6,,,AAA yield curve - 10-year spot rate,"Euro area (changing composition) - Government bond, nominal, all issuers whose rating is triple A - Svensson model - continuous compounding - yield error minimisation - Yield curve spot rate, 10-year maturity",PCPA,0
YC.B.U2.EUR.4F.G_N_A.SV_C_YM.SR_10Y,B,U2,EUR,4F,G_N_A,SV_C_YM,SR_10Y,2023-12-28,2.0028420209,A,F,,,P1D,,E,,,,,,,,,,,,,,,Technical notes are available at the following link: https://www.ecb.europa.eu/stats/financial_markets_and_interest_rates/euro_area_yield_curves/shared/pdf/technical_notes.pdf,,6,,,AAA yield curve - 10-year spot rate,"Euro area (changing composition) - Government bond, nominal, all issuers whose rating is triple A - Svensson model - continuous compounding - yield error minimisation - Yield curve spot rate, 10-year maturity",PCPA,0
YC.B.U2.EUR.4F.G_N_A.SV_C_YM.SR_10Y,B,U2,EUR,4F,G_N_A,SV_C_YM,SR_10Y,2023-12-29,2.0808856999,A,F,,,P1D,,E,,,,,,,,,,,,,,,Technical notes are available at the following link: https://www.ecb.europa.eu/stats/financial_markets_and_interest_rates/euro_area_yield_curves/shared/pdf/technical_notes.pdf,,6,,,AAA yield curve - 10-year spot rate,"Euro area (changing composition) - Government bond, nominal, all issuers whose rating is triple A - Svensson model - continuous compounding - yield error minimisation - Yield curve spot rate, 10-year maturity",PCPA,0
YC.B.U2.EUR.4F.G_N_A.SV_C_YM.SR_10Y,B,U2,EUR,4F,G_N_A,SV_C_YM,SR_10Y,2024-01-02,2.1199493571,A,F,,,P1D,,E,,,,,,,,,,,,,,,Technical notes are available at the following link: https://www.ecb.europa.eu/stats/financial_markets_and_interest_rates/euro_area_yield_curves/shared/pdf/technical_notes.pdf,,6,,,AAA yield curve - 10-year spot rate,"Euro area (changing composition) - Government bond, nominal, all issuers whose rating is triple A - Svensson model - continuous compounding - yield error minimisation - Yield curve spot rate, 10-year maturity",PCPA,0
YC.B.U2.EUR.4F.G_N_A.SV_C_YM.SR_10Y,B,U2,EUR,4F,G_N_A,SV_C_YM,SR_10Y,2024-01-03,2.1214189676,A,F,,,P1D,,E,,,,,,,,,,,,,,,Technical notes are available at the following link: https://www.ecb.europa.eu/stats/financial_markets_and_interest_rates/euro_area_yield_curves/shared/pdf/technical_notes.pdf,,6,,,AAA yield curve - 10-year spot rate,"Euro area (changing composition) - Government bond, nominal, all issuers whose rating is triple A - Svensson model - continuous compounding - yield error minimisation - Yield curve spot rate, 10-year maturity",PCPA,0
YC.B.U2.EUR.4F.G_N_A.SV_C_YM.SR_10Y,B,U2,EUR,4F,G_N_A,SV_C_YM,SR_10Y,2024-01-04,2.2072419203,A,F,,,P1D,,E,,,,,,,,,,,,,,,Technical notes are available at the following link: https://www.ecb.europa.eu/stats/financial_markets_and_interest_rates/euro_area_yield_curves/shared/pdf/technical_notes.pdf,,6,,,AAA yield curve - 10-year spot rate,"Euro area (changing composition) - Government bond, nominal, all issuers whose rating is triple A - Svensson model - continuous compounding - yield error minimisation - Yield curve spot rate, 10-year maturity",PCPA,0
YC.B.U2.EUR.4F.G_N_A.SV_C_YM.SR_10Y,B,U2,EUR,4F,G_N_A,SV_C_YM,SR_10Y,2024-01-05,2.2469256583,A,F,,,P1D,,E,,,,,,,,,,,,,,,Technical notes are available at the following link: https://www.ecb.europa.eu/stats/financial_markets_and_interest_rates/euro_area_yield_curves/shared/pdf/technical_notes.pdf,,6,,,AAA yield curve - 10-year spot rate,"Euro area (changing composition) - Government bond, nominal, all issuers whose rating is triple A - Svensson model - continuous compounding - yield error minimisation - Yield curve spot rate, 10-year maturity",PCPA,0
YC.B.U2.EUR.4F.G_N_A.SV_C_YM.SR_10Y,B,U2,EUR,4F,G_N_A,SV_C_YM,SR_10Y,2024-01-08,2.2307313873,A,F,,,P1D,,E,,,,,,,,,,,,,,,Technical notes are available at the following link: https://www.ecb.europa.eu/stats/financial_markets_and_interest_rates/euro_area_yield_curves/shared/pdf/technical_notes.pdf,,6,,,AAA yield curve - 10-year spot rate,"Euro area (changing composition) - Government bond, nominal, all issuers whose rating is triple A - Svensson model - continuous compounding - yield error minimisation - Yield curve spot rate, 10-year maturity",PCPA,0
YC.B.U2.EUR.4F.G_N_A.SV_C_YM.SR_10Y,B,U2,EUR,4F,G_N_A,SV_C_YM,SR_10Y,2024-01-09,2.2570451998,A,F,,,P1D,,E,,,,,,,,,,,,,,,Technical notes are available at the following link: https://www.ecb.europa.eu/stats/financial_markets_and_interest_rates/euro_area_yield_curves/shared/pdf/technical_notes.pdf,,6,,,AAA yield curve - 10-year spot rate,"Euro area (changing composition) - Government bond, nominal, all issuers whose rating is triple A - Svensson model - continuous compounding - yield error minimisation - Yield curve spot rate, 10-year maturity",PCPA,0
YC.B.U2.EUR.4F.G_N_A.SV_C_YM.SR_10Y,B,U2,EUR,4F,G_N_A,SV_C_YM,SR_10Y,2024-01-10,2.2732383195,A,F,,,P1D,,E,,,,,,,,,,,,,,,Technical notes are available at the following link: https://www.ecb.europa.eu/stats/financial_markets_and_interest_rates/euro_area_yield_curves/shared/pdf/technical_notes.pdf,,6,,,AAA yield curve - 10-year spot rate,"Euro area (changing composition) - Government bond, nominal, all issuers whose rating is triple A - Svensson model - continuous compounding - yield error minimisation - Yield curve spot rate, 10-year maturity",PCPA,0
YC.B.U2.EUR.4F.G_N_A.SV_C_YM.SR_10Y,B,U2,EUR,4F,G_N_A,SV_C_YM,SR_10Y,2024-01-11,2.2583578869,A,F,,,P1D,,E,,,,,,,,,,,,,,,Technical notes are available at the following link: https://www.ecb.europa.eu/stats/financial_markets_and_interest_rates/euro_area_yield_curves/shared/pdf/technical_notes.pdf,,6,,,AAA yield curve - 10-year spot rate,"Euro area (changing composition) - Government bond, nominal, all issuers whose rating is triple A - Svensson model - continuous compounding - yield error minimisation - Yield curve spot rate, 10-year maturity",PCPA,0
YC.B.U2.EUR.4F.G_N_A.SV_C_YM.SR_10Y,B,U2,EUR,4F,G_N_A,SV_C_YM,SR_10Y,2024-01-12,2.226207696,A,F,,,P1D,,E,,,,,,,,,,,,,,,Technical notes are available at the following link: https://www.ecb.europa.eu/stats/financial_markets_and_interest_rates/euro_area_yield_curves/shared/pdf/technical_notes.pdf,,6,,,AAA yield curve - 10-year spot rate,"Euro area (changing composition) - Government bond, nominal, all issuers whose rating is triple A - Svensson model - continuous compounding - yield error minimisation - Yield curve spot rate, 10-year maturity",PCPA,0
YC.B.U2.EUR.4F.G_N_A.SV_C_YM.SR_10Y,B,U2,EUR,4F,G_N_A,SV_C_YM,SR_10Y,2024-01-15,2.2810119759,A,F,,,P1D,,E,,,,,,,,,,,,,,,Technical notes are available at the following link: https://www.ecb.europa.eu/stats/financial_markets_and_interest_rates/euro_area_yield_curves/shared/pdf/technical_notes.pdf,,6,,,AAA yield curve - 10-year spot rate,"Euro area (changing composition) - Government bond, nominal, all issuers whose rating is triple A - Svensson model - continuous compounding - yield error minimisation - Yield curve spot rate, 10-year maturity",PCPA,0
YC.B.U2.EUR.4F.G_N_A.SV_C_YM.SR_10Y,B,U2,EUR,4F,G_N_A,SV_C_YM,SR_10Y,2024-01-16,2.2599486199,A,F,,,P1D,,E,,,,,,,,,,,,,,,Technical notes are available at the following link: https://www.ecb.europa.eu/stats/financial_markets_and_interest_rates/euro_area_yield_curves/shared/pdf/technical_notes.pdf,,6,,,AAA yield curve - 10-year spot rate,"Euro area (changing composition) - Government bond, nominal, all issuers whose rating is triple A - Svensson model - continuous compounding - yield error minimisation - Yield curve spot rate, 10-year maturity",PCPA,0
YC.B.U2.EUR.4F.G_N_A.SV_C_YM.SR_10Y,B,U2,EUR,4F,G_N_A,SV_C_YM,SR_10Y,2024-01-17,2.3394291535,A,F,,,P1D,,E,,,,,,,,,,,,,,,Technical notes are available at the following link: https://www.ecb.europa.eu/stats/financial_markets_and_interest_rates/euro_area_yield_curves/shared/pdf/technical_notes.pdf,,6,,,AAA yield curve - 10-year spot rate,"Euro area (changing composition) - Government bond, nominal, all issuers whose rating is triple A - Svensson model - continuous compounding - yield error minimisation - Yield curve spot rate, 10-year maturity",PCPA,0
YC.B.U2.EUR.4F.G_N_A.SV_C_YM.SR_10Y,B,U2,EUR,4F,G_N_A,SV_C_YM,SR_10Y,2024-01-18,2.363052963,A,F,,,P1D,,E,,,,,,,,,,,,,,,Technical notes are available at the following link: https://www.ecb.europa.eu/stats/financial_markets_and_interest_rates/euro_area_yield_curves/shared/pdf/technical_notes.pdf,,6,,,AAA yield curve - 10-year spot rate,"Euro area (changing composition) - Government bond, nominal, all issuers whose rating is triple A - Svensson model - continuous compounding - yield error minimisation - Yield curve spot rate, 10-year maturity",PCPA,0
YC.B.U2.EUR.4F.G_N_A.SV_C_YM.SR_10Y,B,U2,EUR,4F,G_N_A,SV_C_YM,SR_10Y,2024-01-19,2.3846269956,A,F,,,P1D,,E,,,,,,,,,,,,,,,Technical notes are available at the following link: https://www.ecb.europa.eu/stats/financial_markets_and_interest_rates/euro_area_yield_curves/shared/pdf/technical_notes.pdf,,6,,,AAA yield curve - 10-year spot rate,"Euro area (changing composition) - Government bond, nominal, all issuers whose rating is triple A - Svensson model - continuous compounding - yield error minimisation - Yield curve spot rate, 10-year maturity",PCPA,0
YC.B.U2.EUR.4F.G_N_A.SV_C_YM.SR_10Y,B,U2,EUR,4F,G_N_A,SV_C_YM,SR_10Y,2024-01-22,2.3354762926,A,F,,,P1D,,E,,,,,,,,,,,,,,,Technical notes are available at the following link: https://www.ecb.europa.eu/stats/financial_markets_and_interest_rates/euro_area_yield_curves/shared/pdf/technical_notes.pdf,,6,,,AAA yield curve - 10-year spot rate,"Euro area (changing composition) - Government bond, nominal, all issuers whose rating is triple A - Svensson model - continuous compounding - yield error minimisation - Yield curve spot rate, 10-year maturity",PCPA,0
YC.B.U2.EUR.4F.G_N_A.SV_C_YM.SR_10Y,B,U2,EUR,4F,G_N_A,SV_C_YM,SR_10Y,2024-01-23,2.3886325322,A,F,,,P1D,,E,,,,,,,,,,,,,,,Technical notes are available at the following link: https://www.ecb.europa.eu/stats/financial_markets_and_interest_rates/euro_area_yield_curves/shared/pdf/technical_notes.pdf,,6,,,AAA yield curve - 10-year spot rate,"Euro area (changing composition) - Government bond, nominal, all issuers whose rating is triple A - Svensson model - continuous compounding - yield error minimisation - Yield curve spot rate, 10-year maturity",PCPA,0
YC.B.U2.EUR.4F.G_N_A.SV_C_YM.SR_10Y,B,U2,EUR,4F,G_N_A,SV_C_YM,SR_10Y,2024-01-24,2.3845432402,A,F,,,P1D,,E,,,,,,,,,,,,,,,Technical notes are available at the following link: https://www.ecb.europa.eu/stats/financial_markets_and_interest_rates/euro_area_yield_curves/shared/pdf/technical_notes.pdf,,6,,,AAA yield curve - 10-year spot rate,"Euro area (changing composition) - Government bond, nominal, all issuers whose rating is triple A - Svensson model - continuous compounding - yield error minimisation - Yield curve spot rate, 10-year maturity",PCPA,0
YC.B.U2.EUR.4F.G_N_A.SV_C_YM.SR_10Y,B,U2,EUR,4F,G_N_A,SV_C_YM,SR_10Y,2024-01-25,2.3687528773,A,F,,,P1D,,E,,,,,,,,,,,,,,,Technical notes are available at the following link: https://www.ecb.europa.eu/stats/financial_markets_and_interest_rates/euro_area_yield_curves/shared/pdf/technical_notes.pdf,,6,,,AAA yield curve - 10-year spot rate,"Euro area (changing composition) - Government bond, nominal, all issuers whose rating is triple A - Svensson model - continuous compounding - yield error minimisation - Yield curve spot rate, 10-year maturity",PCPA,0
YC.B.U2.EUR.4F.G_N_A.SV_C_YM.SR_10Y,B,U2,EUR,4F,G_N_A,SV_C_YM,SR_10Y,2024-01-26,2.3883232291,A,F,,,P1D,,E,,,,,,,,,,,,,,,Technical notes are available at the following link: https://www.ecb.europa.eu/stats/financial_markets_and_interest_rates/euro_area_yield_curves/shared/pdf/technical_notes.pdf,,6,,,AAA yield curve - 10-year spot rate,"Euro area (changing composition) - Government bond, nominal, all issuers whose rating is triple A - Svensson model - continuous compounding - yield error minimisation - Yield curve spot rate, 10-year maturity",PCPA,0
YC.B.U2.EUR.4F.G_N_A.SV_C_YM.SR_10Y,B,U2,EUR,4F,G_N_A,SV_C_YM,SR_10Y,2024-01-29,2.3251514995,A,F,,,P1D,,E,,,,,,,,,,,,,,,Technical notes are available at the following link: https://www.ecb.europa.eu/stats/financial_markets_and_interest_rates/euro_area_yield_curves/shared/pdf/technical_notes.pdf,,6,,,AAA yield curve - 10-year spot rate,"Euro area (changing composition) - Government bond, nominal, all issuers whose rating is triple A - Svensson model - continuous compounding - yield error minimisation - Yield curve spot rate, 10-year maturity",PCPA,0
YC.B.U2.EUR.4F.G_N_A.SV_C_YM.SR_10Y,B,U2,EUR,4F,G_N_A,SV_C_YM,SR_10Y,2024-01-30,2.3328476651,A,F,,,P1D,,E,,,,,,,,,,,,,,,Technical notes are available at the following link: https://www.ecb.europa.eu/stats/financial_markets_and_interest_rates/euro_area_yield_curves/shared/pdf/technical_notes.pdf,,6,,,AAA yield curve - 10-year spot rate,"Euro area (changing composition) - Government bond, nominal, all issuers whose rating is triple A - Svensson model - continuous compounding - yield error minimisation - Yield curve spot rate, 10-year maturity",PCPA,0
YC.B.U2.EUR.4F.G_N_A.SV_C_YM.SR_10Y,B,U2,EUR,4F,G_N_A,SV_C_YM,SR_10Y,2024-01-31,2.26580157,A,F,,,P1D,,E,,,,,,,,,,,,,,,Technical notes are available at the following link: https://www.ecb.europa.eu/stats/financial_markets_and_interest_rates/euro_area_yield_curves/shared/pdf/technical_notes.pdf,,6,,,AAA yield curve - 10-year spot rate,"Euro area (changing composition) - Government bond, nominal, all issuers whose rating is triple A - Svensson model - continuous compounding - yield error minimisation - Yield curve spot rate, 10-year maturity",PCPA,0
YC.B.U2.EUR.4F.G_N_A.SV_C_YM.SR_10Y,B,U2,EUR,4F,G_N_A,SV_C_YM,SR_10Y,2024-02-01,2.2542621453,A,F,,,P1D,,E,,,,,,,,,,,,,,,Technical notes are available at the following link: https://www.ecb.europa.eu/stats/financial_markets_and_interest_rates/euro_area_yield_curves/shared/pdf/technical_notes.pdf,,6,,,AAA yield curve - 10-year spot rate,"Euro area (changing composition) - Government bond, nominal, all issuers whose rating is triple A - Svensson model - continuous compounding - yield error minimisation - Yield curve spot rate, 10-year maturity",PCPA,0
YC.B.U2.EUR.4F.G_N_A.SV_C_YM.SR_10Y,B,U2,EUR,4F,G_N_A,SV_C_YM,SR_10Y,2024-02-02,2.2752204759,A,F,,,P1D,,E,,,,,,,,,,,,,,,Technical notes are available at the following link: https://www.ecb.europa.eu/stats/financial_markets_and_interest_rates/euro_area_yield_curves/shared/pdf/technical_notes.pdf,,6,,,AAA yield curve - 10-year spot rate,"Euro area (changing composition) - Government bond, nominal, all issuers whose rating is triple A - Svensson model - continuous compounding - yield error minimisation - Yield curve spot rate, 10-year maturity",PCPA,0
YC.B.U2.EUR.4F.G_N_A.SV_C_YM.SR_10Y,B,U2,EUR,4F,G_N_A,SV_C_YM,SR_10Y,2024-02-05,2.380938321,A,F,,,P1D,,E,,,,,,,,,,,,,,,Technical notes are available at the following link: https://www.ecb.europa.eu/stats/financial_markets_and_interest_rates/euro_area_yield_curves/shared/pdf/technical_notes.pdf,,6,,,AAA yield curve - 10-year spot rate,"Euro area (changing composition) - Government bond, nominal, all issuers whose rating is triple A - Svensson model - continuous compounding - yield error minimisation - Yield curve spot rate, 10-year maturity",PCPA,0
YC.B.U2.EUR.4F.G_N_A.SV_C_YM.SR_10Y,B,U2,EUR,4F,G_N_A,SV_C_YM,SR_10Y,2024-02-06,2.3871789716,A,F,,,P1D,,E,,,,,,,,,,,,,,,Technical notes are available at the following link: https://www.ecb.europa.eu/stats/financial_markets_and_interest_rates/euro_area_yield_curves/shared/pdf/technical_notes.pdf,,6,,,AAA yield curve - 10-year spot rate,"Euro area (changing composition) - Government bond, nominal, all issuers whose rating is triple A - Svensson model - continuous compounding - yield error minimisation - Yield curve spot rate, 10-year maturity",PCPA,0
YC.B.U2.EUR.4F.G_N_A.SV_C_YM.SR_10Y,B,U2,EUR,4F,G_N_A,SV_C_YM,SR_10Y,2024-02-07,2.3747592768,A,F,,,P1D,,E,,,,,,,,,,,,,,,Technical notes are available at the following link: https://www.ecb.europa.eu/stats/financial_markets_and_interest_rates/euro_area_yield_curves/shared/pdf/technical_notes.pdf,,6,,,AAA yield curve - 10-year spot rate,"Euro area (changing composition) - Government bond, nominal, all issuers whose rating is triple A - Svensson model - continuous compounding - yield error minimisation - Yield curve spot rate, 10-year maturity",PCPA,0
YC.B.U2.EUR.4F.G_N_A.SV_C_YM.SR_10Y,B,U2,EUR,4F,G_N_A,SV_C_YM,SR_10Y,2024-02-08,2.4271401791,A,F,,,P1D,,E,,,,,,,,,,,,,,,Technical notes are available at the following link: https://www.ecb.europa.eu/stats/financial_markets_and_interest_rates/euro_area_yield_curves/shared/pdf/technical_notes.pdf,,6,,,AAA yield curve - 10-year spot rate,"Euro area (changing composition) - Government bond, nominal, all issuers whose rating is triple A - Svensson model - continuous compounding - yield error minimisation - Yield curve spot rate, 10-year maturity",PCPA,0
YC.B.U2.EUR.4F.G_N_A.SV_C_YM.SR_10Y,B,U2,EUR,4F,G_N_A,SV_C_YM,SR_10Y,2024-02-09,2.461190883,A,F,,,P1D,,E,,,,,,,,,,,,,,,Technical notes are available at the following link: https://www.ecb.europa.eu/stats/financial_markets_and_interest_rates/euro_area_yield_curves/shared/pdf/technical_notes.pdf,,6,,,AAA yield curve - 10-year spot rate,"Euro area (changing composition) - Government bond, nominal, all issuers whose rating is triple A - Svensson model - continuous compounding - yield error minimisation - Yield curve spot rate, 10-year maturity",PCPA,0
YC.B.U2.EUR.4F.G_N_A.SV_C_YM.SR_10Y,B,U2,EUR,4F,G_N_A,SV_C_YM,SR_10Y,2024-02-12,2.4517828411,A,F,,,P1D,,E,,,,,,,,,,,,,,,Technical notes are available at the following link: https://www.ecb.europa.eu/stats/financial_markets_and_interest_rates/euro_area_yield_curves/shared/pdf/technical_notes.pdf,,6,,,AAA yield curve - 10-year spot rate,"Euro area (changing composition) - Government bond, nominal, all issuers whose rating is triple A - Svensson model - continuous compounding - yield error minimisation - Yield curve spot rate, 10-year maturity",PCPA,0
YC.B.U2.EUR.4F.G_N_A.SV_C_YM.SR_10Y,B,U2,EUR,4F,G_N_A,SV_C_YM,SR_10Y,2024-02-13,2.4619773052,A,F,,,P1D,,E,,,,,,,,,,,,,,,Technical notes are available at the following link: https://www.ecb.europa.eu/stats/financial_markets_and_interest_rates/euro_area_yield_curves/shared/pdf/technical_notes.pdf,,6,,,AAA yield curve - 10-year spot rate,"Euro area (changing composition) - Government bond, nominal, all issuers whose rating is triple A - Svensson model - continuous compounding - yield error minimisation - Yield curve spot rate, 10-year maturity",PCPA,0
YC.B.U2.EUR.4F.G_N_A.SV_C_YM.SR_10Y,B,U2,EUR,4F,G_N_A,SV_C_YM,SR_10Y,2024-02-14,2.445205132,A,F,,,P1D,,E,,,,,,,,,,,,,,,Technical notes are available at the following link: https://www.ecb.europa.eu/stats/financial_markets_and_interest_rates/euro_area_yield_curves/shared/pdf/technical_notes.pdf,,6,,,AAA yield curve - 10-year spot rate,"Euro area (changing composition) - Government bond, nominal, all issuers whose rating is triple A - Svensson model - continuous compounding - yield error minimisation - Yield curve spot rate, 10-year maturity",PCPA,0
YC.B.U2.EUR.4F.G_N_A.SV_C_YM.SR_10Y,B,U2,EUR,4F,G_N_A,SV_C_YM,SR_10Y,2024-02-15,2.3870546854,A,F,,,P1D,,E,,,,,,,,,,,,,,,Technical notes are available at the following link: https://www.ecb.europa.eu/stats/financial_markets_and_interest_rates/euro_area_yield_curves/shared/pdf/technical_notes.pdf,,6,,,AAA yield curve - 10-year spot rate,"Euro area (changing composition) - Government bond, nominal, all issuers whose rating is triple A - Svensson model - continuous compounding - yield error minimisation - Yield curve spot rate, 10-year maturity",PCPA,0
YC.B.U2.EUR.4F.G_N_A.SV_C_YM.SR_10Y,B,U2,EUR,4F,G_N_A,SV_C_YM,SR_10Y,2024-02-16,2.4712489514,A,F,,,P1D,,E,,,,,,,,,,,,,,,Technical notes are available at the following link: https://www.ecb.europa.eu/stats/financial_markets_and_interest_rates/euro_area_yield_curves/shared/pdf/technical_notes.pdf,,6,,,AAA yield curve - 10-year spot rate,"Euro area (changing composition) - Government bond, nominal, all issuers whose rating is triple A - Svensson model - continuous compounding - yield error minimisation - Yield curve spot rate, 10-year maturity",PCPA,0
YC.B.U2.EUR.4F.G_N_A.SV_C_YM.SR_10Y,B,U2,EUR,4F,G_N_A,SV_C_YM,SR_10Y,2024-02-19,2.471856408,A,F,,,P1D,,E,,,,,,,,,,,,,,,Technical notes are available at the following link: https://www.ecb.europa.eu/stats/financial_markets_and_interest_rates/euro_area_yield_curves/shared/pdf/technical_notes.pdf,,6,,,AAA yield curve - 10-year spot rate,"Euro area (changing composition) - Government bond, nominal, all issuers whose rating is triple A - Svensson model - continuous compounding - yield error minimisation - Yield curve spot rate, 10-year maturity",PCPA,0
YC.B.U2.EUR.4F.G_N_A.SV_C_YM.SR_10Y,B,U2,EUR,4F,G_N_A,SV_C_YM,SR_10Y,2024-02-20,2.4409811023,A,F,,,P1D,,E,,,,,,,,,,,,,,,Technical notes are available at the following link: https://www.ecb.europa.eu/stats/financial_markets_and_interest_rates/euro_area_yield_curves/shared/pdf/technical_notes.pdf,,6,,,AAA yield curve - 10-year spot rate,"Euro area (changing composition) - Government bond, nominal, all issuers whose rating is triple A - Svensson model - continuous compounding - yield error minimisation - Yield curve spot rate, 10-year maturity",PCPA,0
YC.B.U2.EUR.4F.G_N_A.SV_C_YM.SR_10Y,B,U2,EUR,4F,G_N_A,SV_C_YM,SR_10Y,2024-02-21,2.4744667685,A,F,,,P1D,,E,,,,,,,,,,,,,,,Technical notes are available at the following link: https://www.ecb.europa.eu/stats/financial_markets_and_interest_rates/euro_area_yield_curves/shared/pdf/technical_notes.pdf,,6,,,AAA yield curve - 10-year spot rate,"Euro area (changing composition) - Government bond, nominal, all issuers whose rating is triple A - Svensson model - continuous compounding - yield error minimisation - Yield curve spot rate, 10-year maturity",PCPA,0
YC.B.U2.EUR.4F.G_N_A.SV_C_YM.SR_10Y,B,U2,EUR,4F,G_N_A,SV_C_YM,SR_10Y,2024-02-22,2.4798051672,A,F,,,P1D,,E,,,,,,,,,,,,,,,Technical notes are available at the following link: https://www.ecb.europa.eu/stats/financial_markets_and_interest_rates/euro_area_yield_curves/shared/pdf/technical_notes.pdf,,6,,,AAA yield curve - 10-year spot rate,"Euro area (changing composition) - Government bond, nominal, all issuers whose rating is triple A - Svensson model - continuous compounding - yield error minimisation - Yield curve spot rate, 10-year maturity",PCPA,0
YC.B.U2.EUR.4F.G_N_A.SV_C_YM.SR_10Y,B,U2,EUR,4F,G_N_A,SV_C_YM,SR_10Y,2024-02-23,2.4384341998,A,F,,,P1D,,E,,,,,,,,,,,,,,,Technical notes are available at the following link: https://www.ecb.europa.eu/stats/financial_markets_and_interest_rates/euro_area_yield_curves/shared/pdf/technical_notes.pdf,,6,,,AAA yield curve - 10-year spot rate,"Euro area (changing composition) - Government bond, nominal, all issuers whose rating is triple A - Svensson model - continuous compounding - yield error minimisation - Yield curve spot rate, 10-year maturity",PCPA,0
YC.B.U2.EUR.4F.G_N_A.SV_C_YM.SR_10Y,B,U2,EUR,4F,G_N_A,SV_C_YM,SR_10Y,2024-02-26,2.467280003,A,F,,,P1D,,E,,,,,,,,,,,,,,,Technical notes are available at the following link: https://www.ecb.europa.eu/stats/financial_markets_and_interest_rates/euro_area_yield_curves/shared/pdf/technical_notes.pdf,,6,,,AAA yield curve - 10-year spot rate,"Euro area (changing composition) - Government bond, nominal, all issuers whose rating is triple A - Svensson model - continuous compounding - yield error minimisation - Yield curve spot rate, 10-year maturity",PCPA,0
YC.B.U2.EUR.4F.G_N_A.SV_C_YM.SR_10Y,B,U2,EUR,4F,G_N_A,SV_C_YM,SR_10Y,2024-02-27,2.4929769097,A,F,,,P1D,,E,,,,,,,,,,,,,,,Technical notes are available at the following link: https://www.ecb.europa.eu/stats/financial_markets_and_interest_rates/euro_area_yield_curves/shared/pdf/technical_notes.pdf,,6,,,AAA yield curve - 10-year spot rate,"Euro area (changing composition) - Government bond, nominal, all issuers whose rating is triple A - Svensson model - continuous compounding - yield error minimisation - Yield curve spot rate, 10-year maturity",PCPA,0
YC.B.U2.EUR.4F.G_N_A.SV_C_YM.SR_10Y,B,U2,EUR,4F,G_N_A,SV_C_YM,SR_10Y,2024-02-28,2.5167377375,A,F,,,P1D,,E,,,,,,,,,,,,,,,Technical notes are available at the following link: https://www.ecb.europa.eu/stats/financial_markets_and_interest_rates/euro_area_yield_curves/shared/pdf/technical_notes.pdf,,6,,,AAA yield curve - 10-year spot rate,"Euro area (changing composition) - Government bond, nominal, all issuers whose rating is triple A - Svensson model - continuous compounding - yield error minimisation - Yield curve spot rate, 10-year maturity",PCPA,0
YC.B.U2.EUR.4F.G_N_A.SV_C_YM.SR_10Y,B,U2,EUR,4F,G_N_A,SV_C_YM,SR_10Y,2024-02-29,2.4801097363,A,F,,,P1D,,E,,,,,,,,,,,,,,,Technical notes are available at the following link: https://www.ecb.europa.eu/stats/financial_markets_and_interest_rates/euro_area_yield_curves/shared/pdf/technical_notes.pdf,,6,,,AAA yield curve - 10-year spot rate,"Euro area (changing composition) - Government bond, nominal, all issuers whose rating is triple A - Svensson model - continuous compounding - yield error minimisation - Yield curve spot rate, 10-year maturity",PCPA,0
YC.B.U2.EUR.4F.G_N_A.SV_C_YM.SR_10Y,B,U2,EUR,4F,G_N_A,SV_C_YM,SR_10Y,2024-03-01,2.5034683242,A,F,,,P1D,,E,,,,,,,,,,,,,,,Technical notes are available at the following link: https://www.ecb.europa.eu/stats/financial_markets_and_interest_rates/euro_area_yield_curves/shared/pdf/technical_notes.pdf,,6,,,AAA yield curve - 10-year spot rate,"Euro area (changing composition) - Government bond, nominal, all issuers whose rating is triple A - Svensson model - continuous compounding - yield error minimisation - Yield curve spot rate, 10-year maturity",PCPA,0
YC.B.U2.EUR.4F.G_N_A.SV_C_YM.SR_10Y,B,U2,EUR,4F,G_N_A,SV_C_YM,SR_10Y,2024-03-04,2.4336236988,A,F,,,P1D,,E,,,,,,,,,,,,,,,Technical notes are available at the following link: https://www.ecb.europa.eu/stats/financial_markets_and_interest_rates/euro_area_yield_curves/shared/pdf/technical_notes.pdf,,6,,,AAA yield curve - 10-year spot rate,"Euro area (changing composition) - Government bond, nominal, all issuers whose rating is triple A - Svensson model - continuous compounding - yield error minimisation - Yield curve spot rate, 10-year maturity",PCPA,0
YC.B.U2.EUR.4F.G_N_A.SV_C_YM.SR_10Y,B,U2,EUR,4F,G_N_A,SV_C_YM,SR_10Y,2024-03-05,2.3635148956,A,F,,,P1D,,E,,,,,,,,,,,,,,,Technical notes are available at the following link: https://www.ecb.europa.eu/stats/financial_markets_and_interest_rates/euro_area_yield_curves/shared/pdf/technical_notes.pdf,,6,,,AAA yield curve - 10-year spot rate,"Euro area (changing composition) - Government bond, nominal, all issuers whose rating is triple A - Svensson model - continuous compounding - yield error minimisation - Yield curve spot rate, 10-year maturity",PCPA,0
YC.B.U2.EUR.4F.G_N_A.SV_C_YM.SR_10Y,B,U2,EUR,4F,G_N_A,SV_C_YM,SR_10Y,2024-03-06,2.3597086823,A,F,,,P1D,,E,,,,,,,,,,,,,,,Technical notes are available at the following link: https://www.ecb.europa.eu/stats/financial_markets_and_interest_rates/euro_area_yield_curves/shared/pdf/technical_notes.pdf,,6,,,AAA yield curve - 10-year spot rate,"Euro area (changing composition) - Government bond, nominal, all issuers whose rating is triple A - Svensson model - continuous compounding - yield error minimisation - Yield curve spot rate, 10-year maturity",PCPA,0
YC.B.U2.EUR.4F.G_N_A.SV_C_YM.SR_10Y,B,U2,EUR,4F,G_N_A,SV_C_YM,SR_10Y,2024-03-07,2.3402473323,A,F,,,P1D,,E,,,,,,,,,,,,,,,Technical notes are available at the following link: https://www.ecb.europa.eu/stats/financial_markets_and_interest_rates/euro_area_yield_curves/shared/pdf/technical_notes.pdf,,6,,,AAA yield curve - 10-year spot rate,"Euro area (changing composition) - Government bond, nominal, all issuers whose rating is triple A - Svensson model - continuous compounding - yield error minimisation - Yield curve spot rate, 10-year maturity",PCPA,0
YC.B.U2.EUR.4F.G_N_A.SV_C_YM.SR_10Y,B,U2,EUR,4F,G_N_A,SV_C_YM,SR_10Y,2024-03-08,2.3031809889,A,F,,,P1D,,E,,,,,,,,,,,,,,,Technical notes are available at the following link: https://www.ecb.europa.eu/stats/financial_markets_and_interest_rates/euro_area_yield_curves/shared/pdf/technical_notes.pdf,,6,,,AAA yield curve - 10-year spot rate,"Euro area (changing composition) - Government bond, nominal, all issuers whose rating is triple A - Svensson model - continuous compounding - yield error minimisation - Yield curve spot rate, 10-year maturity",PCPA,0
YC.B.U2.EUR.4F.G_N_A.SV_C_YM.SR_10Y,B,U2,EUR,4F,G_N_A,SV_C_YM,SR_10Y,2024-03-11,2.3591203019,A,F,,,P1D,,E,,,,,,,,,,,,,,,Technical notes are available at the following link: https://www.ecb.europa.eu/stats/financial_markets_and_interest_rates/euro_area_yield_curves/shared/pdf/technical_notes.pdf,,6,,,AAA yield curve - 10-year spot rate,"Euro area (changing composition) - Government bond, nominal, all issuers whose rating is triple A - Svensson model - continuous compounding - yield error minimisation - Yield curve spot rate, 10-year maturity",PCPA,0
YC.B.U2.EUR.4F.G_N_A.SV_C_YM.SR_10Y,B,U2,EUR,4F,G_N_A,SV_C_YM,SR_10Y,2024-03-12,2.3776217828,A,F,,,P1D,,E,,,,,,,,,,,,,,,Technical notes are available at the following link: https://www.ecb.europa.eu/stats/financial_markets_and_interest_rates/euro_area_yield_curves/shared/pdf/technical_notes.pdf,,6,,,AAA yield curve - 10-year spot rate,"Euro area (changing composition) - Government bond, nominal, all issuers whose rating is triple A - Svensson model - continuous compounding - yield error minimisation - Yield curve spot rate, 10-year maturity",PCPA,0
YC.B.U2.EUR.4F.G_N_A.SV_C_YM.SR_10Y,B,U2,EUR,4F,G_N_A,SV_C_YM,SR_10Y,2024-03-13,2.4038314531,A,F,,,P1D,,E,,,,,,,,,,,,,,,Technical notes are available at the following link: https://www.ecb.europa.eu/stats/financial_markets_and_interest_rates/euro_area_yield_curves/shared/pdf/technical_notes.pdf,,6,,,AAA yield curve - 10-year spot rate,"Euro area (changing composition) - Government bond, nominal, all issuers whose rating is triple A - Svensson model - continuous compounding - yield error minimisation - Yield curve spot rate, 10-year maturity",PCPA,0
YC.B.U2.EUR.4F.G_N_A.SV_C_YM.SR_10Y,B,U2,EUR,4F,G_N_A,SV_C_YM,SR_10Y,2024-03-14,2.4862550511,A,F,,,P1D,,E,,,,,,,,,,,,,,,Technical notes are available at the following link: https://www.ecb.europa.eu/stats/financial_markets_and_interest_rates/euro_area_yield_curves/shared/pdf/technical_notes.pdf,,6,,,AAA yield curve - 10-year spot rate,"Euro area (changing composition) - Government bond, nominal, all issuers whose rating is triple A - Svensson model - continuous compounding - yield error minimisation - Yield curve spot rate, 10-year maturity",PCPA,0
YC.B.U2.EUR.4F.G_N_A.SV_C_YM.SR_10Y,B,U2,EUR,4F,G_N_A,SV_C_YM,SR_10Y,2024-03-15,2.4946028896,A,F,,,P1D,,E,,,,,,,,,,,,,,,Technical notes are available at the following link: https://www.ecb.europa.eu/stats/financial_markets_and_interest_rates/euro_area_yield_curves/shared/pdf/technical_notes.pdf,,6,,,AAA yield curve - 10-year spot rate,"Euro area (changing composition) - Government bond, nominal, all issuers whose rating is triple A - Svensson model - continuous compounding - yield error minimisation - Yield curve spot rate, 10-year maturity",PCPA,0
YC.B.U2.EUR.4F.G_N_A.SV_C_YM.SR_10Y,B,U2,EUR,4F,G_N_A,SV_C_YM,SR_10Y,2024-03-18,2.5102098433,A,F,,,P1D,,E,,,,,,,,,,,,,,,Technical notes are available at the following link: https://www.ecb.europa.eu/stats/financial_markets_and_interest_rates/euro_area_yield_curves/shared/pdf/technical_notes.pdf,,6,,,AAA yield curve - 10-year spot rate,"Euro area (changing composition) - Government bond, nominal, all issuers whose rating is triple A - Svensson model - continuous compounding - yield error minimisation - Yield curve spot rate, 10-year maturity",PCPA,0
YC.B.U2.EUR.4F.G_N_A.SV_C_YM.SR_10Y,B,U2,EUR,4F,G_N_A,SV_C_YM,SR_10Y,2024-03-19,2.4846293611,A,F,,,P1D,,E,,,,,,,,,,,,,,,Technical notes are available at the following link: https://www.ecb.europa.eu/stats/financial_markets_and_interest_rates/euro_area_yield_curves/shared/pdf/technical_notes.pdf,,6,,,AAA yield curve - 10-year spot rate,"Euro area (changing composition) - Government bond, nominal, all issuers whose rating is triple A - Svensson model - continuous compounding - yield error minimisation - Yield curve spot rate, 10-year maturity",PCPA,0
YC.B.U2.EUR.4F.G_N_A.SV_C_YM.SR_10Y,B,U2,EUR,4F,G_N_A,SV_C_YM,SR_10Y,2024-03-20,2.4862311056,A,F,,,P1D,,E,,,,,,,,,,,,,,,Technical notes are available at the following link: https://www.ecb.europa.eu/stats/financial_markets_and_interest_rates/euro_area_yield_curves/shared/pdf/technical_notes.pdf,,6,,,AAA yield curve - 10-year spot rate,"Euro area (changing composition) - Government bond, nominal, all issuers whose rating is triple A - Svensson model - continuous compounding - yield error minimisation - Yield curve spot rate, 10-year maturity",PCPA,0
YC.B.U2.EUR.4F.G_N_A.SV_C_YM.SR_10Y,B,U2,EUR,4F,G_N_A,SV_C_YM,SR_10Y,2024-03-21,2.4697606676,A,F,,,P1D,,E,,,,,,,,,,,,,,,Technical notes are available at the following link: https://www.ecb.europa.eu/stats/financial_markets_and_interest_rates/euro_area_yield_curves/shared/pdf/technical_notes.pdf,,6,,,AAA yield curve - 10-year spot rate,"Euro area (changing composition) - Government bond, nominal, all issuers whose rating is triple A - Svensson model - continuous compounding - yield error minimisation - Yield curve spot rate, 10-year maturity",PCPA,0
YC.B.U2.EUR.4F.G_N_A.SV_C_YM.SR_10Y,B,U2,EUR,4F,G_N_A,SV_C_YM,SR_10Y,2024-03-22,2.37785216,A,F,,,P1D,,E,,,,,,,,,,,,,,,Technical notes are available at the following link: https://www.ecb.europa.eu/stats/financial_markets_and_interest_rates/euro_area_yield_curves/shared/pdf/technical_notes.pdf,,6,,,AAA yield curve - 10-year spot rate,"Euro area (changing composition) - Government bond, nominal, all issuers whose rating is triple A - Svensson model - continuous compounding - yield error minimisation - Yield curve spot rate, 10-year maturity",PCPA,0
YC.B.U2.EUR.4F.G_N_A.SV_C_YM.SR_10Y,B,U2,EUR,4F,G_N_A,SV_C_YM,SR_10Y,2024-03-25,2.4260237468,A,F,,,P1D,,E,,,,,,,,,,,,,,,Technical notes are available at the following link: https://www.ecb.europa.eu/stats/financial_markets_and_interest_rates/euro_area_yield_curves/shared/pdf/technical_notes.pdf,,6,,,AAA yield curve - 10-year spot rate,"Euro area (changing composition) - Government bond, nominal, all issuers whose rating is triple A - Svensson model - continuous compounding - yield error minimisation - Yield curve spot rate, 10-year maturity",PCPA,0
YC.B.U2.EUR.4F.G_N_A.SV_C_YM.SR_10Y,B,U2,EUR,4F,G_N_A,SV_C_YM,SR_10Y,2024-03-26,2.4049985204,A,F,,,P1D,,E,,,,,,,,,,,,,,,Technical notes are available at the following link: https://www.ecb.europa.eu/stats/financial_markets_and_interest_rates/euro_area_yield_curves/shared/pdf/technical_notes.pdf,,6,,,AAA yield curve - 10-year spot rate,"Euro area (changing composition) - Government bond, nominal, all issuers whose rating is triple A - Svensson model - continuous compounding - yield error minimisation - Yield curve spot rate, 10-year maturity",PCPA,0
YC.B.U2.EUR.4F.G_N_A.SV_C_YM.SR_10Y,B,U2,EUR,4F,G_N_A,SV_C_YM,SR_10Y,2024-03-27,2.3510584666,A,F,,,P1D,,E,,,,,,,,,,,,,,,Technical notes are available at the following link: https://www.ecb.europa.eu/stats/financial_markets_and_interest_rates/euro_area_yield_curves/shared/pdf/technical_notes.pdf,,6,,,AAA yield curve - 10-year spot rate,"Euro area (changing composition) - Government bond, nominal, all issuers whose rating is triple A - Svensson model - continuous compounding - yield error minimisation - Yield curve spot rate, 10-year maturity",PCPA,0
YC.B.U2.EUR.4F.G_N_A.SV_C_YM.SR_10Y,B,U2,EUR,4F,G_N_A,SV_C_YM,SR_10Y,2024-03-28,2.359935488,A,F,,,P1D,,E,,,,,,,,,,,,,,,Technical notes are available at the following link: https://www.ecb.europa.eu/stats/financial_markets_and_interest_rates/euro_area_yield_curves/shared/pdf/technical_notes.pdf,,6,,,AAA yield curve - 10-year spot rate,"Euro area (changing composition) - Government bond, nominal, all issuers whose rating is triple A - Svensson model - continuous compounding - yield error minimisation - Yield curve spot rate, 10-year maturity",PCPA,0
YC.B.U2.EUR.4F.G_N_A.SV_C_YM.SR_10Y,B,U2,EUR,4F,G_N_A,SV_C_YM,SR_10Y,2024-04-02,2.4863921225,A,F,,,P1D,,E,,,,,,,,,,,,,,,Technical notes are available at the following link: https://www.ecb.europa.eu/stats/financial_markets_and_interest_rates/euro_area_yield_curves/shared/pdf/technical_notes.pdf,,6,,,AAA yield curve - 10-year spot rate,"Euro area (changing composition) - Government bond, nominal, all issuers whose rating is triple A - Svensson model - continuous compounding - yield error minimisation - Yield curve spot rate, 10-year maturity",PCPA,0
YC.B.U2.EUR.4F.G_N_A.SV_C_YM.SR_10Y,B,U2,EUR,4F,G_N_A,SV_C_YM,SR_10Y,2024-04-03,2.48413956,A,F,,,P1D,,E,,,,,,,,,,,,,,,Technical notes are available at the following link: https://www.ecb.europa.eu/stats/financial_markets_and_interest_rates/euro_area_yield_curves/shared/pdf/technical_notes.pdf,,6,,,AAA yield curve - 10-year spot rate,"Euro area (changing composition) - Government bond, nominal, all issuers whose rating is triple A - Svensson model - continuous compounding - yield error minimisation - Yield curve spot rate, 10-year maturity",PCPA,0
YC.B.U2.EUR.4F.G_N_A.SV_C_YM.SR_10Y,B,U2,EUR,4F,G_N_A,SV_C_YM,SR_10Y,2024-04-04,2.4113003171,A,F,,,P1D,,E,,,,,,,,,,,,,,,Technical notes are available at the following link: https://www.ecb.europa.eu/stats/financial_markets_and_interest_rates/euro_area_yield_curves/shared/pdf/technical_notes.pdf,,6,,,AAA yield curve - 10-year spot rate,"Euro area (changing composition) - Government bond, nominal, all issuers whose rating is triple A - Svensson model - continuous compounding - yield error minimisation - Yield curve spot rate, 10-year maturity",PCPA,0
YC.B.U2.EUR.4F.G_N_A.SV_C_YM.SR_10Y,B,U2,EUR,4F,G_N_A,SV_C_YM,SR_10Y,2024-04-05,2.4361684019,A,F,,,P1D,,E,,,,,,,,,,,,,,,Technical notes are available at the following link: https://www.ecb.europa.eu/stats/financial_markets_and_interest_rates/euro_area_yield_curves/shared/pdf/technical_notes.pdf,,6,,,AAA yield curve - 10-year spot rate,"Euro area (changing composition) - Government bond, nominal, all issuers whose rating is triple A - Svensson model - continuous compounding - yield error minimisation - Yield curve spot rate, 10-year maturity",PCPA,0
YC.B.U2.EUR.4F.G_N_A.SV_C_YM.SR_10Y,B,U2,EUR,4F,G_N_A,SV_C_YM,SR_10Y,2024-04-08,2.4923312998,A,F,,,P1D,,E,,,,,,,,,,,,,,,Technical notes are available at the following link: https://www.ecb.europa.eu/stats/financial_markets_and_interest_rates/euro_area_yield_curves/shared/pdf/technical_notes.pdf,,6,,,AAA yield curve - 10-year spot rate,"Euro area (changing composition) - Government bond, nominal, all issuers whose rating is triple A - Svensson model - continuous compounding - yield error minimisation - Yield curve spot rate, 10-year maturity",PCPA,0
YC.B.U2.EUR.4F.G_N_A.SV_C_YM.SR_10Y,B,U2,EUR,4F,G_N_A,SV_C_YM,SR_10Y,2024-04-09,2.4321874511,A,F,,,P1D,,E,,,,,,,,,,,,,,,Technical notes are available at the following link: https://www.ecb.europa.eu/stats/financial_markets_and_interest_rates/euro_area_yield_curves/shared/pdf/technical_notes.pdf,,6,,,AAA yield curve - 10-year spot rate,"Euro area (changing composition) - Government bond, nominal, all issuers whose rating is triple A - Svensson model - continuous compounding - yield error minimisation - Yield curve spot rate, 10-year maturity",PCPA,0
YC.B.U2.EUR.4F.G_N_A.SV_C_YM.SR_10Y,B,U2,EUR,4F,G_N_A,SV_C_YM,SR_10Y,2024-04-10,2.483955421,A,F,,,P1D,,E,,,,,,,,,,,,,,,Technical notes are available at the following link: https://www.ecb.europa.eu/stats/financial_markets_and_interest_rates/euro_area_yield_curves/shared/pdf/technical_notes.pdf,,6,,,AAA yield curve - 10-year spot rate,"Euro area (changing composition) - Government bond, nominal, all issuers whose rating is triple A - Svensson model - continuous compounding - yield error minimisation - Yield curve spot rate, 10-year maturity",PCPA,0
YC.B.U2.EUR.4F.G_N_A.SV_C_YM.SR_10Y,B,U2,EUR,4F,G_N_A,SV_C_YM,SR_10Y,2024-04-11,2.5216754851,A,F,,,P1D,,E,,,,,,,,,,,,,,,Technical notes are available at the following link: https://www.ecb.europa.eu/stats/financial_markets_and_interest_rates/euro_area_yield_curves/shared/pdf/technical_notes.pdf,,6,,,AAA yield curve - 10-year spot rate,"Euro area (changing composition) - Government bond, nominal, all issuers whose rating is triple A - Svensson model - continuous compounding - yield error minimisation - Yield curve spot rate, 10-year maturity",PCPA,0
YC.B.U2.EUR.4F.G_N_A.SV_C_YM.SR_10Y,B,U2,EUR,4F,G_N_A,SV_C_YM,SR_10Y,2024-04-12,2.4069398686,A,F,,,P1D,,E,,,,,,,,,,,,,,,Technical notes are available at the following link: https://www.ecb.europa.eu/stats/financial_markets_and_interest_rates/euro_area_yield_curves/shared/pdf/technical_notes.pdf,,6,,,AAA yield curve - 10-year spot rate,"Euro area (changing composition) - Government bond, nominal, all issuers whose rating is triple A - Svensson model - continuous compounding - yield error minimisation - Yield curve spot rate, 10-year maturity",PCPA,0
YC.B.U2.EUR.4F.G_N_A.SV_C_YM.SR_10Y,B,U2,EUR,4F,G_N_A,SV_C_YM,SR_10Y,2024-04-15,2.5043256274,A,F,,,P1D,,E,,,,,,,,,,,,,,,Technical notes are available at the following link: https://www.ecb.europa.eu/stats/financial_markets_and_interest_rates/euro_area_yield_curves/shared/pdf/technical_notes.pdf,,6,,,AAA yield curve - 10-year spot rate,"Euro area (changing composition) - Government bond, nominal, all issuers whose rating is triple A - Svensson model - continuous compounding - yield error minimisation - Yield curve spot rate, 10-year maturity",PCPA,0
YC.B.U2.EUR.4F.G_N_A.SV_C_YM.SR_10Y,B,U2,EUR,4F,G_N_A,SV_C_YM,SR_10Y,2024-04-16,2.565459395,A,F,,,P1D,,E,,,,,,,,,,,,,,,Technical notes are available at the following link: https://www.ecb.europa.eu/stats/financial_markets_and_interest_rates/euro_area_yield_curves/shared/pdf/technical_notes.pdf,,6,,,AAA yield curve - 10-year spot rate,"Euro area (changing composition) - Government bond, nominal, all issuers whose rating is triple A - Svensson model - continuous compounding - yield error minimisation - Yield curve spot rate, 10-year maturity",PCPA,0
YC.B.U2.EUR.4F.G_N_A.SV_C_YM.SR_10Y,B,U2,EUR,4F,G_N_A,SV_C_YM,SR_10Y,2024-04-17,2.54460631,A,F,,,P1D,,E,,,,,,,,,,,,,,,Technical notes are available at the following link: https://www.ecb.europa.eu/stats/financial_markets_and_interest_rates/euro_area_yield_curves/shared/pdf/technical_notes.pdf,,6,,,AAA yield curve - 10-year spot rate,"Euro area (changing composition) - Government bond, nominal, all issuers whose rating is triple A - Svensson model - continuous compounding - yield error minimisation - Yield curve spot rate, 10-year maturity",PCPA,0
YC.B.U2.EUR.4F.G_N_A.SV_C_YM.SR_10Y,B,U2,EUR,4F,G_N_A,SV_C_YM,SR_10Y,2024-04-18,2.5551833059,A,F,,,P1D,,E,,,,,,,,,,,,,,,Technical notes are available at the following link: https://www.ecb.europa.eu/stats/financial_markets_and_interest_rates/euro_area_yield_curves/shared/pdf/technical_notes.pdf,,6,,,AAA yield curve - 10-year spot rate,"Euro area (changing composition) - Government bond, nominal, all issuers whose rating is triple A - Svensson model - continuous compounding - yield error minimisation - Yield curve spot rate, 10-year maturity",PCPA,0
YC.B.U2.EUR.4F.G_N_A.SV_C_YM.SR_10Y,B,U2,EUR,4F,G_N_A,SV_C_YM,SR_10Y,2024-04-19,2.5772617894,A,F,,,P1D,,E,,,,,,,,,,,,,,,Technical notes are available at the following link: https://www.ecb.europa.eu/stats/financial_markets_and_interest_rates/euro_area_yield_curves/shared/pdf/technical_notes.pdf,,6,,,AAA yield curve - 10-year spot rate,"Euro area (changing composition) - Government bond, nominal, all issuers whose rating is triple A - Svensson model - continuous compounding - yield error minimisation - Yield curve spot rate, 10-year maturity",PCPA,0
YC.B.U2.EUR.4F.G_N_A.SV_C_YM.SR_10Y,B,U2,EUR,4F,G_N_A,SV_C_YM,SR_10Y,2024-04-22,2.5694069878,A,F,,,P1D,,E,,,,,,,,,,,,,,,Technical notes are available at the following link: https://www.ecb.europa.eu/stats/financial_markets_and_interest_rates/euro_area_yield_curves/shared/pdf/technical_notes.pdf,,6,,,AAA yield curve - 10-year spot rate,"Euro area (changing composition) - Government bond, nominal, all issuers whose rating is triple A - Svensson model - continuous compounding - yield error minimisation - Yield curve spot rate, 10-year maturity",PCPA,0
YC.B.U2.EUR.4F.G_N_A.SV_C_YM.SR_10Y,B,U2,EUR,4F,G_N_A,SV_C_YM,SR_10Y,2024-04-23,2.5613382913,A,F,,,P1D,,E,,,,,,,,,,,,,,,Technical notes are available at the following link: https://www.ecb.europa.eu/stats/financial_markets_and_interest_rates/euro_area_yield_curves/shared/pdf/technical_notes.pdf,,6,,,AAA yield curve - 10-year spot rate,"Euro area (changing composition) - Government bond, nominal, all issuers whose rating is triple A - Svensson model - continuous compounding - yield error minimisation - Yield curve spot rate, 10-year maturity",PCPA,0
YC.B.U2.EUR.4F.G_N_A.SV_C_YM.SR_10Y,B,U2,EUR,4F,G_N_A,SV_C_YM,SR_10Y,2024-04-24,2.6439607161,A,F,,,P1D,,E,,,,,,,,,,,,,,,Technical notes are available at the following link: https://www.ecb.europa.eu/stats/financial_markets_and_interest_rates/euro_area_yield_curves/shared/pdf/technical_notes.pdf,,6,,,AAA yield curve - 10-year spot rate,"Euro area (changing composition) - Government bond, nominal, all issuers whose rating is triple A - Svensson model - continuous compounding - yield error minimisation - Yield curve spot rate, 10-year maturity",PCPA,0
YC.B.U2.EUR.4F.G_N_A.SV_C_YM.SR_10Y,B,U2,EUR,4F,G_N_A,SV_C_YM,SR_10Y,2024-04-25,2.6968869031,A,F,,,P1D,,E,,,,,,,,,,,,,,,Technical notes are available at the following link: https://www.ecb.europa.eu/stats/financial_markets_and_interest_rates/euro_area_yield_curves/shared/pdf/technical_notes.pdf,,6,,,AAA yield curve - 10-year spot rate,"Euro area (changing composition) - Government bond, nominal, all issuers whose rating is triple A - Svensson model - continuous compounding - yield error minimisation - Yield curve spot rate, 10-year maturity",PCPA,0
YC.B.U2.EUR.4F.G_N_A.SV_C_YM.SR_10Y,B,U2,EUR,4F,G_N_A,SV_C_YM,SR_10Y,2024-04-26,2.623464679,A,F,,,P1D,,E,,,,,,,,,,,,,,,Technical notes are available at the following link: https://www.ecb.europa.eu/stats/financial_markets_and_interest_rates/euro_area_yield_curves/shared/pdf/technical_notes.pdf,,6,,,AAA yield curve - 10-year spot rate,"Euro area (changing composition) - Government bond, nominal, all issuers whose rating is triple A - Svensson model - continuous compounding - yield error minimisation - Yield curve spot rate, 10-year maturity",PCPA,0
YC.B.U2.EUR.4F.G_N_A.SV_C_YM.SR_10Y,B,U2,EUR,4F,G_N_A,SV_C_YM,SR_10Y,2024-04-29,2.5936184515,A,F,,,P1D,,E,,,,,,,,,,,,,,,Technical notes are available at the following link: https://www.ecb.europa.eu/stats/financial_markets_and_interest_rates/euro_area_yield_curves/shared/pdf/technical_notes.pdf,,6,,,AAA yield curve - 10-year spot rate,"Euro area (changing composition) - Government bond, nominal, all issuers whose rating is triple A - Svensson model - continuous compounding - yield error minimisation - Yield curve spot rate, 10-year maturity",PCPA,0
YC.B.U2.EUR.4F.G_N_A.SV_C_YM.SR_10Y,B,U2,EUR,4F,G_N_A,SV_C_YM,SR_10Y,2024-04-30,2.6368704855,A,F,,,P1D,,E,,,,,,,,,,,,,,,Technical notes are available at the following link: https://www.ecb.europa.eu/stats/financial_markets_and_interest_rates/euro_area_yield_curves/shared/pdf/technical_notes.pdf,,6,,,AAA yield curve - 10-year spot rate,"Euro area (changing composition) - Government bond, nominal, all issuers whose rating is triple A - Svensson model - continuous compounding - yield error minimisation - Yield curve spot rate, 10-year maturity",PCPA,0
YC.B.U2.EUR.4F.G_N_A.SV_C_YM.SR_10Y,B,U2,EUR,4F,G_N_A,SV_C_YM,SR_10Y,2024-05-02,2.6192687619,A,F,,,P1D,,E,,,,,,,,,,,,,,,Technical notes are available at the following link: https://www.ecb.europa.eu/stats/financial_markets_and_interest_rates/euro_area_yield_curves/shared/pdf/technical_notes.pdf,,6,,,AAA yield curve - 10-year spot rate,"Euro area (changing composition) - Government bond, nominal, all issuers whose rating is triple A - Svensson model - continuous compounding - yield error minimisation - Yield curve spot rate, 10-year maturity",PCPA,0
YC.B.U2.EUR.4F.G_N_A.SV_C_YM.SR_10Y,B,U2,EUR,4F,G_N_A,SV_C_YM,SR_10Y,2024-05-03,2.545998065,A,F,,,P1D,,E,,,,,,,,,,,,,,,Technical notes are available at the following link: https://www.ecb.europa.eu/stats/financial_markets_and_interest_rates/euro_area_yield_curves/shared/pdf/technical_notes.pdf,,6,,,AAA yield curve - 10-year spot rate,"Euro area (changing composition) - Government bond, nominal, all issuers whose rating is triple A - Svensson model - continuous compounding - yield error minimisation - Yield curve spot rate, 10-year maturity",PCPA,0
YC.B.U2.EUR.4F.G_N_A.SV_C_YM.SR_10Y,B,U2,EUR,4F,G_N_A,SV_C_YM,SR_10Y,2024-05-06,2.5137096838,A,F,,,P1D,,E,,,,,,,,,,,,,,,Technical notes are available at the following link: https://www.ecb.europa.eu/stats/financial_markets_and_interest_rates/euro_area_yield_curves/shared/pdf/technical_notes.pdf,,6,,,AAA yield curve - 10-year spot rate,"Euro area (changing composition) - Government bond, nominal, all issuers whose rating is triple A - Svensson model - continuous compounding - yield error minimisation - Yield curve spot rate, 10-year maturity",PCPA,0
YC.B.U2.EUR.4F.G_N_A.SV_C_YM.SR_10Y,B,U2,EUR,4F,G_N_A,SV_C_YM,SR_10Y,2024-05-07,2.4769806556,A,F,,,P1D,,E,,,,,,,,,,,,,,,Technical notes are available at the following link: https://www.ecb.europa.eu/stats/financial_markets_and_interest_rates/euro_area_yield_curves/shared/pdf/technical_notes.pdf,,6,,,AAA yield curve - 10-year spot rate,"Euro area (changing composition) - Government bond, nominal, all issuers whose rating is triple A - Svensson model - continuous compounding - yield error minimisation - Yield curve spot rate, 10-year maturity",PCPA,0
YC.B.U2.EUR.4F.G_N_A.SV_C_YM.SR_10Y,B,U2,EUR,4F,G_N_A,SV_C_YM,SR_10Y,2024-05-08,2.5155847885,A,F,,,P1D,,E,,,,,,,,,,,,,,,Technical notes are available at the following link: https://www.ecb.europa.eu/stats/financial_markets_and_interest_rates/euro_area_yield_curves/shared/pdf/technical_notes.pdf,,6,,,AAA yield curve - 10-year spot rate,"Euro area (changing composition) - Government bond, nominal, all issuers whose rating is triple A - Svensson model - continuous compounding - yield error minimisation - Yield curve spot rate, 10-year maturity",PCPA,0
YC.B.U2.EUR.4F.G_N_A.SV_C_YM.SR_10Y,B,U2,EUR,4F,G_N_A,SV_C_YM,SR_10Y,2024-05-09,2.5485134906,A,F,,,P1D,,E,,,,,,,,,,,,,,,Technical notes are available at the following link: https://www.ecb.europa.eu/stats/financial_markets_and_interest_rates/euro_area_yield_curves/shared/pdf/technical_notes.pdf,,6,,,AAA yield curve - 10-year spot rate,"Euro area (changing composition) - Government bond, nominal, all issuers whose rating is triple A - Svensson model - continuous compounding - yield error minimisation - Yield curve spot rate, 10-year maturity",PCPA,0
YC.B.U2.EUR.4F.G_N_A.SV_C_YM.SR_10Y,B,U2,EUR,4F,G_N_A,SV_C_YM,SR_10Y,2024-05-10,2.5607710993,A,F,,,P1D,,E,,,,,,,,,,,,,,,Technical notes are available at the following link: https://www.ecb.europa.eu/stats/financial_markets_and_interest_rates/euro_area_yield_curves/shared/pdf/technical_notes.pdf,,6,,,AAA yield curve - 10-year spot rate,"Euro area (changing composition) - Government bond, nominal, all issuers whose rating is triple A - Svensson model - continuous compounding - yield error minimisation - Yield curve spot rate, 10-year maturity",PCPA,0
YC.B.U2.EUR.4F.G_N_A.SV_C_YM.SR_10Y,B,U2,EUR,4F,G_N_A,SV_C_YM,SR_10Y,2024-05-13,2.5539771945,A,F,,,P1D,,E,,,,,,,,,,,,,,,Technical notes are available at the following link: https://www.ecb.europa.eu/stats/financial_markets_and_interest_rates/euro_area_yield_curves/shared/pdf/technical_notes.pdf,,6,,,AAA yield curve - 10-year spot rate,"Euro area (changing composition) - Government bond, nominal, all issuers whose rating is triple A - Svensson model - continuous compounding - yield error minimisation - Yield curve spot rate, 10-year maturity",PCPA,0
YC.B.U2.EUR.4F.G_N_A.SV_C_YM.SR_10Y,B,U2,EUR,4F,G_N_A,SV_C_YM,SR_10Y,2024-05-14,2.5869324297,A,F,,,P1D,,E,,,,,,,,,,,,,,,Technical notes are available at the following link: https://www.ecb.europa.eu/stats/financial_markets_and_interest_rates/euro_area_yield_curves/shared/pdf/technical_notes.pdf,,6,,,AAA yield curve - 10-year spot rate,"Euro area (changing composition) - Government bond, nominal, all issuers whose rating is triple A - Svensson model - continuous compounding - yield error minimisation - Yield curve spot rate, 10-year maturity",PCPA,0
YC.B.U2.EUR.4F.G_N_A.SV_C_YM.SR_10Y,B,U2,EUR,4F,G_N_A,SV_C_YM,SR_10Y,2024-05-15,2.4997507148,A,F,,,P1D,,E,,,,,,,,,,,,,,,Technical notes are available at the following link: https://www.ecb.europa.eu/stats/financial_markets_and_interest_rates/euro_area_yield_curves/shared/pdf/technical_notes.pdf,,6,,,AAA yield curve - 10-year spot rate,"Euro area (changing composition) - Government bond, nominal, all issuers whose rating is triple A - Svensson model - continuous compounding - yield error minimisation - Yield curve spot rate, 10-year maturity",PCPA,0
YC.B.U2.EUR.4F.G_N_A.SV_C_YM.SR_10Y,B,U2,EUR,4F,G_N_A,SV_C_YM,SR_10Y,2024-05-16,2.5059329536,A,F,,,P1D,,E,,,,,,,,,,,,,,,Technical notes are available at the following link: https://www.ecb.europa.eu/stats/financial_markets_and_interest_rates/euro_area_yield_curves/shared/pdf/technical_notes.pdf,,6,,,AAA yield curve - 10-year spot rate,"Euro area (changing composition) - Government bond, nominal, all issuers whose rating is triple A - Svensson model - continuous compounding - yield error minimisation - Yield curve spot rate, 10-year maturity",PCPA,0
YC.B.U2.EUR.4F.G_N_A.SV_C_YM.SR_10Y,B,U2,EUR,4F,G_N_A,SV_C_YM,SR_10Y,2024-05-17,2.5736443805,A,F,,,P1D,,E,,,,,,,,,,,,,,,Technical notes are available at the following link: https://www.ecb.europa.eu/stats/financial_markets_and_interest_rates/euro_area_yield_curves/shared/pdf/technical_notes.pdf,,6,,,AAA yield curve - 10-year spot rate,"Euro area (changing composition) - Government bond, nominal, all issuers whose rating is triple A - Svensson model - continuous compounding - yield error minimisation - Yield curve spot rate, 10-year maturity",PCPA,0
YC.B.U2.EUR.4F.G_N_A.SV_C_YM.SR_10Y,B,U2,EUR,4F,G_N_A,SV_C_YM,SR_10Y,2024-05-20,2.5928737019,A,F,,,P1D,,E,,,,,,,,,,,,,,,Technical notes are available at the following link: https://www.ecb.europa.eu/stats/financial_markets_and_interest_rates/euro_area_yield_curves/shared/pdf/technical_notes.pdf,,6,,,AAA yield curve - 10-year spot rate,"Euro area (changing composition) - Government bond, nominal, all issuers whose rating is triple A - Svensson model - continuous compounding - yield error minimisation - Yield curve spot rate, 10-year maturity",PCPA,0
YC.B.U2.EUR.4F.G_N_A.SV_C_YM.SR_10Y,B,U2,EUR,4F,G_N_A,SV_C_YM,SR_10Y,2024-05-21,2.56338861,A,F,,,P1D,,E,,,,,,,,,,,,,,,Technical notes are available at the following link: https://www.ecb.europa.eu/stats/financial_markets_and_interest_rates/euro_area_yield_curves/shared/pdf/technical_notes.pdf,,6,,,AAA yield curve - 10-year spot rate,"Euro area (changing composition) - Government bond, nominal, all issuers whose rating is triple A - Svensson model - continuous compounding - yield error minimisation - Yield curve spot rate, 10-year maturity",PCPA,0
YC.B.U2.EUR.4F.G_N_A.SV_C_YM.SR_10Y,B,U2,EUR,4F,G_N_A,SV_C_YM,SR_10Y,2024-05-22,2.5938440854,A,F,,,P1D,,E,,,,,,,,,,,,,,,Technical notes are available at the following link: https://www.ecb.europa.eu/stats/financial_markets_and_interest_rates/euro_area_yield_curves/shared/pdf/technical_notes.pdf,,6,,,AAA yield curve - 10-year spot rate,"Euro area (changing composition) - Government bond, nominal, all issuers whose rating is triple A - Svensson model - continuous compounding - yield error minimisation - Yield curve spot rate, 10-year maturity",PCPA,0
YC.B.U2.EUR.4F.G_N_A.SV_C_YM.SR_10Y,B,U2,EUR,4F,G_N_A,SV_C_YM,SR_10Y,2024-05-23,2.6421578714,A,F,,,P1D,,E,,,,,,,,,,,,,,,Technical notes are available at the following link: https://www.ecb.europa.eu/stats/financial_markets_and_interest_rates/euro_area_yield_curves/shared/pdf/technical_notes.pdf,,6,,,AAA yield curve - 10-year spot rate,"Euro area (changing composition) - Government bond, nominal, all issuers whose rating is triple A - Svensson model - continuous compounding - yield error minimisation - Yield curve spot rate, 10-year maturity",PCPA,0
YC.B.U2.EUR.4F.G_N_A.SV_C_YM.SR_10Y,B,U2,EUR,4F,G_N_A,SV_C_YM,SR_10Y,2024-05-24,2.6524141248,A,F,,,P1D,,E,,,,,,,,,,,,,,,Technical notes are available at the following link: https://www.ecb.europa.eu/stats/financial_markets_and_interest_rates/euro_area_yield_curves/shared/pdf/technical_notes.pdf,,6,,,AAA yield curve - 10-year spot rate,"Euro area (changing composition) - Government bond, nominal, all issuers whose rating is triple A - Svensson model - continuous compounding - yield error minimisation - Yield curve spot rate, 10-year maturity",PCPA,0
YC.B.U2.EUR.4F.G_N_A.SV_C_YM.SR_10Y,B,U2,EUR,4F,G_N_A,SV_C_YM,SR_10Y,2024-05-27,2.5984978775,A,F,,,P1D,,E,,,,,,,,,,,,,,,Technical notes are available at the following link: https://www.ecb.europa.eu/stats/financial_markets_and_interest_rates/euro_area_yield_curves/shared/pdf/technical_notes.pdf,,6,,,AAA yield curve - 10-year spot rate,"Euro area (changing composition) - Government bond, nominal, all issuers whose rating is triple A - Svensson model - continuous compounding - yield error minimisation - Yield curve spot rate, 10-year maturity",PCPA,0
YC.B.U2.EUR.4F.G_N_A.SV_C_YM.SR_10Y,B,U2,EUR,4F,G_N_A,SV_C_YM,SR_10Y,2024-05-28,2.6248221592,A,F,,,P1D,,E,,,,,,,,,,,,,,,Technical notes are available at the following link: https://www.ecb.europa.eu/stats/financial_markets_and_interest_rates/euro_area_yield_curves/shared/pdf/technical_notes.pdf,,6,,,AAA yield curve - 10-year spot rate,"Euro area (changing composition) - Government bond, nominal, all issuers whose rating is triple A - Svensson model - continuous compounding - yield error minimisation - Yield curve spot rate, 10-year maturity",PCPA,0
YC.B.U2.EUR.4F.G_N_A.SV_C_YM.SR_10Y,B,U2,EUR,4F,G_N_A,SV_C_YM,SR_10Y,2024-05-29,2.7193243024,A,F,,,P1D,,E,,,,,,,,,,,,,,,Technical notes are available at the following link: https://www.ecb.europa.eu/stats/financial_markets_and_interest_rates/euro_area_yield_curves/shared/pdf/technical_notes.pdf,,6,,,AAA yield curve - 10-year spot rate,"Euro area (changing composition) - Government bond, nominal, all issuers whose rating is triple A - Svensson model - continuous compounding - yield error minimisation - Yield curve spot rate, 10-year maturity",PCPA,0
YC.B.U2.EUR.4F.G_N_A.SV_C_YM.SR_10Y,B,U2,EUR,4F,G_N_A,SV_C_YM,SR_10Y,2024-05-30,2.7374225597,A,F,,,P1D,,E,,,,,,,,,,,,,,,Technical notes are available at the following link: https://www.ecb.europa.eu/stats/financial_markets_and_interest_rates/euro_area_yield_curves/shared/pdf/technical_notes.pdf,,6,,,AAA yield curve - 10-year spot rate,"Euro area (changing composition) - Government bond, nominal, all issuers whose rating is triple A - Svensson model - continuous compounding - yield error minimisation - Yield curve spot rate, 10-year maturity",PCPA,0
YC.B.U2.EUR.4F.G_N_A.SV_C_YM.SR_10Y,B,U2,EUR,4F,G_N_A,SV_C_YM,SR_10Y,2024-05-31,2.7015587512,A,F,,,P1D,,E,,,,,,,,,,,,,,,Technical notes are available at the following link: https://www.ecb.europa.eu/stats/financial_markets_and_interest_rates/euro_area_yield_curves/shared/pdf/technical_notes.pdf,,6,,,AAA yield curve - 10-year spot rate,"Euro area (changing composition) - Government bond, nominal, all issuers whose rating is triple A - Svensson model - continuous compounding - yield error minimisation - Yield curve spot rate, 10-year maturity",PCPA,0
YC.B.U2.EUR.4F.G_N_A.SV_C_YM.SR_10Y,B,U2,EUR,4F,G_N_A,SV_C_YM,SR_10Y,2024-06-03,2.6614829951,A,F,,,P1D,,E,,,,,,,,,,,,,,,Technical notes are available at the following link: https://www.ecb.europa.eu/stats/financial_markets_and_interest_rates/euro_area_yield_curves/shared/pdf/technical_notes.pdf,,6,,,AAA yield curve - 10-year spot rate,"Euro area (changing composition) - Government bond, nominal, all issuers whose rating is triple A - Svensson model - continuous compounding - yield error minimisation - Yield curve spot rate, 10-year maturity",PCPA,0
YC.B.U2.EUR.4F.G_N_A.SV_C_YM.SR_10Y,B,U2,EUR,4F,G_N_A,SV_C_YM,SR_10Y,2024-06-04,2.597435378,A,F,,,P1D,,E,,,,,,,,,,,,,,,Technical notes are available at the following link: https://www.ecb.europa.eu/stats/financial_markets_and_interest_rates/euro_area_yield_curves/shared/pdf/technical_notes.pdf,,6,,,AAA yield curve - 10-year spot rate,"Euro area (changing composition) - Government bond, nominal, all issuers whose rating is triple A - Svensson model - continuous compounding - yield error minimisation - Yield curve spot rate, 10-year maturity",PCPA,0
YC.B.U2.EUR.4F.G_N_A.SV_C_YM.SR_10Y,B,U2,EUR,4F,G_N_A,SV_C_YM,SR_10Y,2024-06-05,2.5676072225,A,F,,,P1D,,E,,,,,,,,,,,,,,,Technical notes are available at the following link: https://www.ecb.europa.eu/stats/financial_markets_and_interest_rates/euro_area_yield_curves/shared/pdf/technical_notes.pdf,,6,,,AAA yield curve - 10-year spot rate,"Euro area (changing composition) - Government bond, nominal, all issuers whose rating is triple A - Svensson model - continuous compounding - yield error minimisation - Yield curve spot rate, 10-year maturity",PCPA,0
YC.B.U2.EUR.4F.G_N_A.SV_C_YM.SR_10Y,B,U2,EUR,4F,G_N_A,SV_C_YM,SR_10Y,2024-06-06,2.6218140315,A,F,,,P1D,,E,,,,,,,,,,,,,,,Technical notes are available at the following link: https://www.ecb.europa.eu/stats/financial_markets_and_interest_rates/euro_area_yield_curves/shared/pdf/technical_notes.pdf,,6,,,AAA yield curve - 10-year spot rate,"Euro area (changing composition) - Government bond, nominal, all issuers whose rating is triple A - Svensson model - continuous compounding - yield error minimisation - Yield curve spot rate, 10-year maturity",PCPA,0
YC.B.U2.EUR.4F.G_N_A.SV_C_YM.SR_10Y,B,U2,EUR,4F,G_N_A,SV_C_YM,SR_10Y,2024-06-07,2.6867722412,A,F,,,P1D,,E,,,,,,,,,,,,,,,Technical notes are available at the following link: https://www.ecb.europa.eu/stats/financial_markets_and_interest_rates/euro_area_yield_curves/shared/pdf/technical_notes.pdf,,6,,,AAA yield curve - 10-year spot rate,"Euro area (changing composition) - Government bond, nominal, all issuers whose rating is triple A - Svensson model - continuous compounding - yield error minimisation - Yield curve spot rate, 10-year maturity",PCPA,0
YC.B.U2.EUR.4F.G_N_A.SV_C_YM.SR_10Y,B,U2,EUR,4F,G_N_A,SV_C_YM,SR_10Y,2024-06-10,2.7385184555,A,F,,,P1D,,E,,,,,,,,,,,,,,,Technical notes are available at the following link: https://www.ecb.europa.eu/stats/financial_markets_and_interest_rates/euro_area_yield_curves/shared/pdf/technical_notes.pdf,,6,,,AAA yield curve - 10-year spot rate,"Euro area (changing composition) - Government bond, nominal, all issuers whose rating is triple A - Svensson model - continuous compounding - yield error minimisation - Yield curve spot rate, 10-year maturity",PCPA,0
YC.B.U2.EUR.4F.G_N_A.SV_C_YM.SR_10Y,B,U2,EUR,4F,G_N_A,SV_C_YM,SR_10Y,2024-06-11,2.70750727,A,F,,,P1D,,E,,,,,,,,,,,,,,,Technical notes are available at the following link: https://www.ecb.europa.eu/stats/financial_markets_and_interest_rates/euro_area_yield_curves/shared/pdf/technical_notes.pdf,,6,,,AAA yield curve - 10-year spot rate,"Euro area (changing composition) - Government bond, nominal, all issuers whose rating is triple A - Svensson model - continuous compounding - yield error minimisation - Yield curve spot rate, 10-year maturity",PCPA,0
YC.B.U2.EUR.4F.G_N_A.SV_C_YM.SR_10Y,B,U2,EUR,4F,G_N_A,SV_C_YM,SR_10Y,2024-06-12,2.5967936569,A,F,,,P1D,,E,,,,,,,,,,,,,,,Technical notes are available at the following link: https://www.ecb.europa.eu/stats/financial_markets_and_interest_rates/euro_area_yield_curves/shared/pdf/technical_notes.pdf,,6,,,AAA yield curve - 10-year spot rate,"Euro area (changing composition) - Government bond, nominal, all issuers whose rating is triple A - Svensson model - continuous compounding - yield error minimisation - Yield curve spot rate, 10-year maturity",PCPA,0
YC.B.U2.EUR.4F.G_N_A.SV_C_YM.SR_10Y,B,U2,EUR,4F,G_N_A,SV_C_YM,SR_10Y,2024-06-13,2.5855197162,A,F,,,P1D,,E,,,,,,,,,,,,,,,Technical notes are available at the following link: https://www.ecb.europa.eu/stats/financial_markets_and_interest_rates/euro_area_yield_curves/shared/pdf/technical_notes.pdf,,6,,,AAA yield curve - 10-year spot rate,"Euro area (changing composition) - Government bond, nominal, all issuers whose rating is triple A - Svensson model - continuous compounding - yield error minimisation - Yield curve spot rate, 10-year maturity",PCPA,0
YC.B.U2.EUR.4F.G_N_A.SV_C_YM.SR_10Y,B,U2,EUR,4F,G_N_A,SV_C_YM,SR_10Y,2024-06-14,2.4086873262,A,F,,,P1D,,E,,,,,,,,,,,,,,,Technical notes are available at the following link: https://www.ecb.europa.eu/stats/financial_markets_and_interest_rates/euro_area_yield_curves/shared/pdf/technical_notes.pdf,,6,,,AAA yield curve - 10-year spot rate,"Euro area (changing composition) - Government bond, nominal, all issuers whose rating is triple A - Svensson model - continuous compounding - yield error minimisation - Yield curve spot rate, 10-year maturity",PCPA,0
YC.B.U2.EUR.4F.G_N_A.SV_C_YM.SR_10Y,B,U2,EUR,4F,G_N_A,SV_C_YM,SR_10Y,2024-06-17,2.4874036276,A,F,,,P1D,,E,,,,,,,,,,,,,,,Technical notes are available at the following link: https://www.ecb.europa.eu/stats/financial_markets_and_interest_rates/euro_area_yield_curves/shared/pdf/technical_notes.pdf,,6,,,AAA yield curve - 10-year spot rate,"Euro area (changing composition) - Government bond, nominal, all issuers whose rating is triple A - Svensson model - continuous compounding - yield error minimisation - Yield curve spot rate, 10-year maturity",PCPA,0
YC.B.U2.EUR.4F.G_N_A.SV_C_YM.SR_10Y,B,U2,EUR,4F,G_N_A,SV_C_YM,SR_10Y,2024-06-18,2.476220875,A,F,,,P1D,,E,,,,,,,,,,,,,,,Technical notes are available at the following link: https://www.ecb.europa.eu/stats/financial_markets_and_interest_rates/euro_area_yield_curves/shared/pdf/technical_notes.pdf,,6,,,AAA yield curve - 10-year spot rate,"Euro area (changing composition) - Government bond, nominal, all issuers whose rating is triple A - Svensson model - continuous compounding - yield error minimisation - Yield curve spot rate, 10-year maturity",PCPA,0
YC.B.U2.EUR.4F.G_N_A.SV_C_YM.SR_10Y,B,U2,EUR,4F,G_N_A,SV_C_YM,SR_10Y,2024-06-19,2.4754923156,A,F,,,P1D,,E,,,,,,,,,,,,,,,Technical notes are available at the following link: https://www.ecb.europa.eu/stats/financial_markets_and_interest_rates/euro_area_yield_curves/shared/pdf/technical_notes.pdf,,6,,,AAA yield curve - 10-year spot rate,"Euro area (changing composition) - Government bond, nominal, all issuers whose rating is triple A - Svensson model - continuous compounding - yield error minimisation - Yield curve spot rate, 10-year maturity",PCPA,0
YC.B.U2.EUR.4F.G_N_A.SV_C_YM.SR_10Y,B,U2,EUR,4F,G_N_A,SV_C_YM,SR_10Y,2024-06-20,2.5093927539,A,F,,,P1D,,E,,,,,,,,,,,,,,,Technical notes are available at the following link: https://www.ecb.europa.eu/stats/financial_markets_and_interest_rates/euro_area_yield_curves/shared/pdf/technical_notes.pdf,,6,,,AAA yield curve - 10-year spot rate,"Euro area (changing composition) - Government bond, nominal, all issuers whose rating is triple A - Svensson model - continuous compounding - yield error minimisation - Yield curve spot rate, 10-year maturity",PCPA,0
YC.B.U2.EUR.4F.G_N_A.SV_C_YM.SR_10Y,B,U2,EUR,4F,G_N_A,SV_C_YM,SR_10Y,2024-06-21,2.4501759972,A,F,,,P1D,,E,,,,,,,,,,,,,,,Technical notes are available at the following link: https://www.ecb.europa.eu/stats/financial_markets_and_interest_rates/euro_area_yield_curves/shared/pdf/technical_notes.pdf,,6,,,AAA yield curve - 10-year spot rate,"Euro area (changing composition) - Government bond, nominal, all issuers whose rating is triple A - Svensson model - continuous compounding - yield error minimisation - Yield curve spot rate, 10-year maturity",PCPA,0
YC.B.U2.EUR.4F.G_N_A.SV_C_YM.SR_10Y,B,U2,EUR,4F,G_N_A,SV_C_YM,SR_10Y,2024-06-24,2.4790816716,A,F,,,P1D,,E,,,,,,,,,,,,,,,Technical notes are available at the following link: https://www.ecb.europa.eu/stats/financial_markets_and_interest_rates/euro_area_yield_curves/shared/pdf/technical_notes.pdf,,6,,,AAA yield curve - 10-year spot rate,"Euro area (changing composition) - Government bond, nominal, all issuers whose rating is triple A - Svensson model - continuous compounding - yield error minimisation - Yield curve spot rate, 10-year maturity",PCPA,0
YC.B.U2.EUR.4F.G_N_A.SV_C_YM.SR_10Y,B,U2,EUR,4F,G_N_A,SV_C_YM,SR_10Y,2024-06-25,2.4437824241,A,F,,,P1D,,E,,,,,,,,,,,,,,,Technical notes are available at the following link: https://www.ecb.europa.eu/stats/financial_markets_and_interest_rates/euro_area_yield_curves/shared/pdf/technical_notes.pdf,,6,,,AAA yield curve - 10-year spot rate,"Euro area (changing composition) - Government bond, nominal, all issuers whose rating is triple A - Svensson model - continuous compounding - yield error minimisation - Yield curve spot rate, 10-year maturity",PCPA,0
YC.B.U2.EUR.4F.G_N_A.SV_C_YM.SR_10Y,B,U2,EUR,4F,G_N_A,SV_C_YM,SR_10Y,2024-06-26,2.4887604599,A,F,,,P1D,,E,,,,,,,,,,,,,,,Technical notes are available at the following link: https://www.ecb.europa.eu/stats/financial_markets_and_interest_rates/euro_area_yield_curves/shared/pdf/technical_notes.pdf,,6,,,AAA yield curve - 10-year spot rate,"Euro area (changing composition) - Government bond, nominal, all issuers whose rating is triple A - Svensson model - continuous compounding - yield error minimisation - Yield curve spot rate, 10-year maturity",PCPA,0
YC.B.U2.EUR.4F.G_N_A.SV_C_YM.SR_10Y,B,U2,EUR,4F,G_N_A,SV_C_YM,SR_10Y,2024-06-27,2.4895226334,A,F,,,P1D,,E,,,,,,,,,,,,,,,Technical notes are available at the following link: https://www.ecb.europa.eu/stats/financial_markets_and_interest_rates/euro_area_yield_curves/shared/pdf/technical_notes.pdf,,6,,,AAA yield curve - 10-year spot rate,"Euro area (changing composition) - Government bond, nominal, all issuers whose rating is triple A - Svensson model - continuous compounding - yield error minimisation - Yield curve spot rate, 10-year maturity",PCPA,0
YC.B.U2.EUR.4F.G_N_A.SV_C_YM.SR_10Y,B,U2,EUR,4F,G_N_A,SV_C_YM,SR_10Y,2024-06-28,2.5019106798,A,F,,,P1D,,E,,,,,,,,,,,,,,,Technical notes are available at the following link: https://www.ecb.europa.eu/stats/financial_markets_and_interest_rates/euro_area_yield_curves/shared/pdf/technical_notes.pdf,,6,,,AAA yield curve - 10-year spot rate,"Euro area (changing composition) - Government bond, nominal, all issuers whose rating is triple A - Svensson model - continuous compounding - yield error minimisation - Yield curve spot rate, 10-year maturity",PCPA,0
YC.B.U2.EUR.4F.G_N_A.SV_C_YM.SR_10Y,B,U2,EUR,4F,G_N_A,SV_C_YM,SR_10Y,2024-07-01,2.6351168331,A,F,,,P1D,,E,,,,,,,,,,,,,,,Technical notes are available at the following link: https://www.ecb.europa.eu/stats/financial_markets_and_interest_rates/euro_area_yield_curves/shared/pdf/technical_notes.pdf,,6,,,AAA yield curve - 10-year spot rate,"Euro area (changing composition) - Government bond, nominal, all issuers whose rating is triple A - Svensson model - continuous compounding - yield error minimisation - Yield curve spot rate, 10-year maturity",PCPA,0
YC.B.U2.EUR.4F.G_N_A.SV_C_YM.SR_10Y,B,U2,EUR,4F,G_N_A,SV_C_YM,SR_10Y,2024-07-02,2.625718203,A,F,,,P1D,,E,,,,,,,,,,,,,,,Technical notes are available at the following link: https://www.ecb.europa.eu/stats/financial_markets_and_interest_rates/euro_area_yield_curves/shared/pdf/technical_notes.pdf,,6,,,AAA yield curve - 10-year spot rate,"Euro area (changing composition) - Government bond, nominal, all issuers whose rating is triple A - Svensson model - continuous compounding - yield error minimisation - Yield curve spot rate, 10-year maturity",PCPA,0
YC.B.U2.EUR.4F.G_N_A.SV_C_YM.SR_10Y,B,U2,EUR,4F,G_N_A,SV_C_YM,SR_10Y,2024-07-03,2.6278943813,A,F,,,P1D,,E,,,,,,,,,,,,,,,Technical notes are available at the following link: https://www.ecb.europa.eu/stats/financial_markets_and_interest_rates/euro_area_yield_curves/shared/pdf/technical_notes.pdf,,6,,,AAA yield curve - 10-year spot rate,"Euro area (changing composition) - Government bond, nominal, all issuers whose rating is triple A - Svensson model - continuous compounding - yield error minimisation - Yield curve spot rate, 10-year maturity",PCPA,0
YC.B.U2.EUR.4F.G_N_A.SV_C_YM.SR_10Y,B,U2,EUR,4F,G_N_A,SV_C_YM,SR_10Y,2024-07-04,2.6237373697,A,F,,,P1D,,E,,,,,,,,,,,,,,,Technical notes are available at the following link: https://www.ecb.europa.eu/stats/financial_markets_and_interest_rates/euro_area_yield_curves/shared/pdf/technical_notes.pdf,,6,,,AAA yield curve - 10-year spot rate,"Euro area (changing composition) - Government bond, nominal, all issuers whose rating is triple A - Svensson model - continuous compounding - yield error minimisation - Yield curve spot rate, 10-year maturity",PCPA,0
YC.B.U2.EUR.4F.G_N_A.SV_C_YM.SR_10Y,B,U2,EUR,4F,G_N_A,SV_C_YM,SR_10Y,2024-07-05,2.5996836001,A,F,,,P1D,,E,,,,,,,,,,,,,,,Technical notes are available at the following link: https://www.ecb.europa.eu/stats/financial_markets_and_interest_rates/euro_area_yield_curves/shared/pdf/technical_notes.pdf,,6,,,AAA yield curve - 10-year spot rate,"Euro area (changing composition) - Government bond, nominal, all issuers whose rating is triple A - Svensson model - continuous compounding - yield error minimisation - Yield curve spot rate, 10-year maturity",PCPA,0
YC.B.U2.EUR.4F.G_N_A.SV_C_YM.SR_10Y,B,U2,EUR,4F,G_N_A,SV_C_YM,SR_10Y,2024-07-08,2.5707227465,A,F,,,P1D,,E,,,,,,,,,,,,,,,Technical notes are available at the following link: https://www.ecb.europa.eu/stats/financial_markets_and_interest_rates/euro_area_yield_curves/shared/pdf/technical_notes.pdf,,6,,,AAA yield curve - 10-year spot rate,"Euro area (changing composition) - Government bond, nominal, all issuers whose rating is triple A - Svensson model - continuous compounding - yield error minimisation - Yield curve spot rate, 10-year maturity",PCPA,0
YC.B.U2.EUR.4F.G_N_A.SV_C_YM.SR_10Y,B,U2,EUR,4F,G_N_A,SV_C_YM,SR_10Y,2024-07-09,2.5941446777,A,F,,,P1D,,E,,,,,,,,,,,,,,,Technical notes are available at the following link: https://www.ecb.europa.eu/stats/financial_markets_and_interest_rates/euro_area_yield_curves/shared/pdf/technical_notes.pdf,,6,,,AAA yield curve - 10-year spot rate,"Euro area (changing composition) - Government bond, nominal, all issuers whose rating is triple A - Svensson model - continuous compounding - yield error minimisation - Yield curve spot rate, 10-year maturity",PCPA,0
YC.B.U2.EUR.4F.G_N_A.SV_C_YM.SR_10Y,B,U2,EUR,4F,G_N_A,SV_C_YM,SR_10Y,2024-07-10,2.5570724353,A,F,,,P1D,,E,,,,,,,,,,,,,,,Technical notes are available at the following link: https://www.ecb.europa.eu/stats/financial_markets_and_interest_rates/euro_area_yield_curves/shared/pdf/technical_notes.pdf,,6,,,AAA yield curve - 10-year spot rate,"Euro area (changing composition) - Government bond, nominal, all issuers whose rating is triple A - Svensson model - continuous compounding - yield error minimisation - Yield curve spot rate, 10-year maturity",PCPA,0
YC.B.U2.EUR.4F.G_N_A.SV_C_YM.SR_10Y,B,U2,EUR,4F,G_N_A,SV_C_YM,SR_10Y,2024-07-11,2.498110511,A,F,,,P1D,,E,,,,,,,,,,,,,,,Technical notes are available at the following link: https://www.ecb.europa.eu/stats/financial_markets_and_interest_rates/euro_area_yield_curves/shared/pdf/technical_notes.pdf,,6,,,AAA yield curve - 10-year spot rate,"Euro area (changing composition) - Government bond, nominal, all issuers whose rating is triple A - Svensson model - continuous compounding - yield error minimisation - Yield curve spot rate, 10-year maturity",PCPA,0
YC.B.U2.EUR.4F.G_N_A.SV_C_YM.SR_10Y,B,U2,EUR,4F,G_N_A,SV_C_YM,SR_10Y,2024-07-12,2.5167895001,A,F,,,P1D,,E,,,,,,,,,,,,,,,Technical notes are available at the following link: https://www.ecb.europa.eu/stats/financial_markets_and_interest_rates/euro_area_yield_curves/shared/pdf/technical_notes.pdf,,6,,,AAA yield curve - 10-year spot rate,"Euro area (changing composition) - Government bond, nominal, all issuers whose rating is triple A - Svensson model - continuous compounding - yield error minimisation - Yield curve spot rate, 10-year maturity",PCPA,0
YC.B.U2.EUR.4F.G_N_A.SV_C_YM.SR_10Y,B,U2,EUR,4F,G_N_A,SV_C_YM,SR_10Y,2024-07-15,2.5140039627,A,F,,,P1D,,E,,,,,,,,,,,,,,,Technical notes are available at the following link: https://www.ecb.europa.eu/stats/financial_markets_and_interest_rates/euro_area_yield_curves/shared/pdf/technical_notes.pdf,,6,,,AAA yield curve - 10-year spot rate,"Euro area (changing composition) - Government bond, nominal, all issuers whose rating is triple A - Svensson model - continuous compounding - yield error minimisation - Yield curve spot rate, 10-year maturity",PCPA,0
YC.B.U2.EUR.4F.G_N_A.SV_C_YM.SR_10Y,B,U2,EUR,4F,G_N_A,SV_C_YM,SR_10Y,2024-07-16,2.4645170295,A,F,,,P1D,,E,,,,,,,,,,,,,,,Technical notes are available at the following link: https://www.ecb.europa.eu/stats/financial_markets_and_interest_rates/euro_area_yield_curves/shared/pdf/technical_notes.pdf,,6,,,AAA yield curve - 10-year spot rate,"Euro area (changing composition) - Government bond, nominal, all issuers whose rating is triple A - Svensson model - continuous compounding - yield error minimisation - Yield curve spot rate, 10-year maturity",PCPA,0
YC.B.U2.EUR.4F.G_N_A.SV_C_YM.SR_10Y,B,U2,EUR,4F,G_N_A,SV_C_YM,SR_10Y,2024-07-17,2.4612971986,A,F,,,P1D,,E,,,,,,,,,,,,,,,Technical notes are available at the following link: https://www.ecb.europa.eu/stats/financial_markets_and_interest_rates/euro_area_yield_curves/shared/pdf/technical_notes.pdf,,6,,,AAA yield curve - 10-year spot rate,"Euro area (changing composition) - Government bond, nominal, all issuers whose rating is triple A - Svensson model - continuous compounding - yield error minimisation - Yield curve spot rate, 10-year maturity",PCPA,0
YC.B.U2.EUR.4F.G_N_A.SV_C_YM.SR_10Y,B,U2,EUR,4F,G_N_A,SV_C_YM,SR_10Y,2024-07-18,2.4367519932,A,F,,,P1D,,E,,,,,,,,,,,,,,,Technical notes are available at the following link: https://www.ecb.europa.eu/stats/financial_markets_and_interest_rates/euro_area_yield_curves/shared/pdf/technical_notes.pdf,,6,,,AAA yield curve - 10-year spot rate,"Euro area (changing composition) - Government bond, nominal, all issuers whose rating is triple A - Svensson model - continuous compounding - yield error minimisation - Yield curve spot rate, 10-year maturity",PCPA,0
YC.B.U2.EUR.4F.G_N_A.SV_C_YM.SR_10Y,B,U2,EUR,4F,G_N_A,SV_C_YM,SR_10Y,2024-07-19,2.4965557827,A,F,,,P1D,,E,,,,,,,,,,,,,,,Technical notes are available at the following link: https://www.ecb.europa.eu/stats/financial_markets_and_interest_rates/euro_area_yield_curves/shared/pdf/technical_notes.pdf,,6,,,AAA yield curve - 10-year spot rate,"Euro area (changing composition) - Government bond, nominal, all issuers whose rating is triple A - Svensson model - continuous compounding - yield error minimisation - Yield curve spot rate, 10-year maturity",PCPA,0
YC.B.U2.EUR.4F.G_N_A.SV_C_YM.SR_10Y,B,U2,EUR,4F,G_N_A,SV_C_YM,SR_10Y,2024-07-22,2.5105437773,A,F,,,P1D,,E,,,,,,,,,,,,,,,Technical notes are available at the following link: https://www.ecb.europa.eu/stats/financial_markets_and_interest_rates/euro_area_yield_curves/shared/pdf/technical_notes.pdf,,6,,,AAA yield curve - 10-year spot rate,"Euro area (changing composition) - Government bond, nominal, all issuers whose rating is triple A - Svensson model - continuous compounding - yield error minimisation - Yield curve spot rate, 10-year maturity",PCPA,0
YC.B.U2.EUR.4F.G_N_A.SV_C_YM.SR_10Y,B,U2,EUR,4F,G_N_A,SV_C_YM,SR_10Y,2024-07-23,2.4776943683,A,F,,,P1D,,E,,,,,,,,,,,,,,,Technical notes are available at the following link: https://www.ecb.europa.eu/stats/financial_markets_and_interest_rates/euro_area_yield_curves/shared/pdf/technical_notes.pdf,,6,,,AAA yield curve - 10-year spot rate,"Euro area (changing composition) - Government bond, nominal, all issuers whose rating is triple A - Svensson model - continuous compounding - yield error minimisation - Yield curve spot rate, 10-year maturity",PCPA,0
YC.B.U2.EUR.4F.G_N_A.SV_C_YM.SR_10Y,B,U2,EUR,4F,G_N_A,SV_C_YM,SR_10Y,2024-07-24,2.4715110514,A,F,,,P1D,,E,,,,,,,,,,,,,,,Technical notes are available at the following link: https://www.ecb.europa.eu/stats/financial_markets_and_interest_rates/euro_area_yield_curves/shared/pdf/technical_notes.pdf,,6,,,AAA yield curve - 10-year spot rate,"Euro area (changing composition) - Government bond, nominal, all issuers whose rating is triple A - Svensson model - continuous compounding - yield error minimisation - Yield curve spot rate, 10-year maturity",PCPA,0
YC.B.U2.EUR.4F.G_N_A.SV_C_YM.SR_10Y,B,U2,EUR,4F,G_N_A,SV_C_YM,SR_10Y,2024-07-25,2.4339080215,A,F,,,P1D,,E,,,,,,,,,,,,,,,Technical notes are available at the following link: https://www.ecb.europa.eu/stats/financial_markets_and_interest_rates/euro_area_yield_curves/shared/pdf/technical_notes.pdf,,6,,,AAA yield curve - 10-year spot rate,"Euro area (changing composition) - Government bond, nominal, all issuers whose rating is triple A - Svensson model - continuous compounding - yield error minimisation - Yield curve spot rate, 10-year maturity",PCPA,0
YC.B.U2.EUR.4F.G_N_A.SV_C_YM.SR_10Y,B,U2,EUR,4F,G_N_A,SV_C_YM,SR_10Y,2024-07-26,2.4245461772,A,F,,,P1D,,E,,,,,,,,,,,,,,,Technical notes are available at the following link: https://www.ecb.europa.eu/stats/financial_markets_and_interest_rates/euro_area_yield_curves/shared/pdf/technical_notes.pdf,,6,,,AAA yield curve - 10-year spot rate,"Euro area (changing composition) - Government bond, nominal, all issuers whose rating is triple A - Svensson model - continuous compounding - yield error minimisation - Yield curve spot rate, 10-year maturity",PCPA,0
YC.B.U2.EUR.4F.G_N_A.SV_C_YM.SR_10Y,B,U2,EUR,4F,G_N_A,SV_C_YM,SR_10Y,2024-07-29,2.3896297176,A,F,,,P1D,,E,,,,,,,,,,,,,,,Technical notes are available at the following link: https://www.ecb.europa.eu/stats/financial_markets_and_interest_rates/euro_area_yield_curves/shared/pdf/technical_notes.pdf,,6,,,AAA yield curve - 10-year spot rate,"Euro area (changing composition) - Government bond, nominal, all issuers whose rating is triple A - Svensson model - continuous compounding - yield error minimisation - Yield curve spot rate, 10-year maturity",PCPA,0
YC.B.U2.EUR.4F.G_N_A.SV_C_YM.SR_10Y,B,U2,EUR,4F,G_N_A,SV_C_YM,SR_10Y,2024-07-30,2.3544882773,A,F,,,P1D,,E,,,,,,,,,,,,,,,Technical notes are available at the following link: https://www.ecb.europa.eu/stats/financial_markets_and_interest_rates/euro_area_yield_curves/shared/pdf/technical_notes.pdf,,6,,,AAA yield curve - 10-year spot rate,"Euro area (changing composition) - Government bond, nominal, all issuers whose rating is triple A - Svensson model - continuous compounding - yield error minimisation - Yield curve spot rate, 10-year maturity",PCPA,0
YC.B.U2.EUR.4F.G_N_A.SV_C_YM.SR_10Y,B,U2,EUR,4F,G_N_A,SV_C_YM,SR_10Y,2024-07-31,2.3290703135,A,F,,,P1D,,E,,,,,,,,,,,,,,,Technical notes are available at the following link: https://www.ecb.europa.eu/stats/financial_markets_and_interest_rates/euro_area_yield_curves/shared/pdf/technical_notes.pdf,,6,,,AAA yield curve - 10-year spot rate,"Euro area (changing composition) - Government bond, nominal, all issuers whose rating is triple A - Svensson model - continuous compounding - yield error minimisation - Yield curve spot rate, 10-year maturity",PCPA,0
YC.B.U2.EUR.4F.G_N_A.SV_C_YM.SR_10Y,B,U2,EUR,4F,G_N_A,SV_C_YM,SR_10Y,2024-08-01,2.281431255,A,F,,,P1D,,E,,,,,,,,,,,,,,,Technical notes are available at the following link: https://www.ecb.europa.eu/stats/financial_markets_and_interest_rates/euro_area_yield_curves/shared/pdf/technical_notes.pdf,,6,,,AAA yield curve - 10-year spot rate,"Euro area (changing composition) - Government bond, nominal, all issuers whose rating is triple A - Svensson model - continuous compounding - yield error minimisation - Yield curve spot rate, 10-year maturity",PCPA,0
YC.B.U2.EUR.4F.G_N_A.SV_C_YM.SR_10Y,B,U2,EUR,4F,G_N_A,SV_C_YM,SR_10Y,2024-08-02,2.1969689437,A,F,,,P1D,,E,,,,,,,,,,,,,,,Technical notes are available at the following link: https://www.ecb.europa.eu/stats/financial_markets_and_interest_rates/euro_area_yield_curves/shared/pdf/technical_notes.pdf,,6,,,AAA yield curve - 10-year spot rate,"Euro area (changing composition) - Government bond, nominal, all issuers whose rating is triple A - Svensson model - continuous compounding - yield error minimisation - Yield curve spot rate, 10-year maturity",PCPA,0
YC.B.U2.EUR.4F.G_N_A.SV_C_YM.SR_10Y,B,U2,EUR,4F,G_N_A,SV_C_YM,SR_10Y,2024-08-05,2.2355219221,A,F,,,P1D,,E,,,,,,,,,,,,,,,Technical notes are available at the following link: https://www.ecb.europa.eu/stats/financial_markets_and_interest_rates/euro_area_yield_curves/shared/pdf/technical_notes.pdf,,6,,,AAA yield curve - 10-year spot rate,"Euro area (changing composition) - Government bond, nominal, all issuers whose rating is triple A - Svensson model - continuous compounding - yield error minimisation - Yield curve spot rate, 10-year maturity",PCPA,0
YC.B.U2.EUR.4F.G_N_A.SV_C_YM.SR_10Y,B,U2,EUR,4F,G_N_A,SV_C_YM,SR_10Y,2024-08-06,2.2599321468,A,F,,,P1D,,E,,,,,,,,,,,,,,,Technical notes are available at the following link: https://www.ecb.europa.eu/stats/financial_markets_and_interest_rates/euro_area_yield_curves/shared/pdf/technical_notes.pdf,,6,,,AAA yield curve - 10-year spot rate,"Euro area (changing composition) - Government bond, nominal, all issuers whose rating is triple A - Svensson model - continuous compounding - yield error minimisation - Yield curve spot rate, 10-year maturity",PCPA,0
YC.B.U2.EUR.4F.G_N_A.SV_C_YM.SR_10Y,B,U2,EUR,4F,G_N_A,SV_C_YM,SR_10Y,2024-08-07,2.365213727,A,F,,,P1D,,E,,,,,,,,,,,,,,,Technical notes are available at the following link: https://www.ecb.europa.eu/stats/financial_markets_and_interest_rates/euro_area_yield_curves/shared/pdf/technical_notes.pdf,,6,,,AAA yield curve - 10-year spot rate,"Euro area (changing composition) - Government bond, nominal, all issuers whose rating is triple A - Svensson model - continuous compounding - yield error minimisation - Yield curve spot rate, 10-year maturity",PCPA,0
YC.B.U2.EUR.4F.G_N_A.SV_C_YM.SR_10Y,B,U2,EUR,4F,G_N_A,SV_C_YM,SR_10Y,2024-08-08,2.3631468252,A,F,,,P1D,,E,,,,,,,,,,,,,,,Technical notes are available at the following link: https://www.ecb.europa.eu/stats/financial_markets_and_interest_rates/euro_area_yield_curves/shared/pdf/technical_notes.pdf,,6,,,AAA yield curve - 10-year spot rate,"Euro area (changing composition) - Government bond, nominal, all issuers whose rating is triple A - Svensson model - continuous compounding - yield error minimisation - Yield curve spot rate, 10-year maturity",PCPA,0
YC.B.U2.EUR.4F.G_N_A.SV_C_YM.SR_10Y,B,U2,EUR,4F,G_N_A,SV_C_YM,SR_10Y,2024-08-09,2.3179681699,A,F,,,P1D,,E,,,,,,,,,,,,,,,Technical notes are available at the following link: https://www.ecb.europa.eu/stats/financial_markets_and_interest_rates/euro_area_yield_curves/shared/pdf/technical_notes.pdf,,6,,,AAA yield curve - 10-year spot rate,"Euro area (changing composition) - Government bond, nominal, all issuers whose rating is triple A - Svensson model - continuous compounding - yield error minimisation - Yield curve spot rate, 10-year maturity",PCPA,0
YC.B.U2.EUR.4F.G_N_A.SV_C_YM.SR_10Y,B,U2,EUR,4F,G_N_A,SV_C_YM,SR_10Y,2024-08-12,2.3271464977,A,F,,,P1D,,E,,,,,,,,,,,,,,,Technical notes are available at the following link: https://www.ecb.europa.eu/stats/financial_markets_and_interest_rates/euro_area_yield_curves/shared/pdf/technical_notes.pdf,,6,,,AAA yield curve - 10-year spot rate,"Euro area (changing composition) - Government bond, nominal, all issuers whose rating is triple A - Svensson model - continuous compounding - yield error minimisation - Yield curve spot rate, 10-year maturity",PCPA,0
YC.B.U2.EUR.4F.G_N_A.SV_C_YM.SR_10Y,B,U2,EUR,4F,G_N_A,SV_C_YM,SR_10Y,2024-08-13,2.2926891188,A,F,,,P1D,,E,,,,,,,,,,,,,,,Technical notes are available at the following link: https://www.ecb.europa.eu/stats/financial_markets_and_interest_rates/euro_area_yield_curves/shared/pdf/technical_notes.pdf,,6,,,AAA yield curve - 10-year spot rate,"Euro area (changing composition) - Government bond, nominal, all issuers whose rating is triple A - Svensson model - continuous compounding - yield error minimisation - Yield curve spot rate, 10-year maturity",PCPA,0
YC.B.U2.EUR.4F.G_N_A.SV_C_YM.SR_10Y,B,U2,EUR,4F,G_N_A,SV_C_YM,SR_10Y,2024-08-14,2.2853210792,A,F,,,P1D,,E,,,,,,,,,,,,,,,Technical notes are available at the following link: https://www.ecb.europa.eu/stats/financial_markets_and_interest_rates/euro_area_yield_curves/shared/pdf/technical_notes.pdf,,6,,,AAA yield curve - 10-year spot rate,"Euro area (changing composition) - Government bond, nominal, all issuers whose rating is triple A - Svensson model - continuous compounding - yield error minimisation - Yield curve spot rate, 10-year maturity",PCPA,0
YC.B.U2.EUR.4F.G_N_A.SV_C_YM.SR_10Y,B,U2,EUR,4F,G_N_A,SV_C_YM,SR_10Y,2024-08-15,2.3521344146,A,F,,,P1D,,E,,,,,,,,,,,,,,,Technical notes are available at the following link: https://www.ecb.europa.eu/stats/financial_markets_and_interest_rates/euro_area_yield_curves/shared/pdf/technical_notes.pdf,,6,,,AAA yield curve - 10-year spot rate,"Euro area (changing composition) - Government bond, nominal, all issuers whose rating is triple A - Svensson model - continuous compounding - yield error minimisation - Yield curve spot rate, 10-year maturity",PCPA,0
YC.B.U2.EUR.4F.G_N_A.SV_C_YM.SR_10Y,B,U2,EUR,4F,G_N_A,SV_C_YM,SR_10Y,2024-08-16,2.3349911132,A,F,,,P1D,,E,,,,,,,,,,,,,,,Technical notes are available at the following link: https://www.ecb.europa.eu/stats/financial_markets_and_interest_rates/euro_area_yield_curves/shared/pdf/technical_notes.pdf,,6,,,AAA yield curve - 10-year spot rate,"Euro area (changing composition) - Government bond, nominal, all issuers whose rating is triple A - Svensson model - continuous compounding - yield error minimisation - Yield curve spot rate, 10-year maturity",PCPA,0
YC.B.U2.EUR.4F.G_N_A.SV_C_YM.SR_10Y,B,U2,EUR,4F,G_N_A,SV_C_YM,SR_10Y,2024-08-19,2.3506021122,A,F,,,P1D,,E,,,,,,,,,,,,,,,Technical notes are available at the following link: https://www.ecb.europa.eu/stats/financial_markets_and_interest_rates/euro_area_yield_curves/shared/pdf/technical_notes.pdf,,6,,,AAA yield curve - 10-year spot rate,"Euro area (changing composition) - Government bond, nominal, all issuers whose rating is triple A - Svensson model - continuous compounding - yield error minimisation - Yield curve spot rate, 10-year maturity",PCPA,0
YC.B.U2.EUR.4F.G_N_A.SV_C_YM.SR_10Y,B,U2,EUR,4F,G_N_A,SV_C_YM,SR_10Y,2024-08-20,2.326133018,A,F,,,P1D,,E,,,,,,,,,,,,,,,Technical notes are available at the following link: https://www.ecb.europa.eu/stats/financial_markets_and_interest_rates/euro_area_yield_curves/shared/pdf/technical_notes.pdf,,6,,,AAA yield curve - 10-year spot rate,"Euro area (changing composition) - Government bond, nominal, all issuers whose rating is triple A - Svensson model - continuous compounding - yield error minimisation - Yield curve spot rate, 10-year maturity",PCPA,0
YC.B.U2.EUR.4F.G_N_A.SV_C_YM.SR_10Y,B,U2,EUR,4F,G_N_A,SV_C_YM,SR_10Y,2024-08-21,2.3059555781,A,F,,,P1D,,E,,,,,,,,,,,,,,,Technical notes are available at the following link: https://www.ecb.europa.eu/stats/financial_markets_and_interest_rates/euro_area_yield_curves/shared/pdf/technical_notes.pdf,,6,,,AAA yield curve - 10-year spot rate,"Euro area (changing composition) - Government bond, nominal, all issuers whose rating is triple A - Svensson model - continuous compounding - yield error minimisation - Yield curve spot rate, 10-year maturity",PCPA,0
YC.B.U2.EUR.4F.G_N_A.SV_C_YM.SR_10Y,B,U2,EUR,4F,G_N_A,SV_C_YM,SR_10Y,2024-08-22,2.3222276477,A,F,,,P1D,,E,,,,,,,,,,,,,,,Technical notes are available at the following link: https://www.ecb.europa.eu/stats/financial_markets_and_interest_rates/euro_area_yield_curves/shared/pdf/technical_notes.pdf,,6,,,AAA yield curve - 10-year spot rate,"Euro area (changing composition) - Government bond, nominal, all issuers whose rating is triple A - Svensson model - continuous compounding - yield error minimisation - Yield curve spot rate, 10-year maturity",PCPA,0
YC.B.U2.EUR.4F.G_N_A.SV_C_YM.SR_10Y,B,U2,EUR,4F,G_N_A,SV_C_YM,SR_10Y,2024-08-23,2.3545848339,A,F,,,P1D,,E,,,,,,,,,,,,,,,Technical notes are available at the following link: https://www.ecb.europa.eu/stats/financial_markets_and_interest_rates/euro_area_yield_curves/shared/pdf/technical_notes.pdf,,6,,,AAA yield curve - 10-year spot rate,"Euro area (changing composition) - Government bond, nominal, all issuers whose rating is triple A - Svensson model - continuous compounding - yield error minimisation - Yield curve spot rate, 10-year maturity",PCPA,0
YC.B.U2.EUR.4F.G_N_A.SV_C_YM.SR_10Y,B,U2,EUR,4F,G_N_A,SV_C_YM,SR_10Y,2024-08-26,2.3611574784,A,F,,,P1D,,E,,,,,,,,,,,,,,,Technical notes are available at the following link: https://www.ecb.europa.eu/stats/financial_markets_and_interest_rates/euro_area_yield_curves/shared/pdf/technical_notes.pdf,,6,,,AAA yield curve - 10-year spot rate,"Euro area (changing composition) - Government bond, nominal, all issuers whose rating is triple A - Svensson model - continuous compounding - yield error minimisation - Yield curve spot rate, 10-year maturity",PCPA,0
YC.B.U2.EUR.4F.G_N_A.SV_C_YM.SR_10Y,B,U2,EUR,4F,G_N_A,SV_C_YM,SR_10Y,2024-08-27,2.397613636,A,F,,,P1D,,E,,,,,,,,,,,,,,,Technical notes are available at the following link: https://www.ecb.europa.eu/stats/financial_markets_and_interest_rates/euro_area_yield_curves/shared/pdf/technical_notes.pdf,,6,,,AAA yield curve - 10-year spot rate,"Euro area (changing composition) - Government bond, nominal, all issuers whose rating is triple A - Svensson model - continuous compounding - yield error minimisation - Yield curve spot rate, 10-year maturity",PCPA,0
YC.B.U2.EUR.4F.G_N_A.SV_C_YM.SR_10Y,B,U2,EUR,4F,G_N_A,SV_C_YM,SR_10Y,2024-08-28,2.3663694885,A,F,,,P1D,,E,,,,,,,,,,,,,,,Technical notes are available at the following link: https://www.ecb.europa.eu/stats/financial_markets_and_interest_rates/euro_area_yield_curves/shared/pdf/technical_notes.pdf,,6,,,AAA yield curve - 10-year spot rate,"Euro area (changing composition) - Government bond, nominal, all issuers whose rating is triple A - Svensson model - continuous compounding - yield error minimisation - Yield curve spot rate, 10-year maturity",PCPA,0
YC.B.U2.EUR.4F.G_N_A.SV_C_YM.SR_10Y,B,U2,EUR,4F,G_N_A,SV_C_YM,SR_10Y,2024-08-29,2.3795267524,A,F,,,P1D,,E,,,,,,,,,,,,,,,Technical notes are available at the following link: https://www.ecb.europa.eu/stats/financial_markets_and_interest_rates/euro_area_yield_curves/shared/pdf/technical_notes.pdf,,6,,,AAA yield curve - 10-year spot rate,"Euro area (changing composition) - Government bond, nominal, all issuers whose rating is triple A - Svensson model - continuous compounding - yield error minimisation - Yield curve spot rate, 10-year maturity",PCPA,0
YC.B.U2.EUR.4F.G_N_A.SV_C_YM.SR_10Y,B,U2,EUR,4F,G_N_A,SV_C_YM,SR_10Y,2024-08-30,2.3888297669,A,F,,,P1D,,E,,,,,,,,,,,,,,,Technical notes are available at the following link: https://www.ecb.europa.eu/stats/financial_markets_and_interest_rates/euro_area_yield_curves/shared/pdf/technical_notes.pdf,,6,,,AAA yield curve - 10-year spot rate,"Euro area (changing composition) - Government bond, nominal, all issuers whose rating is triple A - Svensson model - continuous compounding - yield error minimisation - Yield curve spot rate, 10-year maturity",PCPA,0
YC.B.U2.EUR.4F.G_N_A.SV_C_YM.SR_10Y,B,U2,EUR,4F,G_N_A,SV_C_YM,SR_10Y,2024-09-02,2.4485558581,A,F,,,P1D,,E,,,,,,,,,,,,,,,Technical notes are available at the following link: https://www.ecb.europa.eu/stats/financial_markets_and_interest_rates/euro_area_yield_curves/shared/pdf/technical_notes.pdf,,6,,,AAA yield curve - 10-year spot rate,"Euro area (changing composition) - Government bond, nominal, all issuers whose rating is triple A - Svensson model - continuous compounding - yield error minimisation - Yield curve spot rate, 10-year maturity",PCPA,0
YC.B.U2.EUR.4F.G_N_A.SV_C_YM.SR_10Y,B,U2,EUR,4F,G_N_A,SV_C_YM,SR_10Y,2024-09-03,2.3718172551,A,F,,,P1D,,E,,,,,,,,,,,,,,,Technical notes are available at the following link: https://www.ecb.europa.eu/stats/financial_markets_and_interest_rates/euro_area_yield_curves/shared/pdf/technical_notes.pdf,,6,,,AAA yield curve - 10-year spot rate,"Euro area (changing composition) - Government bond, nominal, all issuers whose rating is triple A - Svensson model - continuous compounding - yield error minimisation - Yield curve spot rate, 10-year maturity",PCPA,0
YC.B.U2.EUR.4F.G_N_A.SV_C_YM.SR_10Y,B,U2,EUR,4F,G_N_A,SV_C_YM,SR_10Y,2024-09-04,2.3230518592,A,F,,,P1D,,E,,,,,,,,,,,,,,,Technical notes are available at the following link: https://www.ecb.europa.eu/stats/financial_markets_and_interest_rates/euro_area_yield_curves/shared/pdf/technical_notes.pdf,,6,,,AAA yield curve - 10-year spot rate,"Euro area (changing composition) - Government bond, nominal, all issuers whose rating is triple A - Svensson model - continuous compounding - yield error minimisation - Yield curve spot rate, 10-year maturity",PCPA,0
YC.B.U2.EUR.4F.G_N_A.SV_C_YM.SR_10Y,B,U2,EUR,4F,G_N_A,SV_C_YM,SR_10Y,2024-09-05,2.3052108156,A,F,,,P1D,,E,,,,,,,,,,,,,,,Technical notes are available at the following link: https://www.ecb.europa.eu/stats/financial_markets_and_interest_rates/euro_area_yield_curves/shared/pdf/technical_notes.pdf,,6,,,AAA yield curve - 10-year spot rate,"Euro area (changing composition) - Government bond, nominal, all issuers whose rating is triple A - Svensson model - continuous compounding - yield error minimisation - Yield curve spot rate, 10-year maturity",PCPA,0
YC.B.U2.EUR.4F.G_N_A.SV_C_YM.SR_10Y,B,U2,EUR,4F,G_N_A,SV_C_YM,SR_10Y,2024-09-06,2.3113879433,A,F,,,P1D,,E,,,,,,,,,,,,,,,Technical notes are available at the following link: https://www.ecb.europa.eu/stats/financial_markets_and_interest_rates/euro_area_yield_curves/shared/pdf/technical_notes.pdf,,6,,,AAA yield curve - 10-year spot rate,"Euro area (changing composition) - Government bond, nominal, all issuers whose rating is triple A - Svensson model - continuous compounding - yield error minimisation - Yield curve spot rate, 10-year maturity",PCPA,0
YC.B.U2.EUR.4F.G_N_A.SV_C_YM.SR_10Y,B,U2,EUR,4F,G_N_A,SV_C_YM,SR_10Y,2024-09-09,2.2959799036,A,F,,,P1D,,E,,,,,,,,,,,,,,,Technical notes are available at the following link: https://www.ecb.europa.eu/stats/financial_markets_and_interest_rates/euro_area_yield_curves/shared/pdf/technical_notes.pdf,,6,,,AAA yield curve - 10-year spot rate,"Euro area (changing composition) - Government bond, nominal, all issuers whose rating is triple A - Svensson model - continuous compounding - yield error minimisation - Yield curve spot rate, 10-year maturity",PCPA,0
YC.B.U2.EUR.4F.G_N_A.SV_C_YM.SR_10Y,B,U2,EUR,4F,G_N_A,SV_C_YM,SR_10Y,2024-09-10,2.2834241895,A,F,,,P1D,,E,,,,,,,,,,,,,,,Technical notes are available at the following link: https://www.ecb.europa.eu/stats/financial_markets_and_interest_rates/euro_area_yield_curves/shared/pdf/technical_notes.pdf,,6,,,AAA yield curve - 10-year spot rate,"Euro area (changing composition) - Government bond, nominal, all issuers whose rating is triple A - Svensson model - continuous compounding - yield error minimisation - Yield curve spot rate, 10-year maturity",PCPA,0
YC.B.U2.EUR.4F.G_N_A.SV_C_YM.SR_10Y,B,U2,EUR,4F,G_N_A,SV_C_YM,SR_10Y,2024-09-11,2.2136942997,A,F,,,P1D,,E,,,,,,,,,,,,,,,Technical notes are available at the following link: https://www.ecb.europa.eu/stats/financial_markets_and_interest_rates/euro_area_yield_curves/shared/pdf/technical_notes.pdf,,6,,,AAA yield curve - 10-year spot rate,"Euro area (changing composition) - Government bond, nominal, all issuers whose rating is triple A - Svensson model - continuous compounding - yield error minimisation - Yield curve spot rate, 10-year maturity",PCPA,0
YC.B.U2.EUR.4F.G_N_A.SV_C_YM.SR_10Y,B,U2,EUR,4F,G_N_A,SV_C_YM,SR_10Y,2024-09-12,2.2396543029,A,F,,,P1D,,E,,,,,,,,,,,,,,,Technical notes are available at the following link: https://www.ecb.europa.eu/stats/financial_markets_and_interest_rates/euro_area_yield_curves/shared/pdf/technical_notes.pdf,,6,,,AAA yield curve - 10-year spot rate,"Euro area (changing composition) - Government bond, nominal, all issuers whose rating is triple A - Svensson model - continuous compounding - yield error minimisation - Yield curve spot rate, 10-year maturity",PCPA,0
YC.B.U2.EUR.4F.G_N_A.SV_C_YM.SR_10Y,B,U2,EUR,4F,G_N_A,SV_C_YM,SR_10Y,2024-09-13,2.2602491803,A,F,,,P1D,,E,,,,,,,,,,,,,,,Technical notes are available at the following link: https://www.ecb.europa.eu/stats/financial_markets_and_interest_rates/euro_area_yield_curves/shared/pdf/technical_notes.pdf,,6,,,AAA yield curve - 10-year spot rate,"Euro area (changing composition) - Government bond, nominal, all issuers whose rating is triple A - Svensson model - continuous compounding - yield error minimisation - Yield curve spot rate, 10-year maturity",PCPA,0
YC.B.U2.EUR.4F.G_N_A.SV_C_YM.SR_10Y,B,U2,EUR,4F,G_N_A,SV_C_YM,SR_10Y,2024-09-16,2.2479888331,A,F,,,P1D,,E,,,,,,,,,,,,,,,Technical notes are available at the following link: https://www.ecb.europa.eu/stats/financial_markets_and_interest_rates/euro_area_yield_curves/shared/pdf/technical_notes.pdf,,6,,,AAA yield curve - 10-year spot rate,"Euro area (changing composition) - Government bond, nominal, all issuers whose rating is triple A - Svensson model - continuous compounding - yield error minimisation - Yield curve spot rate, 10-year maturity",PCPA,0
YC.B.U2.EUR.4F.G_N_A.SV_C_YM.SR_10Y,B,U2,EUR,4F,G_N_A,SV_C_YM,SR_10Y,2024-09-17,2.2486269095,A,F,,,P1D,,E,,,,,,,,,,,,,,,Technical notes are available at the following link: https://www.ecb.europa.eu/stats/financial_markets_and_interest_rates/euro_area_yield_curves/shared/pdf/technical_notes.pdf,,6,,,AAA yield curve - 10-year spot rate,"Euro area (changing composition) - Government bond, nominal, all issuers whose rating is triple A - Svensson model - continuous compounding - yield error minimisation - Yield curve spot rate, 10-year maturity",PCPA,0
YC.B.U2.EUR.4F.G_N_A.SV_C_YM.SR_10Y,B,U2,EUR,4F,G_N_A,SV_C_YM,SR_10Y,2024-09-18,2.2985907322,A,F,,,P1D,,E,,,,,,,,,,,,,,,Technical notes are available at the following link: https://www.ecb.europa.eu/stats/financial_markets_and_interest_rates/euro_area_yield_curves/shared/pdf/technical_notes.pdf,,6,,,AAA yield curve - 10-year spot rate,"Euro area (changing composition) - Government bond, nominal, all issuers whose rating is triple A - Svensson model - continuous compounding - yield error minimisation - Yield curve spot rate, 10-year maturity",PCPA,0
YC.B.U2.EUR.4F.G_N_A.SV_C_YM.SR_10Y,B,U2,EUR,4F,G_N_A,SV_C_YM,SR_10Y,2024-09-19,2.3048459818,A,F,,,P1D,,E,,,,,,,,,,,,,,,Technical notes are available at the following link: https://www.ecb.europa.eu/stats/financial_markets_and_interest_rates/euro_area_yield_curves/shared/pdf/technical_notes.pdf,,6,,,AAA yield curve - 10-year spot rate,"Euro area (changing composition) - Government bond, nominal, all issuers whose rating is triple A - Svensson model - continuous compounding - yield error minimisation - Yield curve spot rate, 10-year maturity",PCPA,0
YC.B.U2.EUR.4F.G_N_A.SV_C_YM.SR_10Y,B,U2,EUR,4F,G_N_A,SV_C_YM,SR_10Y,2024-09-20,2.3288316667,A,F,,,P1D,,E,,,,,,,,,,,,,,,Technical notes are available at the following link: https://www.ecb.europa.eu/stats/financial_markets_and_interest_rates/euro_area_yield_curves/shared/pdf/technical_notes.pdf,,6,,,AAA yield curve - 10-year spot rate,"Euro area (changing composition) - Government bond, nominal, all issuers whose rating is triple A - Svensson model - continuous compounding - yield error minimisation - Yield curve spot rate, 10-year maturity",PCPA,0
YC.B.U2.EUR.4F.G_N_A.SV_C_YM.SR_10Y,B,U2,EUR,4F,G_N_A,SV_C_YM,SR_10Y,2024-09-23,2.3026272101,A,F,,,P1D,,E,,,,,,,,,,,,,,,Technical notes are available at the following link: https://www.ecb.europa.eu/stats/financial_markets_and_interest_rates/euro_area_yield_curves/shared/pdf/technical_notes.pdf,,6,,,AAA yield curve - 10-year spot rate,"Euro area (changing composition) - Government bond, nominal, all issuers whose rating is triple A - Svensson model - continuous compounding - yield error minimisation - Yield curve spot rate, 10-year maturity",PCPA,0
YC.B.U2.EUR.4F.G_N_A.SV_C_YM.SR_10Y,B,U2,EUR,4F,G_N_A,SV_C_YM,SR_10Y,2024-09-24,2.2891839665,A,F,,,P1D,,E,,,,,,,,,,,,,,,Technical notes are available at the following link: https://www.ecb.europa.eu/stats/financial_markets_and_interest_rates/euro_area_yield_curves/shared/pdf/technical_notes.pdf,,6,,,AAA yield curve - 10-year spot rate,"Euro area (changing composition) - Government bond, nominal, all issuers whose rating is triple A - Svensson model - continuous compounding - yield error minimisation - Yield curve spot rate, 10-year maturity",PCPA,0
YC.B.U2.EUR.4F.G_N_A.SV_C_YM.SR_10Y,B,U2,EUR,4F,G_N_A,SV_C_YM,SR_10Y,2024-09-25,2.291416671,A,F,,,P1D,,E,,,,,,,,,,,,,,,Technical notes are available at the following link: https://www.ecb.europa.eu/stats/financial_markets_and_interest_rates/euro_area_yield_curves/shared/pdf/technical_notes.pdf,,6,,,AAA yield curve - 10-year spot rate,"Euro area (changing composition) - Government bond, nominal, all issuers whose rating is triple A - Svensson model - continuous compounding - yield error minimisation - Yield curve spot rate, 10-year maturity",PCPA,0
YC.B.U2.EUR.4F.G_N_A.SV_C_YM.SR_10Y,B,U2,EUR,4F,G_N_A,SV_C_YM,SR_10Y,2024-09-26,2.2537673608,A,F,,,P1D,,E,,,,,,,,,,,,,,,Technical notes are available at the following link: https://www.ecb.europa.eu/stats/financial_markets_and_interest_rates/euro_area_yield_curves/shared/pdf/technical_notes.pdf,,6,,,AAA yield curve - 10-year spot rate,"Euro area (changing composition) - Government bond, nominal, all issuers whose rating is triple A - Svensson model - continuous compounding - yield error minimisation - Yield curve spot rate, 10-year maturity",PCPA,0
YC.B.U2.EUR.4F.G_N_A.SV_C_YM.SR_10Y,B,U2,EUR,4F,G_N_A,SV_C_YM,SR_10Y,2024-09-27,2.2521148846,A,F,,,P1D,,E,,,,,,,,,,,,,,,Technical notes are available at the following link: https://www.ecb.europa.eu/stats/financial_markets_and_interest_rates/euro_area_yield_curves/shared/pdf/technical_notes.pdf,,6,,,AAA yield curve - 10-year spot rate,"Euro area (changing composition) - Government bond, nominal, all issuers whose rating is triple A - Svensson model - continuous compounding - yield error minimisation - Yield curve spot rate, 10-year maturity",PCPA,0
YC.B.U2.EUR.4F.G_N_A.SV_C_YM.SR_10Y,B,U2,EUR,4F,G_N_A,SV_C_YM,SR_10Y,2024-09-30,2.2367867384,A,F,,,P1D,,E,,,,,,,,,,,,,,,Technical notes are available at the following link: https://www.ecb.europa.eu/stats/financial_markets_and_interest_rates/euro_area_yield_curves/shared/pdf/technical_notes.pdf,,6,,,AAA yield curve - 10-year spot rate,"Euro area (changing composition) - Government bond, nominal, all issuers whose rating is triple A - Svensson model - continuous compounding - yield error minimisation - Yield curve spot rate, 10-year maturity",PCPA,0
YC.B.U2.EUR.4F.G_N_A.SV_C_YM.SR_10Y,B,U2,EUR,4F,G_N_A,SV_C_YM,SR_10Y,2024-10-01,2.1442488285,A,F,,,P1D,,E,,,,,,,,,,,,,,,Technical notes are available at the following link: https://www.ecb.europa.eu/stats/financial_markets_and_interest_rates/euro_area_yield_curves/shared/pdf/technical_notes.pdf,,6,,,AAA yield curve - 10-year spot rate,"Euro area (changing composition) - Government bond, nominal, all issuers whose rating is triple A - Svensson model - continuous compounding - yield error minimisation - Yield curve spot rate, 10-year maturity",PCPA,0
YC.B.U2.EUR.4F.G_N_A.SV_C_YM.SR_10Y,B,U2,EUR,4F,G_N_A,SV_C_YM,SR_10Y,2024-10-02,2.2298357908,A,F,,,P1D,,E,,,,,,,,,,,,,,,Technical notes are available at the following link: https://www.ecb.europa.eu/stats/financial_markets_and_interest_rates/euro_area_yield_curves/shared/pdf/technical_notes.pdf,,6,,,AAA yield curve - 10-year spot rate,"Euro area (changing composition) - Government bond, nominal, all issuers whose rating is triple A - Svensson model - continuous compounding - yield error minimisation - Yield curve spot rate, 10-year maturity",PCPA,0
YC.B.U2.EUR.4F.G_N_A.SV_C_YM.SR_10Y,B,U2,EUR,4F,G_N_A,SV_C_YM,SR_10Y,2024-10-03,2.2890716162,A,F,,,P1D,,E,,,,,,,,,,,,,,,Technical notes are available at the following link: https://www.ecb.europa.eu/stats/financial_markets_and_interest_rates/euro_area_yield_curves/shared/pdf/technical_notes.pdf,,6,,,AAA yield curve - 10-year spot rate,"Euro area (changing composition) - Government bond, nominal, all issuers whose rating is triple A - Svensson model - continuous compounding - yield error minimisation - Yield curve spot rate, 10-year maturity",PCPA,0
YC.B.U2.EUR.4F.G_N_A.SV_C_YM.SR_10Y,B,U2,EUR,4F,G_N_A,SV_C_YM,SR_10Y,2024-10-04,2.3213268231,A,F,,,P1D,,E,,,,,,,,,,,,,,,Technical notes are available at the following link: https://www.ecb.europa.eu/stats/financial_markets_and_interest_rates/euro_area_yield_curves/shared/pdf/technical_notes.pdf,,6,,,AAA yield curve - 10-year spot rate,"Euro area (changing composition) - Government bond, nominal, all issuers whose rating is triple A - Svensson model - continuous compounding - yield error minimisation - Yield curve spot rate, 10-year maturity",PCPA,0
YC.B.U2.EUR.4F.G_N_A.SV_C_YM.SR_10Y,B,U2,EUR,4F,G_N_A,SV_C_YM,SR_10Y,2024-10-07,2.3680772013,A,F,,,P1D,,E,,,,,,,,,,,,,,,Technical notes are available at the following link: https://www.ecb.europa.eu/stats/financial_markets_and_interest_rates/euro_area_yield_curves/shared/pdf/technical_notes.pdf,,6,,,AAA yield curve - 10-year spot rate,"Euro area (changing composition) - Government bond, nominal, all issuers whose rating is triple A - Svensson model - continuous compounding - yield error minimisation - Yield curve spot rate, 10-year maturity",PCPA,0
YC.B.U2.EUR.4F.G_N_A.SV_C_YM.SR_10Y,B,U2,EUR,4F,G_N_A,SV_C_YM,SR_10Y,2024-10-08,2.3786118387,A,F,,,P1D,,E,,,,,,,,,,,,,,,Technical notes are available at the following link: https://www.ecb.europa.eu/stats/financial_markets_and_interest_rates/euro_area_yield_curves/shared/pdf/technical_notes.pdf,,6,,,AAA yield curve - 10-year spot rate,"Euro area (changing composition) - Government bond, nominal, all issuers whose rating is triple A - Svensson model - continuous compounding - yield error minimisation - Yield curve spot rate, 10-year maturity",PCPA,0
YC.B.U2.EUR.4F.G_N_A.SV_C_YM.SR_10Y,B,U2,EUR,4F,G_N_A,SV_C_YM,SR_10Y,2024-10-09,2.3672195539,A,F,,,P1D,,E,,,,,,,,,,,,,,,Technical notes are available at the following link: https://www.ecb.europa.eu/stats/financial_markets_and_interest_rates/euro_area_yield_curves/shared/pdf/technical_notes.pdf,,6,,,AAA yield curve - 10-year spot rate,"Euro area (changing composition) - Government bond, nominal, all issuers whose rating is triple A - Svensson model - continuous compounding - yield error minimisation - Yield curve spot rate, 10-year maturity",PCPA,0
YC.B.U2.EUR.4F.G_N_A.SV_C_YM.SR_10Y,B,U2,EUR,4F,G_N_A,SV_C_YM,SR_10Y,2024-10-10,2.3821347867,A,F,,,P1D,,E,,,,,,,,,,,,,,,Technical notes are available at the following link: https://www.ecb.europa.eu/stats/financial_markets_and_interest_rates/euro_area_yield_curves/shared/pdf/technical_notes.pdf,,6,,,AAA yield curve - 10-year spot rate,"Euro area (changing composition) - Government bond, nominal, all issuers whose rating is triple A - Svensson model - continuous compounding - yield error minimisation - Yield curve spot rate, 10-year maturity",PCPA,0
YC.B.U2.EUR.4F.G_N_A.SV_C_YM.SR_10Y,B,U2,EUR,4F,G_N_A,SV_C_YM,SR_10Y,2024-10-11,2.4091492224,A,F,,,P1D,,E,,,,,,,,,,,,,,,Technical notes are available at the following link: https://www.ecb.europa.eu/stats/financial_markets_and_interest_rates/euro_area_yield_curves/shared/pdf/technical_notes.pdf,,6,,,AAA yield curve - 10-year spot rate,"Euro area (changing composition) - Government bond, nominal, all issuers whose rating is triple A - Svensson model - continuous compounding - yield error minimisation - Yield curve spot rate, 10-year maturity",PCPA,0
YC.B.U2.EUR.4F.G_N_A.SV_C_YM.SR_10Y,B,U2,EUR,4F,G_N_A,SV_C_YM,SR_10Y,2024-10-14,2.407755502,A,F,,,P1D,,E,,,,,,,,,,,,,,,Technical notes are available at the following link: https://www.ecb.europa.eu/stats/financial_markets_and_interest_rates/euro_area_yield_curves/shared/pdf/technical_notes.pdf,,6,,,AAA yield curve - 10-year spot rate,"Euro area (changing composition) - Government bond, nominal, all issuers whose rating is triple A - Svensson model - continuous compounding - yield error minimisation - Yield curve spot rate, 10-year maturity",PCPA,0
YC.B.U2.EUR.4F.G_N_A.SV_C_YM.SR_10Y,B,U2,EUR,4F,G_N_A,SV_C_YM,SR_10Y,2024-10-15,2.3391978925,A,F,,,P1D,,E,,,,,,,,,,,,,,,Technical notes are available at the following link: https://www.ecb.europa.eu/stats/financial_markets_and_interest_rates/euro_area_yield_curves/shared/pdf/technical_notes.pdf,,6,,,AAA yield curve - 10-year spot rate,"Euro area (changing composition) - Government bond, nominal, all issuers whose rating is triple A - Svensson model - continuous compounding - yield error minimisation - Yield curve spot rate, 10-year maturity",PCPA,0
YC.B.U2.EUR.4F.G_N_A.SV_C_YM.SR_10Y,B,U2,EUR,4F,G_N_A,SV_C_YM,SR_10Y,2024-10-16,2.2888657969,A,F,,,P1D,,E,,,,,,,,,,,,,,,Technical notes are available at the following link: https://www.ecb.europa.eu/stats/financial_markets_and_interest_rates/euro_area_yield_curves/shared/pdf/technical_notes.pdf,,6,,,AAA yield curve - 10-year spot rate,"Euro area (changing composition) - Government bond, nominal, all issuers whose rating is triple A - Svensson model - continuous compounding - yield error minimisation - Yield curve spot rate, 10-year maturity",PCPA,0
YC.B.U2.EUR.4F.G_N_A.SV_C_YM.SR_10Y,B,U2,EUR,4F,G_N_A,SV_C_YM,SR_10Y,2024-10-17,2.3141522729,A,F,,,P1D,,E,,,,,,,,,,,,,,,Technical notes are available at the following link: https://www.ecb.europa.eu/stats/financial_markets_and_interest_rates/euro_area_yield_curves/shared/pdf/technical_notes.pdf,,6,,,AAA yield curve - 10-year spot rate,"Euro area (changing composition) - Government bond, nominal, all issuers whose rating is triple A - Svensson model - continuous compounding - yield error minimisation - Yield curve spot rate, 10-year maturity",PCPA,0
YC.B.U2.EUR.4F.G_N_A.SV_C_YM.SR_10Y,B,U2,EUR,4F,G_N_A,SV_C_YM,SR_10Y,2024-10-18,2.2940883656,A,F,,,P1D,,E,,,,,,,,,,,,,,,Technical notes are available at the following link: https://www.ecb.europa.eu/stats/financial_markets_and_interest_rates/euro_area_yield_curves/shared/pdf/technical_notes.pdf,,6,,,AAA yield curve - 10-year spot rate,"Euro area (changing composition) - Government bond, nominal, all issuers whose rating is triple A - Svensson model - continuous compounding - yield error minimisation - Yield curve spot rate, 10-year maturity",PCPA,0
YC.B.U2.EUR.4F.G_N_A.SV_C_YM.SR_10Y,B,U2,EUR,4F,G_N_A,SV_C_YM,SR_10Y,2024-10-21,2.3808484055,A,F,,,P1D,,E,,,,,,,,,,,,,,,Technical notes are available at the following link: https://www.ecb.europa.eu/stats/financial_markets_and_interest_rates/euro_area_yield_curves/shared/pdf/technical_notes.pdf,,6,,,AAA yield curve - 10-year spot rate,"Euro area (changing composition) - Government bond, nominal, all issuers whose rating is triple A - Svensson model - continuous compounding - yield error minimisation - Yield curve spot rate, 10-year maturity",PCPA,0
YC.B.U2.EUR.4F.G_N_A.SV_C_YM.SR_10Y,B,U2,EUR,4F,G_N_A,SV_C_YM,SR_10Y,2024-10-22,2.3997309158,A,F,,,P1D,,E,,,,,,,,,,,,,,,Technical notes are available at the following link: https://www.ecb.europa.eu/stats/financial_markets_and_interest_rates/euro_area_yield_curves/shared/pdf/technical_notes.pdf,,6,,,AAA yield curve - 10-year spot rate,"Euro area (changing composition) - Government bond, nominal, all issuers whose rating is triple A - Svensson model - continuous compounding - yield error minimisation - Yield curve spot rate, 10-year maturity",PCPA,0
YC.B.U2.EUR.4F.G_N_A.SV_C_YM.SR_10Y,B,U2,EUR,4F,G_N_A,SV_C_YM,SR_10Y,2024-10-23,2.4337504295,A,F,,,P1D,,E,,,,,,,,,,,,,,,Technical notes are available at the following link: https://www.ecb.europa.eu/stats/financial_markets_and_interest_rates/euro_area_yield_curves/shared/pdf/technical_notes.pdf,,6,,,AAA yield curve - 10-year spot rate,"Euro area (changing composition) - Government bond, nominal, all issuers whose rating is triple A - Svensson model - continuous compounding - yield error minimisation - Yield curve spot rate, 10-year maturity",PCPA,0
YC.B.U2.EUR.4F.G_N_A.SV_C_YM.SR_10Y,B,U2,EUR,4F,G_N_A,SV_C_YM,SR_10Y,2024-10-24,2.3715160286,A,F,,,P1D,,E,,,,,,,,,,,,,,,Technical notes are available at the following link: https://www.ecb.europa.eu/stats/financial_markets_and_interest_rates/euro_area_yield_curves/shared/pdf/technical_notes.pdf,,6,,,AAA yield curve - 10-year spot rate,"Euro area (changing composition) - Government bond, nominal, all issuers whose rating is triple A - Svensson model - continuous compounding - yield error minimisation - Yield curve spot rate, 10-year maturity",PCPA,0
YC.B.U2.EUR.4F.G_N_A.SV_C_YM.SR_10Y,B,U2,EUR,4F,G_N_A,SV_C_YM,SR_10Y,2024-10-25,2.397353001,A,F,,,P1D,,E,,,,,,,,,,,,,,,Technical notes are available at the following link: https://www.ecb.europa.eu/stats/financial_markets_and_interest_rates/euro_area_yield_curves/shared/pdf/technical_notes.pdf,,6,,,AAA yield curve - 10-year spot rate,"Euro area (changing composition) - Government bond, nominal, all issuers whose rating is triple A - Svensson model - continuous compounding - yield error minimisation - Yield curve spot rate, 10-year maturity",PCPA,0
YC.B.U2.EUR.4F.G_N_A.SV_C_YM.SR_10Y,B,U2,EUR,4F,G_N_A,SV_C_YM,SR_10Y,2024-10-28,2.3810519633,A,F,,,P1D,,E,,,,,,,,,,,,,,,Technical notes are available at the following link: https://www.ecb.europa.eu/stats/financial_markets_and_interest_rates/euro_area_yield_curves/shared/pdf/technical_notes.pdf,,6,,,AAA yield curve - 10-year spot rate,"Euro area (changing composition) - Government bond, nominal, all issuers whose rating is triple A - Svensson model - continuous compounding - yield error minimisation - Yield curve spot rate, 10-year maturity",PCPA,0
YC.B.U2.EUR.4F.G_N_A.SV_C_YM.SR_10Y,B,U2,EUR,4F,G_N_A,SV_C_YM,SR_10Y,2024-10-29,2.4331853634,A,F,,,P1D,,E,,,,,,,,,,,,,,,Technical notes are available at the following link: https://www.ecb.europa.eu/stats/financial_markets_and_interest_rates/euro_area_yield_curves/shared/pdf/technical_notes.pdf,,6,,,AAA yield curve - 10-year spot rate,"Euro area (changing composition) - Government bond, nominal, all issuers whose rating is triple A - Svensson model - continuous compounding - yield error minimisation - Yield curve spot rate, 10-year maturity",PCPA,0
YC.B.U2.EUR.4F.G_N_A.SV_C_YM.SR_10Y,B,U2,EUR,4F,G_N_A,SV_C_YM,SR_10Y,2024-10-30,2.4724594585,A,F,,,P1D,,E,,,,,,,,,,,,,,,Technical notes are available at the following link: https://www.ecb.europa.eu/stats/financial_markets_and_interest_rates/euro_area_yield_curves/shared/pdf/technical_notes.pdf,,6,,,AAA yield curve - 10-year spot rate,"Euro area (changing composition) - Government bond, nominal, all issuers whose rating is triple A - Svensson model - continuous compounding - yield error minimisation - Yield curve spot rate, 10-year maturity",PCPA,0
YC.B.U2.EUR.4F.G_N_A.SV_C_YM.SR_10Y,B,U2,EUR,4F,G_N_A,SV_C_YM,SR_10Y,2024-10-31,2.520945558,A,F,,,P1D,,E,,,,,,,,,,,,,,,Technical notes are available at the following link: https://www.ecb.europa.eu/stats/financial_markets_and_interest_rates/euro_area_yield_curves/shared/pdf/technical_notes.pdf,,6,,,AAA yield curve - 10-year spot rate,"Euro area (changing composition) - Government bond, nominal, all issuers whose rating is triple A - Svensson model - continuous compounding - yield error minimisation - Yield curve spot rate, 10-year maturity",PCPA,0
YC.B.U2.EUR.4F.G_N_A.SV_C_YM.SR_10Y,B,U2,EUR,4F,G_N_A,SV_C_YM,SR_10Y,2024-11-01,2.4894847017,A,F,,,P1D,,E,,,,,,,,,,,,,,,Technical notes are available at the following link: https://www.ecb.europa.eu/stats/financial_markets_and_interest_rates/euro_area_yield_curves/shared/pdf/technical_notes.pdf,,6,,,AAA yield curve - 10-year spot rate,"Euro area (changing composition) - Government bond, nominal, all issuers whose rating is triple A - Svensson model - continuous compounding - yield error minimisation - Yield curve spot rate, 10-year maturity",PCPA,0
YC.B.U2.EUR.4F.G_N_A.SV_C_YM.SR_10Y,B,U2,EUR,4F,G_N_A,SV_C_YM,SR_10Y,2024-11-04,2.487138698,A,F,,,P1D,,E,,,,,,,,,,,,,,,Technical notes are available at the following link: https://www.ecb.europa.eu/stats/financial_markets_and_interest_rates/euro_area_yield_curves/shared/pdf/technical_notes.pdf,,6,,,AAA yield curve - 10-year spot rate,"Euro area (changing composition) - Government bond, nominal, all issuers whose rating is triple A - Svensson model - continuous compounding - yield error minimisation - Yield curve spot rate, 10-year maturity",PCPA,0
YC.B.U2.EUR.4F.G_N_A.SV_C_YM.SR_10Y,B,U2,EUR,4F,G_N_A,SV_C_YM,SR_10Y,2024-11-05,2.4983617341,A,F,,,P1D,,E,,,,,,,,,,,,,,,Technical notes are available at the following link: https://www.ecb.europa.eu/stats/financial_markets_and_interest_rates/euro_area_yield_curves/shared/pdf/technical_notes.pdf,,6,,,AAA yield curve - 10-year spot rate,"Euro area (changing composition) - Government bond, nominal, all issuers whose rating is triple A - Svensson model - continuous compounding - yield error minimisation - Yield curve spot rate, 10-year maturity",PCPA,0
YC.B.U2.EUR.4F.G_N_A.SV_C_YM.SR_10Y,B,U2,EUR,4F,G_N_A,SV_C_YM,SR_10Y,2024-11-06,2.5113246974,A,F,,,P1D,,E,,,,,,,,,,,,,,,Technical notes are available at the following link: https://www.ecb.europa.eu/stats/financial_markets_and_interest_rates/euro_area_yield_curves/shared/pdf/technical_notes.pdf,,6,,,AAA yield curve - 10-year spot rate,"Euro area (changing composition) - Government bond, nominal, all issuers whose rating is triple A - Svensson model - continuous compounding - yield error minimisation - Yield curve spot rate, 10-year maturity",PCPA,0
YC.B.U2.EUR.4F.G_N_A.SV_C_YM.SR_10Y,B,U2,EUR,4F,G_N_A,SV_C_YM,SR_10Y,2024-11-07,2.5240289566,A,F,,,P1D,,E,,,,,,,,,,,,,,,Technical notes are available at the following link: https://www.ecb.europa.eu/stats/financial_markets_and_interest_rates/euro_area_yield_curves/shared/pdf/technical_notes.pdf,,6,,,AAA yield curve - 10-year spot rate,"Euro area (changing composition) - Government bond, nominal, all issuers whose rating is triple A - Svensson model - continuous compounding - yield error minimisation - Yield curve spot rate, 10-year maturity",PCPA,0
YC.B.U2.EUR.4F.G_N_A.SV_C_YM.SR_10Y,B,U2,EUR,4F,G_N_A,SV_C_YM,SR_10Y,2024-11-08,2.4700578721,A,F,,,P1D,,E,,,,,,,,,,,,,,,Technical notes are available at the following link: https://www.ecb.europa.eu/stats/financial_markets_and_interest_rates/euro_area_yield_curves/shared/pdf/technical_notes.pdf,,6,,,AAA yield curve - 10-year spot rate,"Euro area (changing composition) - Government bond, nominal, all issuers whose rating is triple A - Svensson model - continuous compounding - yield error minimisation - Yield curve spot rate, 10-year maturity",PCPA,0
YC.B.U2.EUR.4F.G_N_A.SV_C_YM.SR_10Y,B,U2,EUR,4F,G_N_A,SV_C_YM,SR_10Y,2024-11-11,2.4420946519,A,F,,,P1D,,E,,,,,,,,,,,,,,,Technical notes are available at the following link: https://www.ecb.europa.eu/stats/financial_markets_and_interest_rates/euro_area_yield_curves/shared/pdf/technical_notes.pdf,,6,,,AAA yield curve - 10-year spot rate,"Euro area (changing composition) - Government bond, nominal, all issuers whose rating is triple A - Svensson model - continuous compounding - yield error minimisation - Yield curve spot rate, 10-year maturity",PCPA,0
YC.B.U2.EUR.4F.G_N_A.SV_C_YM.SR_10Y,B,U2,EUR,4F,G_N_A,SV_C_YM,SR_10Y,2024-11-12,2.4280603265,A,F,,,P1D,,E,,,,,,,,,,,,,,,Technical notes are available at the following link: https://www.ecb.europa.eu/stats/financial_markets_and_interest_rates/euro_area_yield_curves/shared/pdf/technical_notes.pdf,,6,,,AAA yield curve - 10-year spot rate,"Euro area (changing composition) - Government bond, nominal, all issuers whose rating is triple A - Svensson model - continuous compounding - yield error minimisation - Yield curve spot rate, 10-year maturity",PCPA,0
YC.B.U2.EUR.4F.G_N_A.SV_C_YM.SR_10Y,B,U2,EUR,4F,G_N_A,SV_C_YM,SR_10Y,2024-11-13,2.474171259,A,F,,,P1D,,E,,,,,,,,,,,,,,,Technical notes are available at the following link: https://www.ecb.europa.eu/stats/financial_markets_and_interest_rates/euro_area_yield_curves/shared/pdf/technical_notes.pdf,,6,,,AAA yield curve - 10-year spot rate,"Euro area (changing composition) - Government bond, nominal, all issuers whose rating is triple A - Svensson model - continuous compounding - yield error minimisation - Yield curve spot rate, 10-year maturity",PCPA,0
YC.B.U2.EUR.4F.G_N_A.SV_C_YM.SR_10Y,B,U2,EUR,4F,G_N_A,SV_C_YM,SR_10Y,2024-11-14,2.4479041589,A,F,,,P1D,,E,,,,,,,,,,,,,,,Technical notes are available at the following link: https://www.ecb.europa.eu/stats/financial_markets_and_interest_rates/euro_area_yield_curves/shared/pdf/technical_notes.pdf,,6,,,AAA yield curve - 10-year spot rate,"Euro area (changing composition) - Government bond, nominal, all issuers whose rating is triple A - Svensson model - continuous compounding - yield error minimisation - Yield curve spot rate, 10-year maturity",PCPA,0
YC.B.U2.EUR.4F.G_N_A.SV_C_YM.SR_10Y,B,U2,EUR,4F,G_N_A,SV_C_YM,SR_10Y,2024-11-15,2.4575629867,A,F,,,P1D,,E,,,,,,,,,,,,,,,Technical notes are available at the following link: https://www.ecb.europa.eu/stats/financial_markets_and_interest_rates/euro_area_yield_curves/shared/pdf/technical_notes.pdf,,6,,,AAA yield curve - 10-year spot rate,"Euro area (changing composition) - Government bond, nominal, all issuers whose rating is triple A - Svensson model - continuous compounding - yield error minimisation - Yield curve spot rate, 10-year maturity",PCPA,0
YC.B.U2.EUR.4F.G_N_A.SV_C_YM.SR_10Y,B,U2,EUR,4F,G_N_A,SV_C_YM,SR_10Y,2024-11-18,2.4743486696,A,F,,,P1D,,E,,,,,,,,,,,,,,,Technical notes are available at the following link: https://www.ecb.europa.eu/stats/financial_markets_and_interest_rates/euro_area_yield_curves/shared/pdf/technical_notes.pdf,,6,,,AAA yield curve - 10-year spot rate,"Euro area (changing composition) - Government bond, nominal, all issuers whose rating is triple A - Svensson model - continuous compounding - yield error minimisation - Yield curve spot rate, 10-year maturity",PCPA,0
YC.B.U2.EUR.4F.G_N_A.SV_C_YM.SR_10Y,B,U2,EUR,4F,G_N_A,SV_C_YM,SR_10Y,2024-11-19,2.4309080958,A,F,,,P1D,,E,,,,,,,,,,,,,,,Technical notes are available at the following link: https://www.ecb.europa.eu/stats/financial_markets_and_interest_rates/euro_area_yield_curves/shared/pdf/technical_notes.pdf,,6,,,AAA yield curve - 10-year spot rate,"Euro area (changing composition) - Government bond, nominal, all issuers whose rating is triple A - Svensson model - continuous compounding - yield error minimisation - Yield curve spot rate, 10-year maturity",PCPA,0
YC.B.U2.EUR.4F.G_N_A.SV_C_YM.SR_10Y,B,U2,EUR,4F,G_N_A,SV_C_YM,SR_10Y,2024-11-20,2.4474474548,A,F,,,P1D,,E,,,,,,,,,,,,,,,Technical notes are available at the following link: https://www.ecb.europa.eu/stats/financial_markets_and_interest_rates/euro_area_yield_curves/shared/pdf/technical_notes.pdf,,6,,,AAA yield curve - 10-year spot rate,"Euro area (changing composition) - Government bond, nominal, all issuers whose rating is triple A - Svensson model - continuous compounding - yield error minimisation - Yield curve spot rate, 10-year maturity",PCPA,0
YC.B.U2.EUR.4F.G_N_A.SV_C_YM.SR_10Y,B,U2,EUR,4F,G_N_A,SV_C_YM,SR_10Y,2024-11-21,2.3987406434,A,F,,,P1D,,E,,,,,,,,,,,,,,,Technical notes are available at the following link: https://www.ecb.europa.eu/stats/financial_markets_and_interest_rates/euro_area_yield_curves/shared/pdf/technical_notes.pdf,,6,,,AAA yield curve - 10-year spot rate,"Euro area (changing composition) - Government bond, nominal, all issuers whose rating is triple A - Svensson model - continuous compounding - yield error minimisation - Yield curve spot rate, 10-year maturity",PCPA,0
YC.B.U2.EUR.4F.G_N_A.SV_C_YM.SR_10Y,B,U2,EUR,4F,G_N_A,SV_C_YM,SR_10Y,2024-11-22,2.3562386849,A,F,,,P1D,,E,,,,,,,,,,,,,,,Technical notes are available at the following link: https://www.ecb.europa.eu/stats/financial_markets_and_interest_rates/euro_area_yield_curves/shared/pdf/technical_notes.pdf,,6,,,AAA yield curve - 10-year spot rate,"Euro area (changing composition) - Government bond, nominal, all issuers whose rating is triple A - Svensson model - continuous compounding - yield error minimisation - Yield curve spot rate, 10-year maturity",PCPA,0
YC.B.U2.EUR.4F.G_N_A.SV_C_YM.SR_10Y,B,U2,EUR,4F,G_N_A,SV_C_YM,SR_10Y,2024-11-25,2.3014732166,A,F,,,P1D,,E,,,,,,,,,,,,,,,Technical notes are available at the following link: https://www.ecb.europa.eu/stats/financial_markets_and_interest_rates/euro_area_yield_curves/shared/pdf/technical_notes.pdf,,6,,,AAA yield curve - 10-year spot rate,"Euro area (changing composition) - Government bond, nominal, all issuers whose rating is triple A - Svensson model - continuous compounding - yield error minimisation - Yield curve spot rate, 10-year maturity",PCPA,0
YC.B.U2.EUR.4F.G_N_A.SV_C_YM.SR_10Y,B,U2,EUR,4F,G_N_A,SV_C_YM,SR_10Y,2024-11-26,2.2988076041,A,F,,,P1D,,E,,,,,,,,,,,,,,,Technical notes are available at the following link: https://www.ecb.europa.eu/stats/financial_markets_and_interest_rates/euro_area_yield_curves/shared/pdf/technical_notes.pdf,,6,,,AAA yield curve - 10-year spot rate,"Euro area (changing composition) - Government bond, nominal, all issuers whose rating is triple A - Svensson model - continuous compounding - yield error minimisation - Yield curve spot rate, 10-year maturity",PCPA,0
YC.B.U2.EUR.4F.G_N_A.SV_C_YM.SR_10Y,B,U2,EUR,4F,G_N_A,SV_C_YM,SR_10Y,2024-11-27,2.261384337,A,F,,,P1D,,E,,,,,,,,,,,,,,,Technical notes are available at the following link: https://www.ecb.europa.eu/stats/financial_markets_and_interest_rates/euro_area_yield_curves/shared/pdf/technical_notes.pdf,,6,,,AAA yield curve - 10-year spot rate,"Euro area (changing composition) - Government bond, nominal, all issuers whose rating is triple A - Svensson model - continuous compounding - yield error minimisation - Yield curve spot rate, 10-year maturity",PCPA,0
YC.B.U2.EUR.4F.G_N_A.SV_C_YM.SR_10Y,B,U2,EUR,4F,G_N_A,SV_C_YM,SR_10Y,2024-11-28,2.2248257945,A,F,,,P1D,,E,,,,,,,,,,,,,,,Technical notes are available at the following link: https://www.ecb.europa.eu/stats/financial_markets_and_interest_rates/euro_area_yield_curves/shared/pdf/technical_notes.pdf,,6,,,AAA yield curve - 10-year spot rate,"Euro area (changing composition) - Government bond, nominal, all issuers whose rating is triple A - Svensson model - continuous compounding - yield error minimisation - Yield curve spot rate, 10-year maturity",PCPA,0
YC.B.U2.EUR.4F.G_N_A.SV_C_YM.SR_10Y,B,U2,EUR,4F,G_N_A,SV_C_YM,SR_10Y,2024-11-29,2.1852246483,A,F,,,P1D,,E,,,,,,,,,,,,,,,Technical notes are available at the following link: https://www.ecb.europa.eu/stats/financial_markets_and_interest_rates/euro_area_yield_curves/shared/pdf/technical_notes.pdf,,6,,,AAA yield curve - 10-year spot rate,"Euro area (changing composition) - Government bond, nominal, all issuers whose rating is triple A - Svensson model - continuous compounding - yield error minimisation - Yield curve spot rate, 10-year maturity",PCPA,0
YC.B.U2.EUR.4F.G_N_A.SV_C_YM.SR_10Y,B,U2,EUR,4F,G_N_A,SV_C_YM,SR_10Y,2024-12-02,2.1381738703,A,F,,,P1D,,E,,,,,,,,,,,,,,,Technical notes are available at the following link: https://www.ecb.europa.eu/stats/financial_markets_and_interest_rates/euro_area_yield_curves/shared/pdf/technical_notes.pdf,,6,,,AAA yield curve - 10-year spot rate,"Euro area (changing composition) - Government bond, nominal, all issuers whose rating is triple A - Svensson model - continuous compounding - yield error minimisation - Yield curve spot rate, 10-year maturity",PCPA,0
YC.B.U2.EUR.4F.G_N_A.SV_C_YM.SR_10Y,B,U2,EUR,4F,G_N_A,SV_C_YM,SR_10Y,2024-12-03,2.1245018989,A,F,,,P1D,,E,,,,,,,,,,,,,,,Technical notes are available at the following link: https://www.ecb.europa.eu/stats/financial_markets_and_interest_rates/euro_area_yield_curves/shared/pdf/technical_notes.pdf,,6,,,AAA yield curve - 10-year spot rate,"Euro area (changing composition) - Government bond, nominal, all issuers whose rating is triple A - Svensson model - continuous compounding - yield error minimisation - Yield curve spot rate, 10-year maturity",PCPA,0
YC.B.U2.EUR.4F.G_N_A.SV_C_YM.SR_10Y,B,U2,EUR,4F,G_N_A,SV_C_YM,SR_10Y,2024-12-04,2.1609470857,A,F,,,P1D,,E,,,,,,,,,,,,,,,Technical notes are available at the following link: https://www.ecb.europa.eu/stats/financial_markets_and_interest_rates/euro_area_yield_curves/shared/pdf/technical_notes.pdf,,6,,,AAA yield curve - 10-year spot rate,"Euro area (changing composition) - Government bond, nominal, all issuers whose rating is triple A - Svensson model - continuous compounding - yield error minimisation - Yield curve spot rate, 10-year maturity",PCPA,0
YC.B.U2.EUR.4F.G_N_A.SV_C_YM.SR_10Y,B,U2,EUR,4F,G_N_A,SV_C_YM,SR_10Y,2024-12-05,2.1952120266,A,F,,,P1D,,E,,,,,,,,,,,,,,,Technical notes are available at the following link: https://www.ecb.europa.eu/stats/financial_markets_and_interest_rates/euro_area_yield_curves/shared/pdf/technical_notes.pdf,,6,,,AAA yield curve - 10-year spot rate,"Euro area (changing composition) - Government bond, nominal, all issuers whose rating is triple A - Svensson model - continuous compounding - yield error minimisation - Yield curve spot rate, 10-year maturity",PCPA,0
YC.B.U2.EUR.4F.G_N_A.SV_C_YM.SR_10Y,B,U2,EUR,4F,G_N_A,SV_C_YM,SR_10Y,2024-12-06,2.1639756999,A,F,,,P1D,,E,,,,,,,,,,,,,,,Technical notes are available at the following link: https://www.ecb.europa.eu/stats/financial_markets_and_interest_rates/euro_area_yield_curves/shared/pdf/technical_notes.pdf,,6,,,AAA yield curve - 10-year spot rate,"Euro area (changing composition) - Government bond, nominal, all issuers whose rating is triple A - Svensson model - continuous compounding - yield error minimisation - Yield curve spot rate, 10-year maturity",PCPA,0
YC.B.U2.EUR.4F.G_N_A.SV_C_YM.SR_10Y,B,U2,EUR,4F,G_N_A,SV_C_YM,SR_10Y,2024-12-09,2.1848501571,A,F,,,P1D,,E,,,,,,,,,,,,,,,Technical notes are available at the following link: https://www.ecb.europa.eu/stats/financial_markets_and_interest_rates/euro_area_yield_curves/shared/pdf/technical_notes.pdf,,6,,,AAA yield curve - 10-year spot rate,"Euro area (changing composition) - Government bond, nominal, all issuers whose rating is triple A - Svensson model - continuous compounding - yield error minimisation - Yield curve spot rate, 10-year maturity",PCPA,0
YC.B.U2.EUR.4F.G_N_A.SV_C_YM.SR_10Y,B,U2,EUR,4F,G_N_A,SV_C_YM,SR_10Y,2024-12-10,2.196991766,A,F,,,P1D,,E,,,,,,,,,,,,,,,Technical notes are available at the following link: https://www.ecb.europa.eu/stats/financial_markets_and_interest_rates/euro_area_yield_curves/shared/pdf/technical_notes.pdf,,6,,,AAA yield curve - 10-year spot rate,"Euro area (changing composition) - Government bond, nominal, all issuers whose rating is triple A - Svensson model - continuous compounding - yield error minimisation - Yield curve spot rate, 10-year maturity",PCPA,0
YC.B.U2.EUR.4F.G_N_A.SV_C_YM.SR_10Y,B,U2,EUR,4F,G_N_A,SV_C_YM,SR_10Y,2024-12-11,2.2067122243,A,F,,,P1D,,E,,,,,,,,,,,,,,,Technical notes are available at the following link: https://www.ecb.europa.eu/stats/financial_markets_and_interest_rates/euro_area_yield_curves/shared/pdf/technical_notes.pdf,,6,,,AAA yield curve - 10-year spot rate,"Euro area (changing composition) - Government bond, nominal, all issuers whose rating is triple A - Svensson model - continuous compounding - yield error minimisation - Yield curve spot rate, 10-year maturity",PCPA,0
YC.B.U2.EUR.4F.G_N_A.SV_C_YM.SR_10Y,B,U2,EUR,4F,G_N_A,SV_C_YM,SR_10Y,2024-12-12,2.2590743687,A,F,,,P1D,,E,,,,,,,,,,,,,,,Technical notes are available at the following link: https://www.ecb.europa.eu/stats/financial_markets_and_interest_rates/euro_area_yield_curves/shared/pdf/technical_notes.pdf,,6,,,AAA yield curve - 10-year spot rate,"Euro area (changing composition) - Government bond, nominal, all issuers whose rating is triple A - Svensson model - continuous compounding - yield error minimisation - Yield curve spot rate, 10-year maturity",PCPA,0
YC.B.U2.EUR.4F.G_N_A.SV_C_YM.SR_10Y,B,U2,EUR,4F,G_N_A,SV_C_YM,SR_10Y,2024-12-13,2.3306589016,A,F,,,P1D,,E,,,,,,,,,,,,,,,Technical notes are available at the following link: https://www.ecb.europa.eu/stats/financial_markets_and_interest_rates/euro_area_yield_curves/shared/pdf/technical_notes.pdf,,6,,,AAA yield curve - 10-year spot rate,"Euro area (changing composition) - Government bond, nominal, all issuers whose rating is triple A - Svensson model - continuous compounding - yield error minimisation - Yield curve spot rate, 10-year maturity",PCPA,0
YC.B.U2.EUR.4F.G_N_A.SV_C_YM.SR_10Y,B,U2,EUR,4F,G_N_A,SV_C_YM,SR_10Y,2024-12-16,2.3320425144,A,F,,,P1D,,E,,,,,,,,,,,,,,,Technical notes are available at the following link: https://www.ecb.europa.eu/stats/financial_markets_and_interest_rates/euro_area_yield_curves/shared/pdf/technical_notes.pdf,,6,,,AAA yield curve - 10-year spot rate,"Euro area (changing composition) - Government bond, nominal, all issuers whose rating is triple A - Svensson model - continuous compounding - yield error minimisation - Yield curve spot rate, 10-year maturity",PCPA,0
YC.B.U2.EUR.4F.G_N_A.SV_C_YM.SR_10Y,B,U2,EUR,4F,G_N_A,SV_C_YM,SR_10Y,2024-12-17,2.3137164817,A,F,,,P1D,,E,,,,,,,,,,,,,,,Technical notes are available at the following link: https://www.ecb.europa.eu/stats/financial_markets_and_interest_rates/euro_area_yield_curves/shared/pdf/technical_notes.pdf,,6,,,AAA yield curve - 10-year spot rate,"Euro area (changing composition) - Government bond, nominal, all issuers whose rating is triple A - Svensson model - continuous compounding - yield error minimisation - Yield curve spot rate, 10-year maturity",PCPA,0
YC.B.U2.EUR.4F.G_N_A.SV_C_YM.SR_10Y,B,U2,EUR,4F,G_N_A,SV_C_YM,SR_10Y,2024-12-18,2.339148239,A,F,,,P1D,,E,,,,,,,,,,,,,,,Technical notes are available at the following link: https://www.ecb.europa.eu/stats/financial_markets_and_interest_rates/euro_area_yield_curves/shared/pdf/technical_notes.pdf,,6,,,AAA yield curve - 10-year spot rate,"Euro area (changing composition) - Government bond, nominal, all issuers whose rating is triple A - Svensson model - continuous compounding - yield error minimisation - Yield curve spot rate, 10-year maturity",PCPA,0
YC.B.U2.EUR.4F.G_N_A.SV_C_YM.SR_10Y,B,U2,EUR,4F,G_N_A,SV_C_YM,SR_10Y,2024-12-19,2.4054384768,A,F,,,P1D,,E,,,,,,,,,,,,,,,Technical notes are available at the following link: https://www.ecb.europa.eu/stats/financial_markets_and_interest_rates/euro_area_yield_curves/shared/pdf/technical_notes.pdf,,6,,,AAA yield curve - 10-year spot rate,"Euro area (changing composition) - Government bond, nominal, all issuers whose rating is triple A - Svensson model - continuous compounding - yield error minimisation - Yield curve spot rate, 10-year maturity",PCPA,0
YC.B.U2.EUR.4F.G_N_A.SV_C_YM.SR_10Y,B,U2,EUR,4F,G_N_A,SV_C_YM,SR_10Y,2024-12-20,2.3746841926,A,F,,,P1D,,E,,,,,,,,,,,,,,,Technical notes are available at the following link: https://www.ecb.europa.eu/stats/financial_markets_and_interest_rates/euro_area_yield_curves/shared/pdf/technical_notes.pdf,,6,,,AAA yield curve - 10-year spot rate,"Euro area (changing composition) - Government bond, nominal, all issuers whose rating is triple A - Svensson model - continuous compounding - yield error minimisation - Yield curve spot rate, 10-year maturity",PCPA,0
YC.B.U2.EUR.4F.G_N_A.SV_C_YM.SR_10Y,B,U2,EUR,4F,G_N_A,SV_C_YM,SR_10Y,2024-12-23,2.4023438214,A,F,,,P1D,,E,,,,,,,,,,,,,,,Technical notes are available at the following link: https://www.ecb.europa.eu/stats/financial_markets_and_interest_rates/euro_area_yield_curves/shared/pdf/technical_notes.pdf,,6,,,AAA yield curve - 10-year spot rate,"Euro area (changing composition) - Government bond, nominal, all issuers whose rating is triple A - Svensson model - continuous compounding - yield error minimisation - Yield curve spot rate, 10-year maturity",PCPA,0
YC.B.U2.EUR.4F.G_N_A.SV_C_YM.SR_10Y,B,U2,EUR,4F,G_N_A,SV_C_YM,SR_10Y,2024-12-24,2.4054591254,A,F,,,P1D,,E,,,,,,,,,,,,,,,Technical notes are available at the following link: https://www.ecb.europa.eu/stats/financial_markets_and_interest_rates/euro_area_yield_curves/shared/pdf/technical_notes.pdf,,6,,,AAA yield curve - 10-year spot rate,"Euro area (changing composition) - Government bond, nominal, all issuers whose rating is triple A - Svensson model - continuous compounding - yield error minimisation - Yield curve spot rate, 10-year maturity",PCPA,0
YC.B.U2.EUR.4F.G_N_A.SV_C_YM.SR_10Y,B,U2,EUR,4F,G_N_A,SV_C_YM,SR_10Y,2024-12-27,2.4317999928,A,F,,,P1D,,E,,,,,,,,,,,,,,,Technical notes are available at the following link: https://www.ecb.europa.eu/stats/financial_markets_and_interest_rates/euro_area_yield_curves/shared/pdf/technical_notes.pdf,,6,,,AAA yield curve - 10-year spot rate,"Euro area (changing composition) - Government bond, nominal, all issuers whose rating is triple A - Svensson model - continuous compounding - yield error minimisation - Yield curve spot rate, 10-year maturity",PCPA,0
YC.B.U2.EUR.4F.G_N_A.SV_C_YM.SR_10Y,B,U2,EUR,4F,G_N_A,SV_C_YM,SR_10Y,2024-12-30,2.4473038368,A,F,,,P1D,,E,,,,,,,,,,,,,,,Technical notes are available at the following link: https://www.ecb.europa.eu/stats/financial_markets_and_interest_rates/euro_area_yield_curves/shared/pdf/technical_notes.pdf,,6,,,AAA yield curve - 10-year spot rate,"Euro area (changing composition) - Government bond, nominal, all issuers whose rating is triple A - Svensson model - continuous compounding - yield error minimisation - Yield curve spot rate, 10-year maturity",PCPA,0
YC.B.U2.EUR.4F.G_N_A.SV_C_YM.SR_10Y,B,U2,EUR,4F,G_N_A,SV_C_YM,SR_10Y,2025-01-02,2.4331074802,A,F,,,P1D,,E,,,,,,,,,,,,,,,Technical notes are available at the following link: https://www.ecb.europa.eu/stats/financial_markets_and_interest_rates/euro_area_yield_curves/shared/pdf/technical_notes.pdf,,6,,,AAA yield curve - 10-year spot rate,"Euro area (changing composition) - Government bond, nominal, all issuers whose rating is triple A - Svensson model - continuous compounding - yield error minimisation - Yield curve spot rate, 10-year maturity",PCPA,0
YC.B.U2.EUR.4F.G_N_A.SV_C_YM.SR_10Y,B,U2,EUR,4F,G_N_A,SV_C_YM,SR_10Y,2025-01-03,2.4896138856,A,F,,,P1D,,E,,,,,,,,,,,,,,,Technical notes are available at the following link: https://www.ecb.europa.eu/stats/financial_markets_and_interest_rates/euro_area_yield_curves/shared/pdf/technical_notes.pdf,,6,,,AAA yield curve - 10-year spot rate,"Euro area (changing composition) - Government bond, nominal, all issuers whose rating is triple A - Svensson model - continuous compounding - yield error minimisation - Yield curve spot rate, 10-year maturity",PCPA,0
YC.B.U2.EUR.4F.G_N_A.SV_C_YM.SR_10Y,B,U2,EUR,4F,G_N_A,SV_C_YM,SR_10Y,2025-01-06,2.5409183981,A,F,,,P1D,,E,,,,,,,,,,,,,,,Technical notes are available at the following link: https://www.ecb.europa.eu/stats/financial_markets_and_interest_rates/euro_area_yield_curves/shared/pdf/technical_notes.pdf,,6,,,AAA yield curve - 10-year spot rate,"Euro area (changing composition) - Government bond, nominal, all issuers whose rating is triple A - Svensson model - continuous compounding - yield error minimisation - Yield curve spot rate, 10-year maturity",PCPA,0
YC.B.U2.EUR.4F.G_N_A.SV_C_YM.SR_10Y,B,U2,EUR,4F,G_N_A,SV_C_YM,SR_10Y,2025-01-07,2.5483720687,A,F,,,P1D,,E,,,,,,,,,,,,,,,Technical notes are available at the following link: https://www.ecb.europa.eu/stats/financial_markets_and_interest_rates/euro_area_yield_curves/shared/pdf/technical_notes.pdf,,6,,,AAA yield curve - 10-year spot rate,"Euro area (changing composition) - Government bond, nominal, all issuers whose rating is triple A - Svensson model - continuous compounding - yield error minimisation - Yield curve spot rate, 10-year maturity",PCPA,0
YC.B.U2.EUR.4F.G_N_A.SV_C_YM.SR_10Y,B,U2,EUR,4F,G_N_A,SV_C_YM,SR_10Y,2025-01-08,2.605443235,A,F,,,P1D,,E,,,,,,,,,,,,,,,Technical notes are available at the following link: https://www.ecb.europa.eu/stats/financial_markets_and_interest_rates/euro_area_yield_curves/shared/pdf/technical_notes.pdf,,6,,,AAA yield curve - 10-year spot rate,"Euro area (changing composition) - Government bond, nominal, all issuers whose rating is triple A - Svensson model - continuous compounding - yield error minimisation - Yield curve spot rate, 10-year maturity",PCPA,0
YC.B.U2.EUR.4F.G_N_A.SV_C_YM.SR_10Y,B,U2,EUR,4F,G_N_A,SV_C_YM,SR_10Y,2025-01-09,2.6162985075,A,F,,,P1D,,E,,,,,,,,,,,,,,,Technical notes are available at the following link: https://www.ecb.europa.eu/stats/financial_markets_and_interest_rates/euro_area_yield_curves/shared/pdf/technical_notes.pdf,,6,,,AAA yield curve - 10-year spot rate,"Euro area (changing composition) - Government bond, nominal, all issuers whose rating is triple A - Svensson model - continuous compounding - yield error minimisation - Yield curve spot rate, 10-year maturity",PCPA,0
YC.B.U2.EUR.4F.G_N_A.SV_C_YM.SR_10Y,B,U2,EUR,4F,G_N_A,SV_C_YM,SR_10Y,2025-01-10,2.6562443383,A,F,,,P1D,,E,,,,,,,,,,,,,,,Technical notes are available at the following link: https://www.ecb.europa.eu/stats/financial_markets_and_interest_rates/euro_area_yield_curves/shared/pdf/technical_notes.pdf,,6,,,AAA yield curve - 10-year spot rate,"Euro area (changing composition) - Government bond, nominal, all issuers whose rating is triple A - Svensson model - continuous compounding - yield error minimisation - Yield curve spot rate, 10-year maturity",PCPA,0
YC.B.U2.EUR.4F.G_N_A.SV_C_YM.SR_10Y,B,U2,EUR,4F,G_N_A,SV_C_YM,SR_10Y,2025-01-13,2.6820322585,A,F,,,P1D,,E,,,,,,,,,,,,,,,Technical notes are available at the following link: https://www.ecb.europa.eu/stats/financial_markets_and_interest_rates/euro_area_yield_curves/shared/pdf/technical_notes.pdf,,6,,,AAA yield curve - 10-year spot rate,"Euro area (changing composition) - Government bond, nominal, all issuers whose rating is triple A - Svensson model - continuous compounding - yield error minimisation - Yield curve spot rate, 10-year maturity",PCPA,0
YC.B.U2.EUR.4F.G_N_A.SV_C_YM.SR_10Y,B,U2,EUR,4F,G_N_A,SV_C_YM,SR_10Y,2025-01-14,2.7186860566,A,F,,,P1D,,E,,,,,,,,,,,,,,,Technical notes are available at the following link: https://www.ecb.europa.eu/stats/financial_markets_and_interest_rates/euro_area_yield_curves/shared/pdf/technical_notes.pdf,,6,,,AAA yield curve - 10-year spot rate,"Euro area (changing composition) - Government bond, nominal, all issuers whose rating is triple A - Svensson model - continuous compounding - yield error minimisation - Yield curve spot rate, 10-year maturity",PCPA,0
YC.B.U2.EUR.4F.G_N_A.SV_C_YM.SR_10Y,B,U2,EUR,4F,G_N_A,SV_C_YM,SR_10Y,2025-01-15,2.6302772251,A,F,,,P1D,,E,,,,,,,,,,,,,,,Technical notes are available at the following link: https://www.ecb.europa.eu/stats/financial_markets_and_interest_rates/euro_area_yield_curves/shared/pdf/technical_notes.pdf,,6,,,AAA yield curve - 10-year spot rate,"Euro area (changing composition) - Government bond, nominal, all issuers whose rating is triple A - Svensson model - continuous compounding - yield error minimisation - Yield curve spot rate, 10-year maturity",PCPA,0
YC.B.U2.EUR.4F.G_N_A.SV_C_YM.SR_10Y,B,U2,EUR,4F,G_N_A,SV_C_YM,SR_10Y,2025-01-16,2.6577802953,A,F,,,P1D,,E,,,,,,,,,,,,,,,Technical notes are available at the following link: https://www.ecb.europa.eu/stats/financial_markets_and_interest_rates/euro_area_yield_curves/shared/pdf/technical_notes.pdf,,6,,,AAA yield curve - 10-year spot rate,"Euro area (changing composition) - Government bond, nominal, all issuers whose rating is triple A - Svensson model - continuous compounding - yield error minimisation - Yield curve spot rate, 10-year maturity",PCPA,0
YC.B.U2.EUR.4F.G_N_A.SV_C_YM.SR_10Y,B,U2,EUR,4F,G_N_A,SV_C_YM,SR_10Y,2025-01-17,2.6010145893,A,F,,,P1D,,E,,,,,,,,,,,,,,,Technical notes are available at the following link: https://www.ecb.europa.eu/stats/financial_markets_and_interest_rates/euro_area_yield_curves/shared/pdf/technical_notes.pdf,,6,,,AAA yield curve - 10-year spot rate,"Euro area (changing composition) - Government bond, nominal, all issuers whose rating is triple A - Svensson model - continuous compounding - yield error minimisation - Yield curve spot rate, 10-year maturity",PCPA,0
YC.B.U2.EUR.4F.G_N_A.SV_C_YM.SR_10Y,B,U2,EUR,4F,G_N_A,SV_C_YM,SR_10Y,2025-01-20,2.600667827,A,F,,,P1D,,E,,,,,,,,,,,,,,,Technical notes are available at the following link: https://www.ecb.europa.eu/stats/financial_markets_and_interest_rates/euro_area_yield_curves/shared/pdf/technical_notes.pdf,,6,,,AAA yield curve - 10-year spot rate,"Euro area (changing composition) - Government bond, nominal, all issuers whose rating is triple A - Svensson model - continuous compounding - yield error minimisation - Yield curve spot rate, 10-year maturity",PCPA,0
YC.B.U2.EUR.4F.G_N_A.SV_C_YM.SR_10Y,B,U2,EUR,4F,G_N_A,SV_C_YM,SR_10Y,2025-01-21,2.5925000501,A,F,,,P1D,,E,,,,,,,,,,,,,,,Technical notes are available at the following link: https://www.ecb.europa.eu/stats/financial_markets_and_interest_rates/euro_area_yield_curves/shared/pdf/technical_notes.pdf,,6,,,AAA yield curve - 10-year spot rate,"Euro area (changing composition) - Government bond, nominal, all issuers whose rating is triple A - Svensson model - continuous compounding - yield error minimisation - Yield curve spot rate, 10-year maturity",PCPA,0
YC.B.U2.EUR.4F.G_N_A.SV_C_YM.SR_10Y,B,U2,EUR,4F,G_N_A,SV_C_YM,SR_10Y,2025-01-22,2.5925000501,A,F,,,P1D,,E,,,,,,,,,,,,,,,Technical notes are available at the following link: https://www.ecb.europa.eu/stats/financial_markets_and_interest_rates/euro_area_yield_curves/shared/pdf/technical_notes.pdf,,6,,,AAA yield curve - 10-year spot rate,"Euro area (changing composition) - Government bond, nominal, all issuers whose rating is triple A - Svensson model - continuous compounding - yield error minimisation - Yield curve spot rate, 10-year maturity",PCPA,0
YC.B.U2.EUR.4F.G_N_A.SV_C_YM.SR_10Y,B,U2,EUR,4F,G_N_A,SV_C_YM,SR_10Y,2025-01-23,2.618096938,A,F,,,P1D,,E,,,,,,,,,,,,,,,Technical notes are available at the following link: https://www.ecb.europa.eu/stats/financial_markets_and_interest_rates/euro_area_yield_curves/shared/pdf/technical_notes.pdf,,6,,,AAA yield curve - 10-year spot rate,"Euro area (changing composition) - Government bond, nominal, all issuers whose rating is triple A - Svensson model - continuous compounding - yield error minimisation - Yield curve spot rate, 10-year maturity",PCPA,0
YC.B.U2.EUR.4F.G_N_A.SV_C_YM.SR_10Y,B,U2,EUR,4F,G_N_A,SV_C_YM,SR_10Y,2025-01-24,2.6525212896,A,F,,,P1D,,E,,,,,,,,,,,,,,,Technical notes are available at the following link: https://www.ecb.europa.eu/stats/financial_markets_and_interest_rates/euro_area_yield_curves/shared/pdf/technical_notes.pdf,,6,,,AAA yield curve - 10-year spot rate,"Euro area (changing composition) - Government bond, nominal, all issuers whose rating is triple A - Svensson model - continuous compounding - yield error minimisation - Yield curve spot rate, 10-year maturity",PCPA,0
YC.B.U2.EUR.4F.G_N_A.SV_C_YM.SR_10Y,B,U2,EUR,4F,G_N_A,SV_C_YM,SR_10Y,2025-01-27,2.6108150355,A,F,,,P1D,,E,,,,,,,,,,,,,,,Technical notes are available at the following link: https://www.ecb.europa.eu/stats/financial_markets_and_interest_rates/euro_area_yield_curves/shared/pdf/technical_notes.pdf,,6,,,AAA yield curve - 10-year spot rate,"Euro area (changing composition) - Government bond, nominal, all issuers whose rating is triple A - Svensson model - continuous compounding - yield error minimisation - Yield curve spot rate, 10-year maturity",PCPA,0
YC.B.U2.EUR.4F.G_N_A.SV_C_YM.SR_10Y,B,U2,EUR,4F,G_N_A,SV_C_YM,SR_10Y,2025-01-28,2.6246839966,A,F,,,P1D,,E,,,,,,,,,,,,,,,Technical notes are available at the following link: https://www.ecb.europa.eu/stats/financial_markets_and_interest_rates/euro_area_yield_curves/shared/pdf/technical_notes.pdf,,6,,,AAA yield curve - 10-year spot rate,"Euro area (changing composition) - Government bond, nominal, all issuers whose rating is triple A - Svensson model - continuous compounding - yield error minimisation - Yield curve spot rate, 10-year maturity",PCPA,0
YC.B.U2.EUR.4F.G_N_A.SV_C_YM.SR_10Y,B,U2,EUR,4F,G_N_A,SV_C_YM,SR_10Y,2025-01-29,2.6123247792,A,F,,,P1D,,E,,,,,,,,,,,,,,,Technical notes are available at the following link: https://www.ecb.europa.eu/stats/financial_markets_and_interest_rates/euro_area_yield_curves/shared/pdf/technical_notes.pdf,,6,,,AAA yield curve - 10-year spot rate,"Euro area (changing composition) - Government bond, nominal, all issuers whose rating is triple A - Svensson model - continuous compounding - yield error minimisation - Yield curve spot rate, 10-year maturity",PCPA,0
YC.B.U2.EUR.4F.G_N_A.SV_C_YM.SR_10Y,B,U2,EUR,4F,G_N_A,SV_C_YM,SR_10Y,2025-01-30,2.5709331179,A,F,,,P1D,,E,,,,,,,,,,,,,,,Technical notes are available at the following link: https://www.ecb.europa.eu/stats/financial_markets_and_interest_rates/euro_area_yield_curves/shared/pdf/technical_notes.pdf,,6,,,AAA yield curve - 10-year spot rate,"Euro area (changing composition) - Government bond, nominal, all issuers whose rating is triple A - Svensson model - continuous compounding - yield error minimisation - Yield curve spot rate, 10-year maturity",PCPA,0
YC.B.U2.EUR.4F.G_N_A.SV_C_YM.SR_10Y,B,U2,EUR,4F,G_N_A,SV_C_YM,SR_10Y,2025-01-31,2.5304298486,A,F,,,P1D,,E,,,,,,,,,,,,,,,Technical notes are available at the following link: https://www.ecb.europa.eu/stats/financial_markets_and_interest_rates/euro_area_yield_curves/shared/pdf/technical_notes.pdf,,6,,,AAA yield curve - 10-year spot rate,"Euro area (changing composition) - Government bond, nominal, all issuers whose rating is triple A - Svensson model - continuous compounding - yield error minimisation - Yield curve spot rate, 10-year maturity",PCPA,0
YC.B.U2.EUR.4F.G_N_A.SV_C_YM.SR_10Y,B,U2,EUR,4F,G_N_A,SV_C_YM,SR_10Y,2025-02-03,2.4463815528,A,F,,,P1D,,E,,,,,,,,,,,,,,,Technical notes are available at the following link: https://www.ecb.europa.eu/stats/financial_markets_and_interest_rates/euro_area_yield_curves/shared/pdf/technical_notes.pdf,,6,,,AAA yield curve - 10-year spot rate,"Euro area (changing composition) - Government bond, nominal, all issuers whose rating is triple A - Svensson model - continuous compounding - yield error minimisation - Yield curve spot rate, 10-year maturity",PCPA,0
YC.B.U2.EUR.4F.G_N_A.SV_C_YM.SR_10Y,B,U2,EUR,4F,G_N_A,SV_C_YM,SR_10Y,2025-02-04,2.4771523668,A,F,,,P1D,,E,,,,,,,,,,,,,,,Technical notes are available at the following link: https://www.ecb.europa.eu/stats/financial_markets_and_interest_rates/euro_area_yield_curves/shared/pdf/technical_notes.pdf,,6,,,AAA yield curve - 10-year spot rate,"Euro area (changing composition) - Government bond, nominal, all issuers whose rating is triple A - Svensson model - continuous compounding - yield error minimisation - Yield curve spot rate, 10-year maturity",PCPA,0
YC.B.U2.EUR.4F.G_N_A.SV_C_YM.SR_10Y,B,U2,EUR,4F,G_N_A,SV_C_YM,SR_10Y,2025-02-05,2.4214557243,A,F,,,P1D,,E,,,,,,,,,,,,,,,Technical notes are available at the following link: https://www.ecb.europa.eu/stats/financial_markets_and_interest_rates/euro_area_yield_curves/shared/pdf/technical_notes.pdf,,6,,,AAA yield curve - 10-year spot rate,"Euro area (changing composition) - Government bond, nominal, all issuers whose rating is triple A - Svensson model - continuous compounding - yield error minimisation - Yield curve spot rate, 10-year maturity",PCPA,0
YC.B.U2.EUR.4F.G_N_A.SV_C_YM.SR_10Y,B,U2,EUR,4F,G_N_A,SV_C_YM,SR_10Y,2025-02-06,2.42515982,A,F,,,P1D,,E,,,,,,,,,,,,,,,Technical notes are available at the following link: https://www.ecb.europa.eu/stats/financial_markets_and_interest_rates/euro_area_yield_curves/shared/pdf/technical_notes.pdf,,6,,,AAA yield curve - 10-year spot rate,"Euro area (changing composition) - Government bond, nominal, all issuers whose rating is triple A - Svensson model - continuous compounding - yield error minimisation - Yield curve spot rate, 10-year maturity",PCPA,0
YC.B.U2.EUR.4F.G_N_A.SV_C_YM.SR_10Y,B,U2,EUR,4F,G_N_A,SV_C_YM,SR_10Y,2025-02-07,2.4627800758,A,F,,,P1D,,E,,,,,,,,,,,,,,,Technical notes are available at the following link: https://www.ecb.europa.eu/stats/financial_markets_and_interest_rates/euro_area_yield_curves/shared/pdf/technical_notes.pdf,,6,,,AAA yield curve - 10-year spot rate,"Euro area (changing composition) - Government bond, nominal, all issuers whose rating is triple A - Svensson model - continuous compounding - yield error minimisation - Yield curve spot rate, 10-year maturity",PCPA,0
YC.B.U2.EUR.4F.G_N_A.SV_C_YM.SR_10Y,B,U2,EUR,4F,G_N_A,SV_C_YM,SR_10Y,2025-02-10,2.433445967,A,F,,,P1D,,E,,,,,,,,,,,,,,,Technical notes are available at the following link: https://www.ecb.europa.eu/stats/financial_markets_and_interest_rates/euro_area_yield_curves/shared/pdf/technical_notes.pdf,,6,,,AAA yield curve - 10-year spot rate,"Euro area (changing composition) - Government bond, nominal, all issuers whose rating is triple A - Svensson model - continuous compounding - yield error minimisation - Yield curve spot rate, 10-year maturity",PCPA,0
YC.B.U2.EUR.4F.G_N_A.SV_C_YM.SR_10Y,B,U2,EUR,4F,G_N_A,SV_C_YM,SR_10Y,2025-02-11,2.4999061726,A,F,,,P1D,,E,,,,,,,,,,,,,,,Technical notes are available at the following link: https://www.ecb.europa.eu/stats/financial_markets_and_interest_rates/euro_area_yield_curves/shared/pdf/technical_notes.pdf,,6,,,AAA yield curve - 10-year spot rate,"Euro area (changing composition) - Government bond, nominal, all issuers whose rating is triple A - Svensson model - continuous compounding - yield error minimisation - Yield curve spot rate, 10-year maturity",PCPA,0
YC.B.U2.EUR.4F.G_N_A.SV_C_YM.SR_10Y,B,U2,EUR,4F,G_N_A,SV_C_YM,SR_10Y,2025-02-12,2.551790004,A,F,,,P1D,,E,,,,,,,,,,,,,,,Technical notes are available at the following link: https://www.ecb.europa.eu/stats/financial_markets_and_interest_rates/euro_area_yield_curves/shared/pdf/technical_notes.pdf,,6,,,AAA yield curve - 10-year spot rate,"Euro area (changing composition) - Government bond, nominal, all issuers whose rating is triple A - Svensson model - continuous compounding - yield error minimisation - Yield curve spot rate, 10-year maturity",PCPA,0
YC.B.U2.EUR.4F.G_N_A.SV_C_YM.SR_10Y,B,U2,EUR,4F,G_N_A,SV_C_YM,SR_10Y,2025-02-13,2.4889478346,A,F,,,P1D,,E,,,,,,,,,,,,,,,Technical notes are available at the following link: https://www.ecb.europa.eu/stats/financial_markets_and_interest_rates/euro_area_yield_curves/shared/pdf/technical_notes.pdf,,6,,,AAA yield curve - 10-year spot rate,"Euro area (changing composition) - Government bond, nominal, all issuers whose rating is triple A - Svensson model - continuous compounding - yield error minimisation - Yield curve spot rate, 10-year maturity",PCPA,0
YC.B.U2.EUR.4F.G_N_A.SV_C_YM.SR_10Y,B,U2,EUR,4F,G_N_A,SV_C_YM,SR_10Y,2025-02-14,2.5005053327,A,F,,,P1D,,E,,,,,,,,,,,,,,,Technical notes are available at the following link: https://www.ecb.europa.eu/stats/financial_markets_and_interest_rates/euro_area_yield_curves/shared/pdf/technical_notes.pdf,,6,,,AAA yield curve - 10-year spot rate,"Euro area (changing composition) - Government bond, nominal, all issuers whose rating is triple A - Svensson model - continuous compounding - yield error minimisation - Yield curve spot rate, 10-year maturity",PCPA,0
YC.B.U2.EUR.4F.G_N_A.SV_C_YM.SR_10Y,B,U2,EUR,4F,G_N_A,SV_C_YM,SR_10Y,2025-02-17,2.5460892565,A,F,,,P1D,,E,,,,,,,,,,,,,,,Technical notes are available at the following link: https://www.ecb.europa.eu/stats/financial_markets_and_interest_rates/euro_area_yield_curves/shared/pdf/technical_notes.pdf,,6,,,AAA yield curve - 10-year spot rate,"Euro area (changing composition) - Government bond, nominal, all issuers whose rating is triple A - Svensson model - continuous compounding - yield error minimisation - Yield curve spot rate, 10-year maturity",PCPA,0
YC.B.U2.EUR.4F.G_N_A.SV_C_YM.SR_10Y,B,U2,EUR,4F,G_N_A,SV_C_YM,SR_10Y,2025-02-18,2.5581457184,A,F,,,P1D,,E,,,,,,,,,,,,,,,Technical notes are available at the following link: https://www.ecb.europa.eu/stats/financial_markets_and_interest_rates/euro_area_yield_curves/shared/pdf/technical_notes.pdf,,6,,,AAA yield curve - 10-year spot rate,"Euro area (changing composition) - Government bond, nominal, all issuers whose rating is triple A - Svensson model - continuous compounding - yield error minimisation - Yield curve spot rate, 10-year maturity",PCPA,0
YC.B.U2.EUR.4F.G_N_A.SV_C_YM.SR_10Y,B,U2,EUR,4F,G_N_A,SV_C_YM,SR_10Y,2025-02-19,2.6098058692,A,F,,,P1D,,E,,,,,,,,,,,,,,,Technical notes are available at the following link: https://www.ecb.europa.eu/stats/financial_markets_and_interest_rates/euro_area_yield_curves/shared/pdf/technical_notes.pdf,,6,,,AAA yield curve - 10-year spot rate,"Euro area (changing composition) - Government bond, nominal, all issuers whose rating is triple A - Svensson model - continuous compounding - yield error minimisation - Yield curve spot rate, 10-year maturity",PCPA,0
YC.B.U2.EUR.4F.G_N_A.SV_C_YM.SR_10Y,B,U2,EUR,4F,G_N_A,SV_C_YM,SR_10Y,2025-02-20,2.6019944882,A,F,,,P1D,,E,,,,,,,,,,,,,,,Technical notes are available at the following link: https://www.ecb.europa.eu/stats/financial_markets_and_interest_rates/euro_area_yield_curves/shared/pdf/technical_notes.pdf,,6,,,AAA yield curve - 10-year spot rate,"Euro area (changing composition) - Government bond, nominal, all issuers whose rating is triple A - Svensson model - continuous compounding - yield error minimisation - Yield curve spot rate, 10-year maturity",PCPA,0
YC.B.U2.EUR.4F.G_N_A.SV_C_YM.SR_10Y,B,U2,EUR,4F,G_N_A,SV_C_YM,SR_10Y,2025-02-21,2.5384308723,A,F,,,P1D,,E,,,,,,,,,,,,,,,Technical notes are available at the following link: https://www.ecb.europa.eu/stats/financial_markets_and_interest_rates/euro_area_yield_curves/shared/pdf/technical_notes.pdf,,6,,,AAA yield curve - 10-year spot rate,"Euro area (changing composition) - Government bond, nominal, all issuers whose rating is triple A - Svensson model - continuous compounding - yield error minimisation - Yield curve spot rate, 10-year maturity",PCPA,0
YC.B.U2.EUR.4F.G_N_A.SV_C_YM.SR_10Y,B,U2,EUR,4F,G_N_A,SV_C_YM,SR_10Y,2025-02-24,2.5348958801,A,F,,,P1D,,E,,,,,,,,,,,,,,,Technical notes are available at the following link: https://www.ecb.europa.eu/stats/financial_markets_and_interest_rates/euro_area_yield_curves/shared/pdf/technical_notes.pdf,,6,,,AAA yield curve - 10-year spot rate,"Euro area (changing composition) - Government bond, nominal, all issuers whose rating is triple A - Svensson model - continuous compounding - yield error minimisation - Yield curve spot rate, 10-year maturity",PCPA,0
YC.B.U2.EUR.4F.G_N_A.SV_C_YM.SR_10Y,B,U2,EUR,4F,G_N_A,SV_C_YM,SR_10Y,2025-02-25,2.5273124962,A,F,,,P1D,,E,,,,,,,,,,,,,,,Technical notes are available at the following link: https://www.ecb.europa.eu/stats/financial_markets_and_interest_rates/euro_area_yield_curves/shared/pdf/technical_notes.pdf,,6,,,AAA yield curve - 10-year spot rate,"Euro area (changing composition) - Government bond, nominal, all issuers whose rating is triple A - Svensson model - continuous compounding - yield error minimisation - Yield curve spot rate, 10-year maturity",PCPA,0
YC.B.U2.EUR.4F.G_N_A.SV_C_YM.SR_10Y,B,U2,EUR,4F,G_N_A,SV_C_YM,SR_10Y,2025-02-26,2.5050992164,A,F,,,P1D,,E,,,,,,,,,,,,,,,Technical notes are available at the following link: https://www.ecb.europa.eu/stats/financial_markets_and_interest_rates/euro_area_yield_curves/shared/pdf/technical_notes.pdf,,6,,,AAA yield curve - 10-year spot rate,"Euro area (changing composition) - Government bond, nominal, all issuers whose rating is triple A - Svensson model - continuous compounding - yield error minimisation - Yield curve spot rate, 10-year maturity",PCPA,0
YC.B.U2.EUR.4F.G_N_A.SV_C_YM.SR_10Y,B,U2,EUR,4F,G_N_A,SV_C_YM,SR_10Y,2025-02-27,2.4964724029,A,F,,,P1D,,E,,,,,,,,,,,,,,,Technical notes are available at the following link: https://www.ecb.europa.eu/stats/financial_markets_and_interest_rates/euro_area_yield_curves/shared/pdf/technical_notes.pdf,,6,,,AAA yield curve - 10-year spot rate,"Euro area (changing composition) - Government bond, nominal, all issuers whose rating is triple A - Svensson model - continuous compounding - yield error minimisation - Yield curve spot rate, 10-year maturity",PCPA,0
YC.B.U2.EUR.4F.G_N_A.SV_C_YM.SR_10Y,B,U2,EUR,4F,G_N_A,SV_C_YM,SR_10Y,2025-02-28,2.4692621079,A,F,,,P1D,,E,,,,,,,,,,,,,,,Technical notes are available at the following link: https://www.ecb.europa.eu/stats/financial_markets_and_interest_rates/euro_area_yield_curves/shared/pdf/technical_notes.pdf,,6,,,AAA yield curve - 10-year spot rate,"Euro area (changing composition) - Government bond, nominal, all issuers whose rating is triple A - Svensson model - continuous compounding - yield error minimisation - Yield curve spot rate, 10-year maturity",PCPA,0
YC.B.U2.EUR.4F.G_N_A.SV_C_YM.SR_10Y,B,U2,EUR,4F,G_N_A,SV_C_YM,SR_10Y,2025-03-03,2.5783069883,A,F,,,P1D,,E,,,,,,,,,,,,,,,Technical notes are available at the following link: https://www.ecb.europa.eu/stats/financial_markets_and_interest_rates/euro_area_yield_curves/shared/pdf/technical_notes.pdf,,6,,,AAA yield curve - 10-year spot rate,"Euro area (changing composition) - Government bond, nominal, all issuers whose rating is triple A - Svensson model - continuous compounding - yield error minimisation - Yield curve spot rate, 10-year maturity",PCPA,0
YC.B.U2.EUR.4F.G_N_A.SV_C_YM.SR_10Y,B,U2,EUR,4F,G_N_A,SV_C_YM,SR_10Y,2025-03-04,2.5625702838,A,F,,,P1D,,E,,,,,,,,,,,,,,,Technical notes are available at the following link: https://www.ecb.europa.eu/stats/financial_markets_and_interest_rates/euro_area_yield_curves/shared/pdf/technical_notes.pdf,,6,,,AAA yield curve - 10-year spot rate,"Euro area (changing composition) - Government bond, nominal, all issuers whose rating is triple A - Svensson model - continuous compounding - yield error minimisation - Yield curve spot rate, 10-year maturity",PCPA,0
YC.B.U2.EUR.4F.G_N_A.SV_C_YM.SR_10Y,B,U2,EUR,4F,G_N_A,SV_C_YM,SR_10Y,2025-03-05,2.7987238935,A,F,,,P1D,,E,,,,,,,,,,,,,,,Technical notes are available at the following link: https://www.ecb.europa.eu/stats/financial_markets_and_interest_rates/euro_area_yield_curves/shared/pdf/technical_notes.pdf,,6,,,AAA yield curve - 10-year spot rate,"Euro area (changing composition) - Government bond, nominal, all issuers whose rating is triple A - Svensson model - continuous compounding - yield error minimisation - Yield curve spot rate, 10-year maturity",PCPA,0
YC.B.U2.EUR.4F.G_N_A.SV_C_YM.SR_10Y,B,U2,EUR,4F,G_N_A,SV_C_YM,SR_10Y,2025-03-06,2.9449897814,A,F,,,P1D,,E,,,,,,,,,,,,,,,Technical notes are available at the following link: https://www.ecb.europa.eu/stats/financial_markets_and_interest_rates/euro_area_yield_curves/shared/pdf/technical_notes.pdf,,6,,,AAA yield curve - 10-year spot rate,"Euro area (changing composition) - Government bond, nominal, all issuers whose rating is triple A - Svensson model - continuous compounding - yield error minimisation - Yield curve spot rate, 10-year maturity",PCPA,0
YC.B.U2.EUR.4F.G_N_A.SV_C_YM.SR_10Y,B,U2,EUR,4F,G_N_A,SV_C_YM,SR_10Y,2025-03-07,2.8730944696,A,F,,,P1D,,E,,,,,,,,,,,,,,,Technical notes are available at the following link: https://www.ecb.europa.eu/stats/financial_markets_and_interest_rates/euro_area_yield_curves/shared/pdf/technical_notes.pdf,,6,,,AAA yield curve - 10-year spot rate,"Euro area (changing composition) - Government bond, nominal, all issuers whose rating is triple A - Svensson model - continuous compounding - yield error minimisation - Yield curve spot rate, 10-year maturity",PCPA,0
YC.B.U2.EUR.4F.G_N_A.SV_C_YM.SR_10Y,B,U2,EUR,4F,G_N_A,SV_C_YM,SR_10Y,2025-03-10,2.8687791491,A,F,,,P1D,,E,,,,,,,,,,,,,,,Technical notes are available at the following link: https://www.ecb.europa.eu/stats/financial_markets_and_interest_rates/euro_area_yield_curves/shared/pdf/technical_notes.pdf,,6,,,AAA yield curve - 10-year spot rate,"Euro area (changing composition) - Government bond, nominal, all issuers whose rating is triple A - Svensson model - continuous compounding - yield error minimisation - Yield curve spot rate, 10-year maturity",PCPA,0
YC.B.U2.EUR.4F.G_N_A.SV_C_YM.SR_10Y,B,U2,EUR,4F,G_N_A,SV_C_YM,SR_10Y,2025-03-11,2.9343136849,A,F,,,P1D,,E,,,,,,,,,,,,,,,Technical notes are available at the following link: https://www.ecb.europa.eu/stats/financial_markets_and_interest_rates/euro_area_yield_curves/shared/pdf/technical_notes.pdf,,6,,,AAA yield curve - 10-year spot rate,"Euro area (changing composition) - Government bond, nominal, all issuers whose rating is triple A - Svensson model - continuous compounding - yield error minimisation - Yield curve spot rate, 10-year maturity",PCPA,0
YC.B.U2.EUR.4F.G_N_A.SV_C_YM.SR_10Y,B,U2,EUR,4F,G_N_A,SV_C_YM,SR_10Y,2025-03-12,2.9343006641,A,F,,,P1D,,E,,,,,,,,,,,,,,,Technical notes are available at the following link: https://www.ecb.europa.eu/stats/financial_markets_and_interest_rates/euro_area_yield_curves/shared/pdf/technical_notes.pdf,,6,,,AAA yield curve - 10-year spot rate,"Euro area (changing composition) - Government bond, nominal, all issuers whose rating is triple A - Svensson model - continuous compounding - yield error minimisation - Yield curve spot rate, 10-year maturity",PCPA,0
YC.B.U2.EUR.4F.G_N_A.SV_C_YM.SR_10Y,B,U2,EUR,4F,G_N_A,SV_C_YM,SR_10Y,2025-03-13,2.9136764885,A,F,,,P1D,,E,,,,,,,,,,,,,,,Technical notes are available at the following link: https://www.ecb.europa.eu/stats/financial_markets_and_interest_rates/euro_area_yield_curves/shared/pdf/technical_notes.pdf,,6,,,AAA yield curve - 10-year spot rate,"Euro area (changing composition) - Government bond, nominal, all issuers whose rating is triple A - Svensson model - continuous compounding - yield error minimisation - Yield curve spot rate, 10-year maturity",PCPA,0
YC.B.U2.EUR.4F.G_N_A.SV_C_YM.SR_10Y,B,U2,EUR,4F,G_N_A,SV_C_YM,SR_10Y,2025-03-14,2.9461762482,A,F,,,P1D,,E,,,,,,,,,,,,,,,Technical notes are available at the following link: https://www.ecb.europa.eu/stats/financial_markets_and_interest_rates/euro_area_yield_curves/shared/pdf/technical_notes.pdf,,6,,,AAA yield curve - 10-year spot rate,"Euro area (changing composition) - Government bond, nominal, all issuers whose rating is triple A - Svensson model - continuous compounding - yield error minimisation - Yield curve spot rate, 10-year maturity",PCPA,0
YC.B.U2.EUR.4F.G_N_A.SV_C_YM.SR_10Y,B,U2,EUR,4F,G_N_A,SV_C_YM,SR_10Y,2025-03-17,2.8657476373,A,F,,,P1D,,E,,,,,,,,,,,,,,,Technical notes are available at the following link: https://www.ecb.europa.eu/stats/financial_markets_and_interest_rates/euro_area_yield_curves/shared/pdf/technical_notes.pdf,,6,,,AAA yield curve - 10-year spot rate,"Euro area (changing composition) - Government bond, nominal, all issuers whose rating is triple A - Svensson model - continuous compounding - yield error minimisation - Yield curve spot rate, 10-year maturity",PCPA,0
YC.B.U2.EUR.4F.G_N_A.SV_C_YM.SR_10Y,B,U2,EUR,4F,G_N_A,SV_C_YM,SR_10Y,2025-03-18,2.8967978782,A,F,,,P1D,,E,,,,,,,,,,,,,,,Technical notes are available at the following link: https://www.ecb.europa.eu/stats/financial_markets_and_interest_rates/euro_area_yield_curves/shared/pdf/technical_notes.pdf,,6,,,AAA yield curve - 10-year spot rate,"Euro area (changing composition) - Government bond, nominal, all issuers whose rating is triple A - Svensson model - continuous compounding - yield error minimisation - Yield curve spot rate, 10-year maturity",PCPA,0
YC.B.U2.EUR.4F.G_N_A.SV_C_YM.SR_10Y,B,U2,EUR,4F,G_N_A,SV_C_YM,SR_10Y,2025-03-19,2.8579573708,A,F,,,P1D,,E,,,,,,,,,,,,,,,Technical notes are available at the following link: https://www.ecb.europa.eu/stats/financial_markets_and_interest_rates/euro_area_yield_curves/shared/pdf/technical_notes.pdf,,6,,,AAA yield curve - 10-year spot rate,"Euro area (changing composition) - Government bond, nominal, all issuers whose rating is triple A - Svensson model - continuous compounding - yield error minimisation - Yield curve spot rate, 10-year maturity",PCPA,0
YC.B.U2.EUR.4F.G_N_A.SV_C_YM.SR_10Y,B,U2,EUR,4F,G_N_A,SV_C_YM,SR_10Y,2025-03-20,2.8267165325,A,F,,,P1D,,E,,,,,,,,,,,,,,,Technical notes are available at the following link: https://www.ecb.europa.eu/stats/financial_markets_and_interest_rates/euro_area_yield_curves/shared/pdf/technical_notes.pdf,,6,,,AAA yield curve - 10-year spot rate,"Euro area (changing composition) - Government bond, nominal, all issuers whose rating is triple A - Svensson model - continuous compounding - yield error minimisation - Yield curve spot rate, 10-year maturity",PCPA,0
YC.B.U2.EUR.4F.G_N_A.SV_C_YM.SR_10Y,B,U2,EUR,4F,G_N_A,SV_C_YM,SR_10Y,2025-03-21,2.845870598,A,F,,,P1D,,E,,,,,,,,,,,,,,,Technical notes are available at the following link: https://www.ecb.europa.eu/stats/financial_markets_and_interest_rates/euro_area_yield_curves/shared/pdf/technical_notes.pdf,,6,,,AAA yield curve - 10-year spot rate,"Euro area (changing composition) - Government bond, nominal, all issuers whose rating is triple A - Svensson model - continuous compounding - yield error minimisation - Yield curve spot rate, 10-year maturity",PCPA,0
YC.B.U2.EUR.4F.G_N_A.SV_C_YM.SR_10Y,B,U2,EUR,4F,G_N_A,SV_C_YM,SR_10Y,2025-03-24,2.8630915118,A,F,,,P1D,,E,,,,,,,,,,,,,,,Technical notes are available at the following link: https://www.ecb.europa.eu/stats/financial_markets_and_interest_rates/euro_area_yield_curves/shared/pdf/technical_notes.pdf,,6,,,AAA yield curve - 10-year spot rate,"Euro area (changing composition) - Government bond, nominal, all issuers whose rating is triple A - Svensson model - continuous compounding - yield error minimisation - Yield curve spot rate, 10-year maturity",PCPA,0
YC.B.U2.EUR.4F.G_N_A.SV_C_YM.SR_10Y,B,U2,EUR,4F,G_N_A,SV_C_YM,SR_10Y,2025-03-25,2.8783029162,A,F,,,P1D,,E,,,,,,,,,,,,,,,Technical notes are available at the following link: https://www.ecb.europa.eu/stats/financial_markets_and_interest_rates/euro_area_yield_curves/shared/pdf/technical_notes.pdf,,6,,,AAA yield curve - 10-year spot rate,"Euro area (changing composition) - Government bond, nominal, all issuers whose rating is triple A - Svensson model - continuous compounding - yield error minimisation - Yield curve spot rate, 10-year maturity",PCPA,0
YC.B.U2.EUR.4F.G_N_A.SV_C_YM.SR_10Y,B,U2,EUR,4F,G_N_A,SV_C_YM,SR_10Y,2025-03-26,2.8656250048,A,F,,,P1D,,E,,,,,,,,,,,,,,,Technical notes are available at the following link: https://www.ecb.europa.eu/stats/financial_markets_and_interest_rates/euro_area_yield_curves/shared/pdf/technical_notes.pdf,,6,,,AAA yield curve - 10-year spot rate,"Euro area (changing composition) - Government bond, nominal, all issuers whose rating is triple A - Svensson model - continuous compounding - yield error minimisation - Yield curve spot rate, 10-year maturity",PCPA,0
YC.B.U2.EUR.4F.G_N_A.SV_C_YM.SR_10Y,B,U2,EUR,4F,G_N_A,SV_C_YM,SR_10Y,2025-03-27,2.8623507021,A,F,,,P1D,,E,,,,,,,,,,,,,,,Technical notes are available at the following link: https://www.ecb.europa.eu/stats/financial_markets_and_interest_rates/euro_area_yield_curves/shared/pdf/technical_notes.pdf,,6,,,AAA yield curve - 10-year spot rate,"Euro area (changing composition) - Government bond, nominal, all issuers whose rating is triple A - Svensson model - continuous compounding - yield error minimisation - Yield curve spot rate, 10-year maturity",PCPA,0
YC.B.U2.EUR.4F.G_N_A.SV_C_YM.SR_10Y,B,U2,EUR,4F,G_N_A,SV_C_YM,SR_10Y,2025-03-28,2.8121116226,A,F,,,P1D,,E,,,,,,,,,,,,,,,Technical notes are available at the following link: https://www.ecb.europa.eu/stats/financial_markets_and_interest_rates/euro_area_yield_curves/shared/pdf/technical_notes.pdf,,6,,,AAA yield curve - 10-year spot rate,"Euro area (changing composition) - Government bond, nominal, all issuers whose rating is triple A - Svensson model - continuous compounding - yield error minimisation - Yield curve spot rate, 10-year maturity",PCPA,0
YC.B.U2.EUR.4F.G_N_A.SV_C_YM.SR_10Y,B,U2,EUR,4F,G_N_A,SV_C_YM,SR_10Y,2025-03-31,2.7817290051,A,F,,,P1D,,E,,,,,,,,,,,,,,,Technical notes are available at the following link: https://www.ecb.europa.eu/stats/financial_markets_and_interest_rates/euro_area_yield_curves/shared/pdf/technical_notes.pdf,,6,,,AAA yield curve - 10-year spot rate,"Euro area (changing composition) - Government bond, nominal, all issuers whose rating is triple A - Svensson model - continuous compounding - yield error minimisation - Yield curve spot rate, 10-year maturity",PCPA,0
YC.B.U2.EUR.4F.G_N_A.SV_C_YM.SR_10Y,B,U2,EUR,4F,G_N_A,SV_C_YM,SR_10Y,2025-04-01,2.7589206718,A,F,,,P1D,,E,,,,,,,,,,,,,,,Technical notes are available at the following link: https://www.ecb.europa.eu/stats/financial_markets_and_interest_rates/euro_area_yield_curves/shared/pdf/technical_notes.pdf,,6,,,AAA yield curve - 10-year spot rate,"Euro area (changing composition) - Government bond, nominal, all issuers whose rating is triple A - Svensson model - continuous compounding - yield error minimisation - Yield curve spot rate, 10-year maturity",PCPA,0
YC.B.U2.EUR.4F.G_N_A.SV_C_YM.SR_10Y,B,U2,EUR,4F,G_N_A,SV_C_YM,SR_10Y,2025-04-02,2.7609572069,A,F,,,P1D,,E,,,,,,,,,,,,,,,Technical notes are available at the following link: https://www.ecb.europa.eu/stats/financial_markets_and_interest_rates/euro_area_yield_curves/shared/pdf/technical_notes.pdf,,6,,,AAA yield curve - 10-year spot rate,"Euro area (changing composition) - Government bond, nominal, all issuers whose rating is triple A - Svensson model - continuous compounding - yield error minimisation - Yield curve spot rate, 10-year maturity",PCPA,0
YC.B.U2.EUR.4F.G_N_A.SV_C_YM.SR_10Y,B,U2,EUR,4F,G_N_A,SV_C_YM,SR_10Y,2025-04-03,2.7337361267,A,F,,,P1D,,E,,,,,,,,,,,,,,,Technical notes are available at the following link: https://www.ecb.europa.eu/stats/financial_markets_and_interest_rates/euro_area_yield_curves/shared/pdf/technical_notes.pdf,,6,,,AAA yield curve - 10-year spot rate,"Euro area (changing composition) - Government bond, nominal, all issuers whose rating is triple A - Svensson model - continuous compounding - yield error minimisation - Yield curve spot rate, 10-year maturity",PCPA,0
YC.B.U2.EUR.4F.G_N_A.SV_C_YM.SR_10Y,B,U2,EUR,4F,G_N_A,SV_C_YM,SR_10Y,2025-04-04,2.6475520891,A,F,,,P1D,,E,,,,,,,,,,,,,,,Technical notes are available at the following link: https://www.ecb.europa.eu/stats/financial_markets_and_interest_rates/euro_area_yield_curves/shared/pdf/technical_notes.pdf,,6,,,AAA yield curve - 10-year spot rate,"Euro area (changing composition) - Government bond, nominal, all issuers whose rating is triple A - Svensson model - continuous compounding - yield error minimisation - Yield curve spot rate, 10-year maturity",PCPA,0
YC.B.U2.EUR.4F.G_N_A.SV_C_YM.SR_10Y,B,U2,EUR,4F,G_N_A,SV_C_YM,SR_10Y,2025-04-07,2.6815253471,A,F,,,P1D,,E,,,,,,,,,,,,,,,Technical notes are available at the following link: https://www.ecb.europa.eu/stats/financial_markets_and_interest_rates/euro_area_yield_curves/shared/pdf/technical_notes.pdf,,6,,,AAA yield curve - 10-year spot rate,"Euro area (changing composition) - Government bond, nominal, all issuers whose rating is triple A - Svensson model - continuous compounding - yield error minimisation - Yield curve spot rate, 10-year maturity",PCPA,0
YC.B.U2.EUR.4F.G_N_A.SV_C_YM.SR_10Y,B,U2,EUR,4F,G_N_A,SV_C_YM,SR_10Y,2025-04-08,2.7532266258,A,F,,,P1D,,E,,,,,,,,,,,,,,,Technical notes are available at the following link: https://www.ecb.europa.eu/stats/financial_markets_and_interest_rates/euro_area_yield_curves/shared/pdf/technical_notes.pdf,,6,,,AAA yield curve - 10-year spot rate,"Euro area (changing composition) - Government bond, nominal, all issuers whose rating is triple A - Svensson model - continuous compounding - yield error minimisation - Yield curve spot rate, 10-year maturity",PCPA,0
YC.B.U2.EUR.4F.G_N_A.SV_C_YM.SR_10Y,B,U2,EUR,4F,G_N_A,SV_C_YM,SR_10Y,2025-04-09,2.6865951501,A,F,,,P1D,,E,,,,,,,,,,,,,,,Technical notes are available at the following link: https://www.ecb.europa.eu/stats/financial_markets_and_interest_rates/euro_area_yield_curves/shared/pdf/technical_notes.pdf,,6,,,AAA yield curve - 10-year spot rate,"Euro area (changing composition) - Government bond, nominal, all issuers whose rating is triple A - Svensson model - continuous compounding - yield error minimisation - Yield curve spot rate, 10-year maturity",PCPA,0
YC.B.U2.EUR.4F.G_N_A.SV_C_YM.SR_10Y,B,U2,EUR,4F,G_N_A,SV_C_YM,SR_10Y,2025-04-10,2.6776687173,A,F,,,P1D,,E,,,,,,,,,,,,,,,Technical notes are available at the following link: https://www.ecb.europa.eu/stats/financial_markets_and_interest_rates/euro_area_yield_curves/shared/pdf/technical_notes.pdf,,6,,,AAA yield curve - 10-year spot rate,"Euro area (changing composition) - Government bond, nominal, all issuers whose rating is triple A - Svensson model - continuous compounding - yield error minimisation - Yield curve spot rate, 10-year maturity",PCPA,0
YC.B.U2.EUR.4F.G_N_A.SV_C_YM.SR_10Y,B,U2,EUR,4F,G_N_A,SV_C_YM,SR_10Y,2025-04-11,2.6037026531,A,F,,,P1D,,E,,,,,,,,,,,,,,,Technical notes are available at the following link: https://www.ecb.europa.eu/stats/financial_markets_and_interest_rates/euro_area_yield_curves/shared/pdf/technical_notes.pdf,,6,,,AAA yield curve - 10-year spot rate,"Euro area (changing composition) - Government bond, nominal, all issuers whose rating is triple A - Svensson model - continuous compounding - yield error minimisation - Yield curve spot rate, 10-year maturity",PCPA,0
YC.B.U2.EUR.4F.G_N_A.SV_C_YM.SR_10Y,B,U2,EUR,4F,G_N_A,SV_C_YM,SR_10Y,2025-04-14,2.5988022107,A,F,,,P1D,,E,,,,,,,,,,,,,,,Technical notes are available at the following link: https://www.ecb.europa.eu/stats/financial_markets_and_interest_rates/euro_area_yield_curves/shared/pdf/technical_notes.pdf,,6,,,AAA yield curve - 10-year spot rate,"Euro area (changing composition) - Government bond, nominal, all issuers whose rating is triple A - Svensson model - continuous compounding - yield error minimisation - Yield curve spot rate, 10-year maturity",PCPA,0
YC.B.U2.EUR.4F.G_N_A.SV_C_YM.SR_10Y,B,U2,EUR,4F,G_N_A,SV_C_YM,SR_10Y,2025-04-15,2.6309014142,A,F,,,P1D,,E,,,,,,,,,,,,,,,Technical notes are available at the following link: https://www.ecb.europa.eu/stats/financial_markets_and_interest_rates/euro_area_yield_curves/shared/pdf/technical_notes.pdf,,6,,,AAA yield curve - 10-year spot rate,"Euro area (changing composition) - Government bond, nominal, all issuers whose rating is triple A - Svensson model - continuous compounding - yield error minimisation - Yield curve spot rate, 10-year maturity",PCPA,0
YC.B.U2.EUR.4F.G_N_A.SV_C_YM.SR_10Y,B,U2,EUR,4F,G_N_A,SV_C_YM,SR_10Y,2025-04-16,2.5995889898,A,F,,,P1D,,E,,,,,,,,,,,,,,,Technical notes are available at the following link: https://www.ecb.europa.eu/stats/financial_markets_and_interest_rates/euro_area_yield_curves/shared/pdf/technical_notes.pdf,,6,,,AAA yield curve - 10-year spot rate,"Euro area (changing composition) - Government bond, nominal, all issuers whose rating is triple A - Svensson model - continuous compounding - yield error minimisation - Yield curve spot rate, 10-year maturity",PCPA,0
YC.B.U2.EUR.4F.G_N_A.SV_C_YM.SR_10Y,B,U2,EUR,4F,G_N_A,SV_C_YM,SR_10Y,2025-04-17,2.5747046513,A,F,,,P1D,,E,,,,,,,,,,,,,,,Technical notes are available at the following link: https://www.ecb.europa.eu/stats/financial_markets_and_interest_rates/euro_area_yield_curves/shared/pdf/technical_notes.pdf,,6,,,AAA yield curve - 10-year spot rate,"Euro area (changing composition) - Government bond, nominal, all issuers whose rating is triple A - Svensson model - continuous compounding - yield error minimisation - Yield curve spot rate, 10-year maturity",PCPA,0
YC.B.U2.EUR.4F.G_N_A.SV_C_YM.SR_10Y,B,U2,EUR,4F,G_N_A,SV_C_YM,SR_10Y,2025-04-22,2.5519928801,A,F,,,P1D,,E,,,,,,,,,,,,,,,Technical notes are available at the following link: https://www.ecb.europa.eu/stats/financial_markets_and_interest_rates/euro_area_yield_curves/shared/pdf/technical_notes.pdf,,6,,,AAA yield curve - 10-year spot rate,"Euro area (changing composition) - Government bond, nominal, all issuers whose rating is triple A - Svensson model - continuous compounding - yield error minimisation - Yield curve spot rate, 10-year maturity",PCPA,0
YC.B.U2.EUR.4F.G_N_A.SV_C_YM.SR_10Y,B,U2,EUR,4F,G_N_A,SV_C_YM,SR_10Y,2025-04-23,2.6001957861,A,F,,,P1D,,E,,,,,,,,,,,,,,,Technical notes are available at the following link: https://www.ecb.europa.eu/stats/financial_markets_and_interest_rates/euro_area_yield_curves/shared/pdf/technical_notes.pdf,,6,,,AAA yield curve - 10-year spot rate,"Euro area (changing composition) - Government bond, nominal, all issuers whose rating is triple A - Svensson model - continuous compounding - yield error minimisation - Yield curve spot rate, 10-year maturity",PCPA,0
YC.B.U2.EUR.4F.G_N_A.SV_C_YM.SR_10Y,B,U2,EUR,4F,G_N_A,SV_C_YM,SR_10Y,2025-04-24,2.5491160582,A,F,,,P1D,,E,,,,,,,,,,,,,,,Technical notes are available at the following link: https://www.ecb.europa.eu/stats/financial_markets_and_interest_rates/euro_area_yield_curves/shared/pdf/technical_notes.pdf,,6,,,AAA yield curve - 10-year spot rate,"Euro area (changing composition) - Government bond, nominal, all issuers whose rating is triple A - Svensson model - continuous compounding - yield error minimisation - Yield curve spot rate, 10-year maturity",PCPA,0
YC.B.U2.EUR.4F.G_N_A.SV_C_YM.SR_10Y,B,U2,EUR,4F,G_N_A,SV_C_YM,SR_10Y,2025-04-25,2.5625615399,A,F,,,P1D,,E,,,,,,,,,,,,,,,Technical notes are available at the following link: https://www.ecb.europa.eu/stats/financial_markets_and_interest_rates/euro_area_yield_curves/shared/pdf/technical_notes.pdf,,6,,,AAA yield curve - 10-year spot rate,"Euro area (changing composition) - Government bond, nominal, all issuers whose rating is triple A - Svensson model - continuous compounding - yield error minimisation - Yield curve spot rate, 10-year maturity",PCPA,0
YC.B.U2.EUR.4F.G_N_A.SV_C_YM.SR_10Y,B,U2,EUR,4F,G_N_A,SV_C_YM,SR_10Y,2025-04-28,2.6074653015,A,F,,,P1D,,E,,,,,,,,,,,,,,,Technical notes are available at the following link: https://www.ecb.europa.eu/stats/financial_markets_and_interest_rates/euro_area_yield_curves/shared/pdf/technical_notes.pdf,,6,,,AAA yield curve - 10-year spot rate,"Euro area (changing composition) - Government bond, nominal, all issuers whose rating is triple A - Svensson model - continuous compounding - yield error minimisation - Yield curve spot rate, 10-year maturity",PCPA,0
YC.B.U2.EUR.4F.G_N_A.SV_C_YM.SR_10Y,B,U2,EUR,4F,G_N_A,SV_C_YM,SR_10Y,2025-04-29,2.5893451856,A,F,,,P1D,,E,,,,,,,,,,,,,,,Technical notes are available at the following link: https://www.ecb.europa.eu/stats/financial_markets_and_interest_rates/euro_area_yield_curves/shared/pdf/technical_notes.pdf,,6,,,AAA yield curve - 10-year spot rate,"Euro area (changing composition) - Government bond, nominal, all issuers whose rating is triple A - Svensson model - continuous compounding - yield error minimisation - Yield curve spot rate, 10-year maturity",PCPA,0
YC.B.U2.EUR.4F.G_N_A.SV_C_YM.SR_10Y,B,U2,EUR,4F,G_N_A,SV_C_YM,SR_10Y,2025-04-30,2.5575500372,A,F,,,P1D,,E,,,,,,,,,,,,,,,Technical notes are available at the following link: https://www.ecb.europa.eu/stats/financial_markets_and_interest_rates/euro_area_yield_curves/shared/pdf/technical_notes.pdf,,6,,,AAA yield curve - 10-year spot rate,"Euro area (changing composition) - Government bond, nominal, all issuers whose rating is triple A - Svensson model - continuous compounding - yield error minimisation - Yield curve spot rate, 10-year maturity",PCPA,0
YC.B.U2.EUR.4F.G_N_A.SV_C_YM.SR_10Y,B,U2,EUR,4F,G_N_A,SV_C_YM,SR_10Y,2025-05-02,2.5959832532,A,F,,,P1D,,E,,,,,,,,,,,,,,,Technical notes are available at the following link: https://www.ecb.europa.eu/stats/financial_markets_and_interest_rates/euro_area_yield_curves/shared/pdf/technical_notes.pdf,,6,,,AAA yield curve - 10-year spot rate,"Euro area (changing composition) - Government bond, nominal, all issuers whose rating is triple A - Svensson model - continuous compounding - yield error minimisation - Yield curve spot rate, 10-year maturity",PCPA,0
YC.B.U2.EUR.4F.G_N_A.SV_C_YM.SR_10Y,B,U2,EUR,4F,G_N_A,SV_C_YM,SR_10Y,2025-05-05,2.620423616,A,F,,,P1D,,E,,,,,,,,,,,,,,,Technical notes are available at the following link: https://www.ecb.europa.eu/stats/financial_markets_and_interest_rates/euro_area_yield_curves/shared/pdf/technical_notes.pdf,,6,,,AAA yield curve - 10-year spot rate,"Euro area (changing composition) - Government bond, nominal, all issuers whose rating is triple A - Svensson model - continuous compounding - yield error minimisation - Yield curve spot rate, 10-year maturity",PCPA,0
YC.B.U2.EUR.4F.G_N_A.SV_C_YM.SR_10Y,B,U2,EUR,4F,G_N_A,SV_C_YM,SR_10Y,2025-05-06,2.6544648641,A,F,,,P1D,,E,,,,,,,,,,,,,,,Technical notes are available at the following link: https://www.ecb.europa.eu/stats/financial_markets_and_interest_rates/euro_area_yield_curves/shared/pdf/technical_notes.pdf,,6,,,AAA yield curve - 10-year spot rate,"Euro area (changing composition) - Government bond, nominal, all issuers whose rating is triple A - Svensson model - continuous compounding - yield error minimisation - Yield curve spot rate, 10-year maturity",PCPA,0
YC.B.U2.EUR.4F.G_N_A.SV_C_YM.SR_10Y,B,U2,EUR,4F,G_N_A,SV_C_YM,SR_10Y,2025-05-07,2.5934141244,A,F,,,P1D,,E,,,,,,,,,,,,,,,Technical notes are available at the following link: https://www.ecb.europa.eu/stats/financial_markets_and_interest_rates/euro_area_yield_curves/shared/pdf/technical_notes.pdf,,6,,,AAA yield curve - 10-year spot rate,"Euro area (changing composition) - Government bond, nominal, all issuers whose rating is triple A - Svensson model - continuous compounding - yield error minimisation - Yield curve spot rate, 10-year maturity",PCPA,0
YC.B.U2.EUR.4F.G_N_A.SV_C_YM.SR_10Y,B,U2,EUR,4F,G_N_A,SV_C_YM,SR_10Y,2025-05-08,2.6097039476,A,F,,,P1D,,E,,,,,,,,,,,,,,,Technical notes are available at the following link: https://www.ecb.europa.eu/stats/financial_markets_and_interest_rates/euro_area_yield_curves/shared/pdf/technical_notes.pdf,,6,,,AAA yield curve - 10-year spot rate,"Euro area (changing composition) - Government bond, nominal, all issuers whose rating is triple A - Svensson model - continuous compounding - yield error minimisation - Yield curve spot rate, 10-year maturity",PCPA,0
YC.B.U2.EUR.4F.G_N_A.SV_C_YM.SR_10Y,B,U2,EUR,4F,G_N_A,SV_C_YM,SR_10Y,2025-05-09,2.6665008334,A,F,,,P1D,,E,,,,,,,,,,,,,,,Technical notes are available at the following link: https://www.ecb.europa.eu/stats/financial_markets_and_interest_rates/euro_area_yield_curves/shared/pdf/technical_notes.pdf,,6,,,AAA yield curve - 10-year spot rate,"Euro area (changing composition) - Government bond, nominal, all issuers whose rating is triple A - Svensson model - continuous compounding - yield error minimisation - Yield curve spot rate, 10-year maturity",PCPA,0
YC.B.U2.EUR.4F.G_N_A.SV_C_YM.SR_10Y,B,U2,EUR,4F,G_N_A,SV_C_YM,SR_10Y,2025-05-12,2.7249722749,A,F,,,P1D,,E,,,,,,,,,,,,,,,Technical notes are available at the following link: https://www.ecb.europa.eu/stats/financial_markets_and_interest_rates/euro_area_yield_curves/shared/pdf/technical_notes.pdf,,6,,,AAA yield curve - 10-year spot rate,"Euro area (changing composition) - Government bond, nominal, all issuers whose rating is triple A - Svensson model - continuous compounding - yield error minimisation - Yield curve spot rate, 10-year maturity",PCPA,0
YC.B.U2.EUR.4F.G_N_A.SV_C_YM.SR_10Y,B,U2,EUR,4F,G_N_A,SV_C_YM,SR_10Y,2025-05-13,2.7470817086,A,F,,,P1D,,E,,,,,,,,,,,,,,,Technical notes are available at the following link: https://www.ecb.europa.eu/stats/financial_markets_and_interest_rates/euro_area_yield_curves/shared/pdf/technical_notes.pdf,,6,,,AAA yield curve - 10-year spot rate,"Euro area (changing composition) - Government bond, nominal, all issuers whose rating is triple A - Svensson model - continuous compounding - yield error minimisation - Yield curve spot rate, 10-year maturity",PCPA,0
YC.B.U2.EUR.4F.G_N_A.SV_C_YM.SR_10Y,B,U2,EUR,4F,G_N_A,SV_C_YM,SR_10Y,2025-05-14,2.7702501526,A,F,,,P1D,,E,,,,,,,,,,,,,,,Technical notes are available at the following link: https://www.ecb.europa.eu/stats/financial_markets_and_interest_rates/euro_area_yield_curves/shared/pdf/technical_notes.pdf,,6,,,AAA yield curve - 10-year spot rate,"Euro area (changing composition) - Government bond, nominal, all issuers whose rating is triple A - Svensson model - continuous compounding - yield error minimisation - Yield curve spot rate, 10-year maturity",PCPA,0
YC.B.U2.EUR.4F.G_N_A.SV_C_YM.SR_10Y,B,U2,EUR,4F,G_N_A,SV_C_YM,SR_10Y,2025-05-15,2.7375363863,A,F,,,P1D,,E,,,,,,,,,,,,,,,Technical notes are available at the following link: https://www.ecb.europa.eu/stats/financial_markets_and_interest_rates/euro_area_yield_curves/shared/pdf/technical_notes.pdf,,6,,,AAA yield curve - 10-year spot rate,"Euro area (changing composition) - Government bond, nominal, all issuers whose rating is triple A - Svensson model - continuous compounding - yield error minimisation - Yield curve spot rate, 10-year maturity",PCPA,0
YC.B.U2.EUR.4F.G_N_A.SV_C_YM.SR_10Y,B,U2,EUR,4F,G_N_A,SV_C_YM,SR_10Y,2025-05-16,2.675210335,A,F,,,P1D,,E,,,,,,,,,,,,,,,Technical notes are available at the following link: https://www.ecb.europa.eu/stats/financial_markets_and_interest_rates/euro_area_yield_curves/shared/pdf/technical_notes.pdf,,6,,,AAA yield curve - 10-year spot rate,"Euro area (changing composition) - Government bond, nominal, all issuers whose rating is triple A - Svensson model - continuous compounding - yield error minimisation - Yield curve spot rate, 10-year maturity",PCPA,0
YC.B.U2.EUR.4F.G_N_A.SV_C_YM.SR_10Y,B,U2,EUR,4F,G_N_A,SV_C_YM,SR_10Y,2025-05-19,2.6887073283,A,F,,,P1D,,E,,,,,,,,,,,,,,,Technical notes are available at the following link: https://www.ecb.europa.eu/stats/financial_markets_and_interest_rates/euro_area_yield_curves/shared/pdf/technical_notes.pdf,,6,,,AAA yield curve - 10-year spot rate,"Euro area (changing composition) - Government bond, nominal, all issuers whose rating is triple A - Svensson model - continuous compounding - yield error minimisation - Yield curve spot rate, 10-year maturity",PCPA,0
YC.B.U2.EUR.4F.G_N_A.SV_C_YM.SR_10Y,B,U2,EUR,4F,G_N_A,SV_C_YM,SR_10Y,2025-05-20,2.7126253145,A,F,,,P1D,,E,,,,,,,,,,,,,,,Technical notes are available at the following link: https://www.ecb.europa.eu/stats/financial_markets_and_interest_rates/euro_area_yield_curves/shared/pdf/technical_notes.pdf,,6,,,AAA yield curve - 10-year spot rate,"Euro area (changing composition) - Government bond, nominal, all issuers whose rating is triple A - Svensson model - continuous compounding - yield error minimisation - Yield curve spot rate, 10-year maturity",PCPA,0
YC.B.U2.EUR.4F.G_N_A.SV_C_YM.SR_10Y,B,U2,EUR,4F,G_N_A,SV_C_YM,SR_10Y,2025-05-21,2.7335025798,A,F,,,P1D,,E,,,,,,,,,,,,,,,Technical notes are available at the following link: https://www.ecb.europa.eu/stats/financial_markets_and_interest_rates/euro_area_yield_curves/shared/pdf/technical_notes.pdf,,6,,,AAA yield curve - 10-year spot rate,"Euro area (changing composition) - Government bond, nominal, all issuers whose rating is triple A - Svensson model - continuous compounding - yield error minimisation - Yield curve spot rate, 10-year maturity",PCPA,0
YC.B.U2.EUR.4F.G_N_A.SV_C_YM.SR_10Y,B,U2,EUR,4F,G_N_A,SV_C_YM,SR_10Y,2025-05-22,2.7473508277,A,F,,,P1D,,E,,,,,,,,,,,,,,,Technical notes are available at the following link: https://www.ecb.europa.eu/stats/financial_markets_and_interest_rates/euro_area_yield_curves/shared/pdf/technical_notes.pdf,,6,,,AAA yield curve - 10-year spot rate,"Euro area (changing composition) - Government bond, nominal, all issuers whose rating is triple A - Svensson model - continuous compounding - yield error minimisation - Yield curve spot rate, 10-year maturity",PCPA,0
YC.B.U2.EUR.4F.G_N_A.SV_C_YM.SR_10Y,B,U2,EUR,4F,G_N_A,SV_C_YM,SR_10Y,2025-05-23,2.6681718095,A,F,,,P1D,,E,,,,,,,,,,,,,,,Technical notes are available at the following link: https://www.ecb.europa.eu/stats/financial_markets_and_interest_rates/euro_area_yield_curves/shared/pdf/technical_notes.pdf,,6,,,AAA yield curve - 10-year spot rate,"Euro area (changing composition) - Government bond, nominal, all issuers whose rating is triple A - Svensson model - continuous compounding - yield error minimisation - Yield curve spot rate, 10-year maturity",PCPA,0
YC.B.U2.EUR.4F.G_N_A.SV_C_YM.SR_10Y,B,U2,EUR,4F,G_N_A,SV_C_YM,SR_10Y,2025-05-26,2.6721588759,A,F,,,P1D,,E,,,,,,,,,,,,,,,Technical notes are available at the following link: https://www.ecb.europa.eu/stats/financial_markets_and_interest_rates/euro_area_yield_curves/shared/pdf/technical_notes.pdf,,6,,,AAA yield curve - 10-year spot rate,"Euro area (changing composition) - Government bond, nominal, all issuers whose rating is triple A - Svensson model - continuous compounding - yield error minimisation - Yield curve spot rate, 10-year maturity",PCPA,0
YC.B.U2.EUR.4F.G_N_A.SV_C_YM.SR_10Y,B,U2,EUR,4F,G_N_A,SV_C_YM,SR_10Y,2025-05-27,2.635526298,A,F,,,P1D,,E,,,,,,,,,,,,,,,Technical notes are available at the following link: https://www.ecb.europa.eu/stats/financial_markets_and_interest_rates/euro_area_yield_curves/shared/pdf/technical_notes.pdf,,6,,,AAA yield curve - 10-year spot rate,"Euro area (changing composition) - Government bond, nominal, all issuers whose rating is triple A - Svensson model - continuous compounding - yield error minimisation - Yield curve spot rate, 10-year maturity",PCPA,0
YC.B.U2.EUR.4F.G_N_A.SV_C_YM.SR_10Y,B,U2,EUR,4F,G_N_A,SV_C_YM,SR_10Y,2025-05-28,2.6447977997,A,F,,,P1D,,E,,,,,,,,,,,,,,,Technical notes are available at the following link: https://www.ecb.europa.eu/stats/financial_markets_and_interest_rates/euro_area_yield_curves/shared/pdf/technical_notes.pdf,,6,,,AAA yield curve - 10-year spot rate,"Euro area (changing composition) - Government bond, nominal, all issuers whose rating is triple A - Svensson model - continuous compounding - yield error minimisation - Yield curve spot rate, 10-year maturity",PCPA,0
YC.B.U2.EUR.4F.G_N_A.SV_C_YM.SR_10Y,B,U2,EUR,4F,G_N_A,SV_C_YM,SR_10Y,2025-05-29,2.6116381266,A,F,,,P1D,,E,,,,,,,,,,,,,,,Technical notes are available at the following link: https://www.ecb.europa.eu/stats/financial_markets_and_interest_rates/euro_area_yield_curves/shared/pdf/technical_notes.pdf,,6,,,AAA yield curve - 10-year spot rate,"Euro area (changing composition) - Government bond, nominal, all issuers whose rating is triple A - Svensson model - continuous compounding - yield error minimisation - Yield curve spot rate, 10-year maturity",PCPA,0
YC.B.U2.EUR.4F.G_N_A.SV_C_YM.SR_10Y,B,U2,EUR,4F,G_N_A,SV_C_YM,SR_10Y,2025-05-30,2.6100622245,A,F,,,P1D,,E,,,,,,,,,,,,,,,Technical notes are available at the following link: https://www.ecb.europa.eu/stats/financial_markets_and_interest_rates/euro_area_yield_curves/shared/pdf/technical_notes.pdf,,6,,,AAA yield curve - 10-year spot rate,"Euro area (changing composition) - Government bond, nominal, all issuers whose rating is triple A - Svensson model - continuous compounding - yield error minimisation - Yield curve spot rate, 10-year maturity",PCPA,0
YC.B.U2.EUR.4F.G_N_A.SV_C_YM.SR_10Y,B,U2,EUR,4F,G_N_A,SV_C_YM,SR_10Y,2025-06-02,2.6226032517,A,F,,,P1D,,E,,,,,,,,,,,,,,,Technical notes are available at the following link: https://www.ecb.europa.eu/stats/financial_markets_and_interest_rates/euro_area_yield_curves/shared/pdf/technical_notes.pdf,,6,,,AAA yield curve - 10-year spot rate,"Euro area (changing composition) - Government bond, nominal, all issuers whose rating is triple A - Svensson model - continuous compounding - yield error minimisation - Yield curve spot rate, 10-year maturity",PCPA,0
YC.B.U2.EUR.4F.G_N_A.SV_C_YM.SR_10Y,B,U2,EUR,4F,G_N_A,SV_C_YM,SR_10Y,2025-06-03,2.5938344853,A,F,,,P1D,,E,,,,,,,,,,,,,,,Technical notes are available at the following link: https://www.ecb.europa.eu/stats/financial_markets_and_interest_rates/euro_area_yield_curves/shared/pdf/technical_notes.pdf,,6,,,AAA yield curve - 10-year spot rate,"Euro area (changing composition) - Government bond, nominal, all issuers whose rating is triple A - Svensson model - continuous compounding - yield error minimisation - Yield curve spot rate, 10-year maturity",PCPA,0
YC.B.U2.EUR.4F.G_N_A.SV_C_YM.SR_10Y,B,U2,EUR,4F,G_N_A,SV_C_YM,SR_10Y,2025-06-04,2.623401446,A,F,,,P1D,,E,,,,,,,,,,,,,,,Technical notes are available at the following link: https://www.ecb.europa.eu/stats/financial_markets_and_interest_rates/euro_area_yield_curves/shared/pdf/technical_notes.pdf,,6,,,AAA yield curve - 10-year spot rate,"Euro area (changing composition) - Government bond, nominal, all issuers whose rating is triple A - Svensson model - continuous compounding - yield error minimisation - Yield curve spot rate, 10-year maturity",PCPA,0
YC.B.U2.EUR.4F.G_N_A.SV_C_YM.SR_10Y,B,U2,EUR,4F,G_N_A,SV_C_YM,SR_10Y,2025-06-05,2.6470041589,A,F,,,P1D,,E,,,,,,,,,,,,,,,Technical notes are available at the following link: https://www.ecb.europa.eu/stats/financial_markets_and_interest_rates/euro_area_yield_curves/shared/pdf/technical_notes.pdf,,6,,,AAA yield curve - 10-year spot rate,"Euro area (changing composition) - Government bond, nominal, all issuers whose rating is triple A - Svensson model - continuous compounding - yield error minimisation - Yield curve spot rate, 10-year maturity",PCPA,0
YC.B.U2.EUR.4F.G_N_A.SV_C_YM.SR_10Y,B,U2,EUR,4F,G_N_A,SV_C_YM,SR_10Y,2025-06-06,2.6594310994,A,F,,,P1D,,E,,,,,,,,,,,,,,,Technical notes are available at the following link: https://www.ecb.europa.eu/stats/financial_markets_and_interest_rates/euro_area_yield_curves/shared/pdf/technical_notes.pdf,,6,,,AAA yield curve - 10-year spot rate,"Euro area (changing composition) - Government bond, nominal, all issuers whose rating is triple A - Svensson model - continuous compounding - yield error minimisation - Yield curve spot rate, 10-year maturity",PCPA,0
YC.B.U2.EUR.4F.G_N_A.SV_C_YM.SR_10Y,B,U2,EUR,4F,G_N_A,SV_C_YM,SR_10Y,2025-06-09,2.6758380627,A,F,,,P1D,,E,,,,,,,,,,,,,,,Technical notes are available at the following link: https://www.ecb.europa.eu/stats/financial_markets_and_interest_rates/euro_area_yield_curves/shared/pdf/technical_notes.pdf,,6,,,AAA yield curve - 10-year spot rate,"Euro area (changing composition) - Government bond, nominal, all issuers whose rating is triple A - Svensson model - continuous compounding - yield error minimisation - Yield curve spot rate, 10-year maturity",PCPA,0
YC.B.U2.EUR.4F.G_N_A.SV_C_YM.SR_10Y,B,U2,EUR,4F,G_N_A,SV_C_YM,SR_10Y,2025-06-10,2.6167971377,A,F,,,P1D,,E,,,,,,,,,,,,,,,Technical notes are available at the following link: https://www.ecb.europa.eu/stats/financial_markets_and_interest_rates/euro_area_yield_curves/shared/pdf/technical_notes.pdf,,6,,,AAA yield curve - 10-year spot rate,"Euro area (changing composition) - Government bond, nominal, all issuers whose rating is triple A - Svensson model - continuous compounding - yield error minimisation - Yield curve spot rate, 10-year maturity",PCPA,0
YC.B.U2.EUR.4F.G_N_A.SV_C_YM.SR_10Y,B,U2,EUR,4F,G_N_A,SV_C_YM,SR_10Y,2025-06-11,2.6215127886,A,F,,,P1D,,E,,,,,,,,,,,,,,,Technical notes are available at the following link: https://www.ecb.europa.eu/stats/financial_markets_and_interest_rates/euro_area_yield_curves/shared/pdf/technical_notes.pdf,,6,,,AAA yield curve - 10-year spot rate,"Euro area (changing composition) - Government bond, nominal, all issuers whose rating is triple A - Svensson model - continuous compounding - yield error minimisation - Yield curve spot rate, 10-year maturity",PCPA,0
YC.B.U2.EUR.4F.G_N_A.SV_C_YM.SR_10Y,B,U2,EUR,4F,G_N_A,SV_C_YM,SR_10Y,2025-06-12,2.5777663314,A,F,,,P1D,,E,,,,,,,,,,,,,,,Technical notes are available at the following link: https://www.ecb.europa.eu/stats/financial_markets_and_interest_rates/euro_area_yield_curves/shared/pdf/technical_notes.pdf,,6,,,AAA yield curve - 10-year spot rate,"Euro area (changing composition) - Government bond, nominal, all issuers whose rating is triple A - Svensson model - continuous compounding - yield error minimisation - Yield curve spot rate, 10-year maturity",PCPA,0
YC.B.U2.EUR.4F.G_N_A.SV_C_YM.SR_10Y,B,U2,EUR,4F,G_N_A,SV_C_YM,SR_10Y,2025-06-13,2.6032135344,A,F,,,P1D,,E,,,,,,,,,,,,,,,Technical notes are available at the following link: https://www.ecb.europa.eu/stats/financial_markets_and_interest_rates/euro_area_yield_curves/shared/pdf/technical_notes.pdf,,6,,,AAA yield curve - 10-year spot rate,"Euro area (changing composition) - Government bond, nominal, all issuers whose rating is triple A - Svensson model - continuous compounding - yield error minimisation - Yield curve spot rate, 10-year maturity",PCPA,0
YC.B.U2.EUR.4F.G_N_A.SV_C_YM.SR_10Y,B,U2,EUR,4F,G_N_A,SV_C_YM,SR_10Y,2025-06-16,2.621503212,A,F,,,P1D,,E,,,,,,,,,,,,,,,Technical notes are available at the following link: https://www.ecb.europa.eu/stats/financial_markets_and_interest_rates/euro_area_yield_curves/shared/pdf/technical_notes.pdf,,6,,,AAA yield curve - 10-year spot rate,"Euro area (changing composition) - Government bond, nominal, all issuers whose rating is triple A - Svensson model - continuous compounding - yield error minimisation - Yield curve spot rate, 10-year maturity",PCPA,0
YC.B.U2.EUR.4F.G_N_A.SV_C_YM.SR_10Y,B,U2,EUR,4F,G_N_A,SV_C_YM,SR_10Y,2025-06-17,2.6218424136,A,F,,,P1D,,E,,,,,,,,,,,,,,,Technical notes are available at the following link: https://www.ecb.europa.eu/stats/financial_markets_and_interest_rates/euro_area_yield_curves/shared/pdf/technical_notes.pdf,,6,,,AAA yield curve - 10-year spot rate,"Euro area (changing composition) - Government bond, nominal, all issuers whose rating is triple A - Svensson model - continuous compounding - yield error minimisation - Yield curve spot rate, 10-year maturity",PCPA,0
YC.B.U2.EUR.4F.G_N_A.SV_C_YM.SR_10Y,B,U2,EUR,4F,G_N_A,SV_C_YM,SR_10Y,2025-06-18,2.6011169546,A,F,,,P1D,,E,,,,,,,,,,,,,,,Technical notes are available at the following link: https://www.ecb.europa.eu/stats/financial_markets_and_interest_rates/euro_area_yield_curves/shared/pdf/technical_notes.pdf,,6,,,AAA yield curve - 10-year spot rate,"Euro area (changing composition) - Government bond, nominal, all issuers whose rating is triple A - Svensson model - continuous compounding - yield error minimisation - Yield curve spot rate, 10-year maturity",PCPA,0
YC.B.U2.EUR.4F.G_N_A.SV_C_YM.SR_10Y,B,U2,EUR,4F,G_N_A,SV_C_YM,SR_10Y,2025-06-19,2.6019696538,A,F,,,P1D,,E,,,,,,,,,,,,,,,Technical notes are available at the following link: https://www.ecb.europa.eu/stats/financial_markets_and_interest_rates/euro_area_yield_curves/shared/pdf/technical_notes.pdf,,6,,,AAA yield curve - 10-year spot rate,"Euro area (changing composition) - Government bond, nominal, all issuers whose rating is triple A - Svensson model - continuous compounding - yield error minimisation - Yield curve spot rate, 10-year maturity",PCPA,0
YC.B.U2.EUR.4F.G_N_A.SV_C_YM.SR_10Y,B,U2,EUR,4F,G_N_A,SV_C_YM,SR_10Y,2025-06-20,2.6142932126,A,F,,,P1D,,E,,,,,,,,,,,,,,,Technical notes are available at the following link: https://www.ecb.europa.eu/stats/financial_markets_and_interest_rates/euro_area_yield_curves/shared/pdf/technical_notes.pdf,,6,,,AAA yield curve - 10-year spot rate,"Euro area (changing composition) - Government bond, nominal, all issuers whose rating is triple A - Svensson model - continuous compounding - yield error minimisation - Yield curve spot rate, 10-year maturity",PCPA,0
YC.B.U2.EUR.4F.G_N_A.SV_C_YM.SR_10Y,B,U2,EUR,4F,G_N_A,SV_C_YM,SR_10Y,2025-06-23,2.6072978004,A,F,,,P1D,,E,,,,,,,,,,,,,,,Technical notes are available at the following link: https://www.ecb.europa.eu/stats/financial_markets_and_interest_rates/euro_area_yield_curves/shared/pdf/technical_notes.pdf,,6,,,AAA yield curve - 10-year spot rate,"Euro area (changing composition) - Government bond, nominal, all issuers whose rating is triple A - Svensson model - continuous compounding - yield error minimisation - Yield curve spot rate, 10-year maturity",PCPA,0
YC.B.U2.EUR.4F.G_N_A.SV_C_YM.SR_10Y,B,U2,EUR,4F,G_N_A,SV_C_YM,SR_10Y,2025-06-24,2.6498095606,A,F,,,P1D,,E,,,,,,,,,,,,,,,Technical notes are available at the following link: https://www.ecb.europa.eu/stats/financial_markets_and_interest_rates/euro_area_yield_curves/shared/pdf/technical_notes.pdf,,6,,,AAA yield curve - 10-year spot rate,"Euro area (changing composition) - Government bond, nominal, all issuers whose rating is triple A - Svensson model - continuous compounding - yield error minimisation - Yield curve spot rate, 10-year maturity",PCPA,0
YC.B.U2.EUR.4F.G_N_A.SV_C_YM.SR_10Y,B,U2,EUR,4F,G_N_A,SV_C_YM,SR_10Y,2025-06-25,2.6644491833,A,F,,,P1D,,E,,,,,,,,,,,,,,,Technical notes are available at the following link: https://www.ecb.europa.eu/stats/financial_markets_and_interest_rates/euro_area_yield_curves/shared/pdf/technical_notes.pdf,,6,,,AAA yield curve - 10-year spot rate,"Euro area (changing composition) - Government bond, nominal, all issuers whose rating is triple A - Svensson model - continuous compounding - yield error minimisation - Yield curve spot rate, 10-year maturity",PCPA,0
YC.B.U2.EUR.4F.G_N_A.SV_C_YM.SR_10Y,B,U2,EUR,4F,G_N_A,SV_C_YM,SR_10Y,2025-06-26,2.6578468297,A,F,,,P1D,,E,,,,,,,,,,,,,,,Technical notes are available at the following link: https://www.ecb.europa.eu/stats/financial_markets_and_interest_rates/euro_area_yield_curves/shared/pdf/technical_notes.pdf,,6,,,AAA yield curve - 10-year spot rate,"Euro area (changing composition) - Government bond, nominal, all issuers whose rating is triple A - Svensson model - continuous compounding - yield error minimisation - Yield curve spot rate, 10-year maturity",PCPA,0
YC.B.U2.EUR.4F.G_N_A.SV_C_YM.SR_10Y,B,U2,EUR,4F,G_N_A,SV_C_YM,SR_10Y,2025-06-27,2.6867694635,A,F,,,P1D,,E,,,,,,,,,,,,,,,Technical notes are available at the following link: https://www.ecb.europa.eu/stats/financial_markets_and_interest_rates/euro_area_yield_curves/shared/pdf/technical_notes.pdf,,6,,,AAA yield curve - 10-year spot rate,"Euro area (changing composition) - Government bond, nominal, all issuers whose rating is triple A - Svensson model - continuous compounding - yield error minimisation - Yield curve spot rate, 10-year maturity",PCPA,0
YC.B.U2.EUR.4F.G_N_A.SV_C_YM.SR_10Y,B,U2,EUR,4F,G_N_A,SV_C_YM,SR_10Y,2025-06-30,2.6791846244,A,F,,,P1D,,E,,,,,,,,,,,,,,,Technical notes are available at the following link: https://www.ecb.europa.eu/stats/financial_markets_and_interest_rates/euro_area_yield_curves/shared/pdf/technical_notes.pdf,,6,,,AAA yield curve - 10-year spot rate,"Euro area (changing composition) - Government bond, nominal, all issuers whose rating is triple A - Svensson model - continuous compounding - yield error minimisation - Yield curve spot rate, 10-year maturity",PCPA,0
YC.B.U2.EUR.4F.G_N_A.SV_C_YM.SR_10Y,B,U2,EUR,4F,G_N_A,SV_C_YM,SR_10Y,2025-07-01,2.6531743058,A,F,,,P1D,,E,,,,,,,,,,,,,,,Technical notes are available at the following link: https://www.ecb.europa.eu/stats/financial_markets_and_interest_rates/euro_area_yield_curves/shared/pdf/technical_notes.pdf,,6,,,AAA yield curve - 10-year spot rate,"Euro area (changing composition) - Government bond, nominal, all issuers whose rating is triple A - Svensson model - continuous compounding - yield error minimisation - Yield curve spot rate, 10-year maturity",PCPA,0
YC.B.U2.EUR.4F.G_N_A.SV_C_YM.SR_10Y,B,U2,EUR,4F,G_N_A,SV_C_YM,SR_10Y,2025-07-02,2.7236452829,A,F,,,P1D,,E,,,,,,,,,,,,,,,Technical notes are available at the following link: https://www.ecb.europa.eu/stats/financial_markets_and_interest_rates/euro_area_yield_curves/shared/pdf/technical_notes.pdf,,6,,,AAA yield curve - 10-year spot rate,"Euro area (changing composition) - Government bond, nominal, all issuers whose rating is triple A - Svensson model - continuous compounding - yield error minimisation - Yield curve spot rate, 10-year maturity",PCPA,0
YC.B.U2.EUR.4F.G_N_A.SV_C_YM.SR_10Y,B,U2,EUR,4F,G_N_A,SV_C_YM,SR_10Y,2025-07-03,2.686838963,A,F,,,P1D,,E,,,,,,,,,,,,,,,Technical notes are available at the following link: https://www.ecb.europa.eu/stats/financial_markets_and_interest_rates/euro_area_yield_curves/shared/pdf/technical_notes.pdf,,6,,,AAA yield curve - 10-year spot rate,"Euro area (changing composition) - Government bond, nominal, all issuers whose rating is triple A - Svensson model - continuous compounding - yield error minimisation - Yield curve spot rate, 10-year maturity",PCPA,0
YC.B.U2.EUR.4F.G_N_A.SV_C_YM.SR_10Y,B,U2,EUR,4F,G_N_A,SV_C_YM,SR_10Y,2025-07-04,2.6526768615,A,F,,,P1D,,E,,,,,,,,,,,,,,,Technical notes are available at the following link: https://www.ecb.europa.eu/stats/financial_markets_and_interest_rates/euro_area_yield_curves/shared/pdf/technical_notes.pdf,,6,,,AAA yield curve - 10-year spot rate,"Euro area (changing composition) - Government bond, nominal, all issuers whose rating is triple A - Svensson model - continuous compounding - yield error minimisation - Yield curve spot rate, 10-year maturity",PCPA,0
YC.B.U2.EUR.4F.G_N_A.SV_C_YM.SR_10Y,B,U2,EUR,4F,G_N_A,SV_C_YM,SR_10Y,2025-07-07,2.6964270831,A,F,,,P1D,,E,,,,,,,,,,,,,,,Technical notes are available at the following link: https://www.ecb.europa.eu/stats/financial_markets_and_interest_rates/euro_area_yield_curves/shared/pdf/technical_notes.pdf,,6,,,AAA yield curve - 10-year spot rate,"Euro area (changing composition) - Government bond, nominal, all issuers whose rating is triple A - Svensson model - continuous compounding - yield error minimisation - Yield curve spot rate, 10-year maturity",PCPA,0
YC.B.U2.EUR.4F.G_N_A.SV_C_YM.SR_10Y,B,U2,EUR,4F,G_N_A,SV_C_YM,SR_10Y,2025-07-08,2.7429858162,A,F,,,P1D,,E,,,,,,,,,,,,,,,Technical notes are available at the following link: https://www.ecb.europa.eu/stats/financial_markets_and_interest_rates/euro_area_yield_curves/shared/pdf/technical_notes.pdf,,6,,,AAA yield curve - 10-year spot rate,"Euro area (changing composition) - Government bond, nominal, all issuers whose rating is triple A - Svensson model - continuous compounding - yield error minimisation - Yield curve spot rate, 10-year maturity",PCPA,0
YC.B.U2.EUR.4F.G_N_A.SV_C_YM.SR_10Y,B,U2,EUR,4F,G_N_A,SV_C_YM,SR_10Y,2025-07-09,2.7333043321,A,F,,,P1D,,E,,,,,,,,,,,,,,,Technical notes are available at the following link: https://www.ecb.europa.eu/stats/financial_markets_and_interest_rates/euro_area_yield_curves/shared/pdf/technical_notes.pdf,,6,,,AAA yield curve - 10-year spot rate,"Euro area (changing composition) - Government bond, nominal, all issuers whose rating is triple A - Svensson model - continuous compounding - yield error minimisation - Yield curve spot rate, 10-year maturity",PCPA,0
YC.B.U2.EUR.4F.G_N_A.SV_C_YM.SR_10Y,B,U2,EUR,4F,G_N_A,SV_C_YM,SR_10Y,2025-07-10,2.7571538406,A,F,,,P1D,,E,,,,,,,,,,,,,,,Technical notes are available at the following link: https://www.ecb.europa.eu/stats/financial_markets_and_interest_rates/euro_area_yield_curves/shared/pdf/technical_notes.pdf,,6,,,AAA yield curve - 10-year spot rate,"Euro area (changing composition) - Government bond, nominal, all issuers whose rating is triple A - Svensson model - continuous compounding - yield error minimisation - Yield curve spot rate, 10-year maturity",PCPA,0
YC.B.U2.EUR.4F.G_N_A.SV_C_YM.SR_10Y,B,U2,EUR,4F,G_N_A,SV_C_YM,SR_10Y,2025-07-11,2.7876718173,A,F,,,P1D,,E,,,,,,,,,,,,,,,Technical notes are available at the following link: https://www.ecb.europa.eu/stats/financial_markets_and_interest_rates/euro_area_yield_curves/shared/pdf/technical_notes.pdf,,6,,,AAA yield curve - 10-year spot rate,"Euro area (changing composition) - Government bond, nominal, all issuers whose rating is triple A - Svensson model - continuous compounding - yield error minimisation - Yield curve spot rate, 10-year maturity",PCPA,0
YC.B.U2.EUR.4F.G_N_A.SV_C_YM.SR_10Y,B,U2,EUR,4F,G_N_A,SV_C_YM,SR_10Y,2025-07-14,2.7890655573,A,F,,,P1D,,E,,,,,,,,,,,,,,,Technical notes are available at the following link: https://www.ecb.europa.eu/stats/financial_markets_and_interest_rates/euro_area_yield_curves/shared/pdf/technical_notes.pdf,,6,,,AAA yield curve - 10-year spot rate,"Euro area (changing composition) - Government bond, nominal, all issuers whose rating is triple A - Svensson model - continuous compounding - yield error minimisation - Yield curve spot rate, 10-year maturity",PCPA,0
YC.B.U2.EUR.4F.G_N_A.SV_C_YM.SR_10Y,B,U2,EUR,4F,G_N_A,SV_C_YM,SR_10Y,2025-07-15,2.7456990225,A,F,,,P1D,,E,,,,,,,,,,,,,,,Technical notes are available at the following link: https://www.ecb.europa.eu/stats/financial_markets_and_interest_rates/euro_area_yield_curves/shared/pdf/technical_notes.pdf,,6,,,AAA yield curve - 10-year spot rate,"Euro area (changing composition) - Government bond, nominal, all issuers whose rating is triple A - Svensson model - continuous compounding - yield error minimisation - Yield curve spot rate, 10-year maturity",PCPA,0
YC.B.U2.EUR.4F.G_N_A.SV_C_YM.SR_10Y,B,U2,EUR,4F,G_N_A,SV_C_YM,SR_10Y,2025-07-16,2.7466162704,A,F,,,P1D,,E,,,,,,,,,,,,,,,Technical notes are available at the following link: https://www.ecb.europa.eu/stats/financial_markets_and_interest_rates/euro_area_yield_curves/shared/pdf/technical_notes.pdf,,6,,,AAA yield curve - 10-year spot rate,"Euro area (changing composition) - Government bond, nominal, all issuers whose rating is triple A - Svensson model - continuous compounding - yield error minimisation - Yield curve spot rate, 10-year maturity",PCPA,0
YC.B.U2.EUR.4F.G_N_A.SV_C_YM.SR_10Y,B,U2,EUR,4F,G_N_A,SV_C_YM,SR_10Y,2025-07-17,2.7365670847,A,F,,,P1D,,E,,,,,,,,,,,,,,,Technical notes are available at the following link: https://www.ecb.europa.eu/stats/financial_markets_and_interest_rates/euro_area_yield_curves/shared/pdf/technical_notes.pdf,,6,,,AAA yield curve - 10-year spot rate,"Euro area (changing composition) - Government bond, nominal, all issuers whose rating is triple A - Svensson model - continuous compounding - yield error minimisation - Yield curve spot rate, 10-year maturity",PCPA,0
YC.B.U2.EUR.4F.G_N_A.SV_C_YM.SR_10Y,B,U2,EUR,4F,G_N_A,SV_C_YM,SR_10Y,2025-07-18,2.7570410604,A,F,,,P1D,,E,,,,,,,,,,,,,,,Technical notes are available at the following link: https://www.ecb.europa.eu/stats/financial_markets_and_interest_rates/euro_area_yield_curves/shared/pdf/technical_notes.pdf,,6,,,AAA yield curve - 10-year spot rate,"Euro area (changing composition) - Government bond, nominal, all issuers whose rating is triple A - Svensson model - continuous compounding - yield error minimisation - Yield curve spot rate, 10-year maturity",PCPA,0
YC.B.U2.EUR.4F.G_N_A.SV_C_YM.SR_10Y,B,U2,EUR,4F,G_N_A,SV_C_YM,SR_10Y,2025-07-21,2.6769365906,A,F,,,P1D,,E,,,,,,,,,,,,,,,Technical notes are available at the following link: https://www.ecb.europa.eu/stats/financial_markets_and_interest_rates/euro_area_yield_curves/shared/pdf/technical_notes.pdf,,6,,,AAA yield curve - 10-year spot rate,"Euro area (changing composition) - Government bond, nominal, all issuers whose rating is triple A - Svensson model - continuous compounding - yield error minimisation - Yield curve spot rate, 10-year maturity",PCPA,0
YC.B.U2.EUR.4F.G_N_A.SV_C_YM.SR_10Y,B,U2,EUR,4F,G_N_A,SV_C_YM,SR_10Y,2025-07-22,2.6601966254,A,F,,,P1D,,E,,,,,,,,,,,,,,,Technical notes are available at the following link: https://www.ecb.europa.eu/stats/financial_markets_and_interest_rates/euro_area_yield_curves/shared/pdf/technical_notes.pdf,,6,,,AAA yield curve - 10-year spot rate,"Euro area (changing composition) - Government bond, nominal, all issuers whose rating is triple A - Svensson model - continuous compounding - yield error minimisation - Yield curve spot rate, 10-year maturity",PCPA,0
YC.B.U2.EUR.4F.G_N_A.SV_C_YM.SR_10Y,B,U2,EUR,4F,G_N_A,SV_C_YM,SR_10Y,2025-07-23,2.6658356958,A,F,,,P1D,,E,,,,,,,,,,,,,,,Technical notes are available at the following link: https://www.ecb.europa.eu/stats/financial_markets_and_interest_rates/euro_area_yield_curves/shared/pdf/technical_notes.pdf,,6,,,AAA yield curve - 10-year spot rate,"Euro area (changing composition) - Government bond, nominal, all issuers whose rating is triple A - Svensson model - continuous compounding - yield error minimisation - Yield curve spot rate, 10-year maturity",PCPA,0
YC.B.U2.EUR.4F.G_N_A.SV_C_YM.SR_10Y,B,U2,EUR,4F,G_N_A,SV_C_YM,SR_10Y,2025-07-24,2.7534798034,A,F,,,P1D,,E,,,,,,,,,,,,,,,Technical notes are available at the following link: https://www.ecb.europa.eu/stats/financial_markets_and_interest_rates/euro_area_yield_curves/shared/pdf/technical_notes.pdf,,6,,,AAA yield curve - 10-year spot rate,"Euro area (changing composition) - Government bond, nominal, all issuers whose rating is triple A - Svensson model - continuous compounding - yield error minimisation - Yield curve spot rate, 10-year maturity",PCPA,0
YC.B.U2.EUR.4F.G_N_A.SV_C_YM.SR_10Y,B,U2,EUR,4F,G_N_A,SV_C_YM,SR_10Y,2025-07-25,2.7933110223,A,F,,,P1D,,E,,,,,,,,,,,,,,,Technical notes are available at the following link: https://www.ecb.europa.eu/stats/financial_markets_and_interest_rates/euro_area_yield_curves/shared/pdf/technical_notes.pdf,,6,,,AAA yield curve - 10-year spot rate,"Euro area (changing composition) - Government bond, nominal, all issuers whose rating is triple A - Svensson model - continuous compounding - yield error minimisation - Yield curve spot rate, 10-year maturity",PCPA,0
YC.B.U2.EUR.4F.G_N_A.SV_C_YM.SR_10Y,B,U2,EUR,4F,G_N_A,SV_C_YM,SR_10Y,2025-07-28,2.7556048698,A,F,,,P1D,,E,,,,,,,,,,,,,,,Technical notes are available at the following link: https://www.ecb.europa.eu/stats/financial_markets_and_interest_rates/euro_area_yield_curves/shared/pdf/technical_notes.pdf,,6,,,AAA yield curve - 10-year spot rate,"Euro area (changing composition) - Government bond, nominal, all issuers whose rating is triple A - Svensson model - continuous compounding - yield error minimisation - Yield curve spot rate, 10-year maturity",PCPA,0
YC.B.U2.EUR.4F.G_N_A.SV_C_YM.SR_10Y,B,U2,EUR,4F,G_N_A,SV_C_YM,SR_10Y,2025-07-29,2.7686012088,A,F,,,P1D,,E,,,,,,,,,,,,,,,Technical notes are available at the following link: https://www.ecb.europa.eu/stats/financial_markets_and_interest_rates/euro_area_yield_curves/shared/pdf/technical_notes.pdf,,6,,,AAA yield curve - 10-year spot rate,"Euro area (changing composition) - Government bond, nominal, all issuers whose rating is triple A - Svensson model - continuous compounding - yield error minimisation - Yield curve spot rate, 10-year maturity",PCPA,0
YC.B.U2.EUR.4F.G_N_A.SV_C_YM.SR_10Y,B,U2,EUR,4F,G_N_A,SV_C_YM,SR_10Y,2025-07-30,2.7787227813,A,F,,,P1D,,E,,,,,,,,,,,,,,,Technical notes are available at the following link: https://www.ecb.europa.eu/stats/financial_markets_and_interest_rates/euro_area_yield_curves/shared/pdf/technical_notes.pdf,,6,,,AAA yield curve - 10-year spot rate,"Euro area (changing composition) - Government bond, nominal, all issuers whose rating is triple A - Svensson model - continuous compounding - yield error minimisation - Yield curve spot rate, 10-year maturity",PCPA,0
YC.B.U2.EUR.4F.G_N_A.SV_C_YM.SR_10Y,B,U2,EUR,4F,G_N_A,SV_C_YM,SR_10Y,2025-07-31,2.7630604692,A,F,,,P1D,,E,,,,,,,,,,,,,,,Technical notes are available at the following link: https://www.ecb.europa.eu/stats/financial_markets_and_interest_rates/euro_area_yield_curves/shared/pdf/technical_notes.pdf,,6,,,AAA yield curve - 10-year spot rate,"Euro area (changing composition) - Government bond, nominal, all issuers whose rating is triple A - Svensson model - continuous compounding - yield error minimisation - Yield curve spot rate, 10-year maturity",PCPA,0
YC.B.U2.EUR.4F.G_N_A.SV_C_YM.SR_10Y,B,U2,EUR,4F,G_N_A,SV_C_YM,SR_10Y,2025-08-01,2.7295290489,A,F,,,P1D,,E,,,,,,,,,,,,,,,Technical notes are available at the following link: https://www.ecb.europa.eu/stats/financial_markets_and_interest_rates/euro_area_yield_curves/shared/pdf/technical_notes.pdf,,6,,,AAA yield curve - 10-year spot rate,"Euro area (changing composition) - Government bond, nominal, all issuers whose rating is triple A - Svensson model - continuous compounding - yield error minimisation - Yield curve spot rate, 10-year maturity",PCPA,0
YC.B.U2.EUR.4F.G_N_A.SV_C_YM.SR_10Y,B,U2,EUR,4F,G_N_A,SV_C_YM,SR_10Y,2025-08-04,2.7031967398,A,F,,,P1D,,E,,,,,,,,,,,,,,,Technical notes are available at the following link: https://www.ecb.europa.eu/stats/financial_markets_and_interest_rates/euro_area_yield_curves/shared/pdf/technical_notes.pdf,,6,,,AAA yield curve - 10-year spot rate,"Euro area (changing composition) - Government bond, nominal, all issuers whose rating is triple A - Svensson model - continuous compounding - yield error minimisation - Yield curve spot rate, 10-year maturity",PCPA,0
YC.B.U2.EUR.4F.G_N_A.SV_C_YM.SR_10Y,B,U2,EUR,4F,G_N_A,SV_C_YM,SR_10Y,2025-08-05,2.6947844576,A,F,,,P1D,,E,,,,,,,,,,,,,,,Technical notes are available at the following link: https://www.ecb.europa.eu/stats/financial_markets_and_interest_rates/euro_area_yield_curves/shared/pdf/technical_notes.pdf,,6,,,AAA yield curve - 10-year spot rate,"Euro area (changing composition) - Government bond, nominal, all issuers whose rating is triple A - Svensson model - continuous compounding - yield error minimisation - Yield curve spot rate, 10-year maturity",PCPA,0
YC.B.U2.EUR.4F.G_N_A.SV_C_YM.SR_10Y,B,U2,EUR,4F,G_N_A,SV_C_YM,SR_10Y,2025-08-06,2.7046173201,A,F,,,P1D,,E,,,,,,,,,,,,,,,Technical notes are available at the following link: https://www.ecb.europa.eu/stats/financial_markets_and_interest_rates/euro_area_yield_curves/shared/pdf/technical_notes.pdf,,6,,,AAA yield curve - 10-year spot rate,"Euro area (changing composition) - Government bond, nominal, all issuers whose rating is triple A - Svensson model - continuous compounding - yield error minimisation - Yield curve spot rate, 10-year maturity",PCPA,0
YC.B.U2.EUR.4F.G_N_A.SV_C_YM.SR_10Y,B,U2,EUR,4F,G_N_A,SV_C_YM,SR_10Y,2025-08-07,2.7076377195,A,F,,,P1D,,E,,,,,,,,,,,,,,,Technical notes are available at the following link: https://www.ecb.europa.eu/stats/financial_markets_and_interest_rates/euro_area_yield_curves/shared/pdf/technical_notes.pdf,,6,,,AAA yield curve - 10-year spot rate,"Euro area (changing composition) - Government bond, nominal, all issuers whose rating is triple A - Svensson model - continuous compounding - yield error minimisation - Yield curve spot rate, 10-year maturity",PCPA,0
YC.B.U2.EUR.4F.G_N_A.SV_C_YM.SR_10Y,B,U2,EUR,4F,G_N_A,SV_C_YM,SR_10Y,2025-08-08,2.7574342451,A,F,,,P1D,,E,,,,,,,,,,,,,,,Technical notes are available at the following link: https://www.ecb.europa.eu/stats/financial_markets_and_interest_rates/euro_area_yield_curves/shared/pdf/technical_notes.pdf,,6,,,AAA yield curve - 10-year spot rate,"Euro area (changing composition) - Government bond, nominal, all issuers whose rating is triple A - Svensson model - continuous compounding - yield error minimisation - Yield curve spot rate, 10-year maturity",PCPA,0
YC.B.U2.EUR.4F.G_N_A.SV_C_YM.SR_10Y,B,U2,EUR,4F,G_N_A,SV_C_YM,SR_10Y,2025-08-11,2.7613579972,A,F,,,P1D,,E,,,,,,,,,,,,,,,Technical notes are available at the following link: https://www.ecb.europa.eu/stats/financial_markets_and_interest_rates/euro_area_yield_curves/shared/pdf/technical_notes.pdf,,6,,,AAA yield curve - 10-year spot rate,"Euro area (changing composition) - Government bond, nominal, all issuers whose rating is triple A - Svensson model - continuous compounding - yield error minimisation - Yield curve spot rate, 10-year maturity",PCPA,0
YC.B.U2.EUR.4F.G_N_A.SV_C_YM.SR_10Y,B,U2,EUR,4F,G_N_A,SV_C_YM,SR_10Y,2025-08-12,2.820188598,A,F,,,P1D,,E,,,,,,,,,,,,,,,Technical notes are available at the following link: https://www.ecb.europa.eu/stats/financial_markets_and_interest_rates/euro_area_yield_curves/shared/pdf/technical_notes.pdf,,6,,,AAA yield curve - 10-year spot rate,"Euro area (changing composition) - Government bond, nominal, all issuers whose rating is triple A - Svensson model - continuous compounding - yield error minimisation - Yield curve spot rate, 10-year maturity",PCPA,0
YC.B.U2.EUR.4F.G_N_A.SV_C_YM.SR_10Y,B,U2,EUR,4F,G_N_A,SV_C_YM,SR_10Y,2025-08-13,2.76065317,A,F,,,P1D,,E,,,,,,,,,,,,,,,Technical notes are available at the following link: https://www.ecb.europa.eu/stats/financial_markets_and_interest_rates/euro_area_yield_curves/shared/pdf/technical_notes.pdf,,6,,,AAA yield curve - 10-year spot rate,"Euro area (changing composition) - Government bond, nominal, all issuers whose rating is triple A - Svensson model - continuous compounding - yield error minimisation - Yield curve spot rate, 10-year maturity",PCPA,0
YC.B.U2.EUR.4F.G_N_A.SV_C_YM.SR_10Y,B,U2,EUR,4F,G_N_A,SV_C_YM,SR_10Y,2025-08-14,2.7789766404,A,F,,,P1D,,E,,,,,,,,,,,,,,,Technical notes are available at the following link: https://www.ecb.europa.eu/stats/financial_markets_and_interest_rates/euro_area_yield_curves/shared/pdf/technical_notes.pdf,,6,,,AAA yield curve - 10-year spot rate,"Euro area (changing composition) - Government bond, nominal, all issuers whose rating is triple A - Svensson model - continuous compounding - yield error minimisation - Yield curve spot rate, 10-year maturity",PCPA,0
YC.B.U2.EUR.4F.G_N_A.SV_C_YM.SR_10Y,B,U2,EUR,4F,G_N_A,SV_C_YM,SR_10Y,2025-08-15,2.8430984141,A,F,,,P1D,,E,,,,,,,,,,,,,,,Technical notes are available at the following link: https://www.ecb.europa.eu/stats/financial_markets_and_interest_rates/euro_area_yield_curves/shared/pdf/technical_notes.pdf,,6,,,AAA yield curve - 10-year spot rate,"Euro area (changing composition) - Government bond, nominal, all issuers whose rating is triple A - Svensson model - continuous compounding - yield error minimisation - Yield curve spot rate, 10-year maturity",PCPA,0
YC.B.U2.EUR.4F.G_N_A.SV_C_YM.SR_10Y,B,U2,EUR,4F,G_N_A,SV_C_YM,SR_10Y,2025-08-18,2.834415258,A,F,,,P1D,,E,,,,,,,,,,,,,,,Technical notes are available at the following link: https://www.ecb.europa.eu/stats/financial_markets_and_interest_rates/euro_area_yield_curves/shared/pdf/technical_notes.pdf,,6,,,AAA yield curve - 10-year spot rate,"Euro area (changing composition) - Government bond, nominal, all issuers whose rating is triple A - Svensson model - continuous compounding - yield error minimisation - Yield curve spot rate, 10-year maturity",PCPA,0
YC.B.U2.EUR.4F.G_N_A.SV_C_YM.SR_10Y,B,U2,EUR,4F,G_N_A,SV_C_YM,SR_10Y,2025-08-19,2.8219995437,A,F,,,P1D,,E,,,,,,,,,,,,,,,Technical notes are available at the following link: https://www.ecb.europa.eu/stats/financial_markets_and_interest_rates/euro_area_yield_curves/shared/pdf/technical_notes.pdf,,6,,,AAA yield curve - 10-year spot rate,"Euro area (changing composition) - Government bond, nominal, all issuers whose rating is triple A - Svensson model - continuous compounding - yield error minimisation - Yield curve spot rate, 10-year maturity",PCPA,0
YC.B.U2.EUR.4F.G_N_A.SV_C_YM.SR_10Y,B,U2,EUR,4F,G_N_A,SV_C_YM,SR_10Y,2025-08-20,2.7889950333,A,F,,,P1D,,E,,,,,,,,,,,,,,,Technical notes are available at the following link: https://www.ecb.europa.eu/stats/financial_markets_and_interest_rates/euro_area_yield_curves/shared/pdf/technical_notes.pdf,,6,,,AAA yield curve - 10-year spot rate,"Euro area (changing composition) - Government bond, nominal, all issuers whose rating is triple A - Svensson model - continuous compounding - yield error minimisation - Yield curve spot rate, 10-year maturity",PCPA,0
YC.B.U2.EUR.4F.G_N_A.SV_C_YM.SR_10Y,B,U2,EUR,4F,G_N_A,SV_C_YM,SR_10Y,2025-08-21,2.8212272687,A,F,,,P1D,,E,,,,,,,,,,,,,,,Technical notes are available at the following link: https://www.ecb.europa.eu/stats/financial_markets_and_interest_rates/euro_area_yield_curves/shared/pdf/technical_notes.pdf,,6,,,AAA yield curve - 10-year spot rate,"Euro area (changing composition) - Government bond, nominal, all issuers whose rating is triple A - Svensson model - continuous compounding - yield error minimisation - Yield curve spot rate, 10-year maturity",PCPA,0
YC.B.U2.EUR.4F.G_N_A.SV_C_YM.SR_10Y,B,U2,EUR,4F,G_N_A,SV_C_YM,SR_10Y,2025-08-22,2.8081443795,A,F,,,P1D,,E,,,,,,,,,,,,,,,Technical notes are available at the following link: https://www.ecb.europa.eu/stats/financial_markets_and_interest_rates/euro_area_yield_curves/shared/pdf/technical_notes.pdf,,6,,,AAA yield curve - 10-year spot rate,"Euro area (changing composition) - Government bond, nominal, all issuers whose rating is triple A - Svensson model - continuous compounding - yield error minimisation - Yield curve spot rate, 10-year maturity",PCPA,0
YC.B.U2.EUR.4F.G_N_A.SV_C_YM.SR_10Y,B,U2,EUR,4F,G_N_A,SV_C_YM,SR_10Y,2025-08-25,2.8420172523,A,F,,,P1D,,E,,,,,,,,,,,,,,,Technical notes are available at the following link: https://www.ecb.europa.eu/stats/financial_markets_and_interest_rates/euro_area_yield_curves/shared/pdf/technical_notes.pdf,,6,,,AAA yield curve - 10-year spot rate,"Euro area (changing composition) - Government bond, nominal, all issuers whose rating is triple A - Svensson model - continuous compounding - yield error minimisation - Yield curve spot rate, 10-year maturity",PCPA,0
YC.B.U2.EUR.4F.G_N_A.SV_C_YM.SR_10Y,B,U2,EUR,4F,G_N_A,SV_C_YM,SR_10Y,2025-08-26,2.8030227277,A,F,,,P1D,,E,,,,,,,,,,,,,,,Technical notes are available at the following link: https://www.ecb.europa.eu/stats/financial_markets_and_interest_rates/euro_area_yield_curves/shared/pdf/technical_notes.pdf,,6,,,AAA yield curve - 10-year spot rate,"Euro area (changing composition) - Government bond, nominal, all issuers whose rating is triple A - Svensson model - continuous compounding - yield error minimisation - Yield curve spot rate, 10-year maturity",PCPA,0
YC.B.U2.EUR.4F.G_N_A.SV_C_YM.SR_10Y,B,U2,EUR,4F,G_N_A,SV_C_YM,SR_10Y,2025-08-27,2.7933292442,A,F,,,P1D,,E,,,,,,,,,,,,,,,Technical notes are available at the following link: https://www.ecb.europa.eu/stats/financial_markets_and_interest_rates/euro_area_yield_curves/shared/pdf/technical_notes.pdf,,6,,,AAA yield curve - 10-year spot rate,"Euro area (changing composition) - Government bond, nominal, all issuers whose rating is triple A - Svensson model - continuous compounding - yield error minimisation - Yield curve spot rate, 10-year maturity",PCPA,0
YC.B.U2.EUR.4F.G_N_A.SV_C_YM.SR_10Y,B,U2,EUR,4F,G_N_A,SV_C_YM,SR_10Y,2025-08-28,2.7720612195,A,F,,,P1D,,E,,,,,,,,,,,,,,,Technical notes are available at the following link: https://www.ecb.europa.eu/stats/financial_markets_and_interest_rates/euro_area_yield_curves/shared/pdf/technical_notes.pdf,,6,,,AAA yield curve - 10-year spot rate,"Euro area (changing composition) - Government bond, nominal, all issuers whose rating is triple A - Svensson model - continuous compounding - yield error minimisation - Yield curve spot rate, 10-year maturity",PCPA,0
YC.B.U2.EUR.4F.G_N_A.SV_C_YM.SR_10Y,B,U2,EUR,4F,G_N_A,SV_C_YM,SR_10Y,2025-08-29,2.7854844577,A,F,,,P1D,,E,,,,,,,,,,,,,,,Technical notes are available at the following link: https://www.ecb.europa.eu/stats/financial_markets_and_interest_rates/euro_area_yield_curves/shared/pdf/technical_notes.pdf,,6,,,AAA yield curve - 10-year spot rate,"Euro area (changing composition) - Government bond, nominal, all issuers whose rating is triple A - Svensson model - continuous compounding - yield error minimisation - Yield curve spot rate, 10-year maturity",PCPA,0
YC.B.U2.EUR.4F.G_N_A.SV_C_YM.SR_10Y,B,U2,EUR,4F,G_N_A,SV_C_YM,SR_10Y,2025-09-01,2.8201791164,A,F,,,P1D,,E,,,,,,,,,,,,,,,Technical notes are available at the following link: https://www.ecb.europa.eu/stats/financial_markets_and_interest_rates/euro_area_yield_curves/shared/pdf/technical_notes.pdf,,6,,,AAA yield curve - 10-year spot rate,"Euro area (changing composition) - Government bond, nominal, all issuers whose rating is triple A - Svensson model - continuous compounding - yield error minimisation - Yield curve spot rate, 10-year maturity",PCPA,0
YC.B.U2.EUR.4F.G_N_A.SV_C_YM.SR_10Y,B,U2,EUR,4F,G_N_A,SV_C_YM,SR_10Y,2025-09-02,2.8583592623,A,F,,,P1D,,E,,,,,,,,,,,,,,,Technical notes are available at the following link: https://www.ecb.europa.eu/stats/financial_markets_and_interest_rates/euro_area_yield_curves/shared/pdf/technical_notes.pdf,,6,,,AAA yield curve - 10-year spot rate,"Euro area (changing composition) - Government bond, nominal, all issuers whose rating is triple A - Svensson model - continuous compounding - yield error minimisation - Yield curve spot rate, 10-year maturity",PCPA,0
YC.B.U2.EUR.4F.G_N_A.SV_C_YM.SR_10Y,B,U2,EUR,4F,G_N_A,SV_C_YM,SR_10Y,2025-09-03,2.8209325207,A,F,,,P1D,,E,,,,,,,,,,,,,,,Technical notes are available at the following link: https://www.ecb.europa.eu/stats/financial_markets_and_interest_rates/euro_area_yield_curves/shared/pdf/technical_notes.pdf,,6,,,AAA yield curve - 10-year spot rate,"Euro area (changing composition) - Government bond, nominal, all issuers whose rating is triple A - Svensson model - continuous compounding - yield error minimisation - Yield curve spot rate, 10-year maturity",PCPA,0
YC.B.U2.EUR.4F.G_N_A.SV_C_YM.SR_10Y,B,U2,EUR,4F,G_N_A,SV_C_YM,SR_10Y,2025-09-04,2.7879763494,A,F,,,P1D,,E,,,,,,,,,,,,,,,Technical notes are available at the following link: https://www.ecb.europa.eu/stats/financial_markets_and_interest_rates/euro_area_yield_curves/shared/pdf/technical_notes.pdf,,6,,,AAA yield curve - 10-year spot rate,"Euro area (changing composition) - Government bond, nominal, all issuers whose rating is triple A - Svensson model - continuous compounding - yield error minimisation - Yield curve spot rate, 10-year maturity",PCPA,0
YC.B.U2.EUR.4F.G_N_A.SV_C_YM.SR_10Y,B,U2,EUR,4F,G_N_A,SV_C_YM,SR_10Y,2025-09-05,2.7458304046,A,F,,,P1D,,E,,,,,,,,,,,,,,,Technical notes are available at the following link: https://www.ecb.europa.eu/stats/financial_markets_and_interest_rates/euro_area_yield_curves/shared/pdf/technical_notes.pdf,,6,,,AAA yield curve - 10-year spot rate,"Euro area (changing composition) - Government bond, nominal, all issuers whose rating is triple A - Svensson model - continuous compounding - yield error minimisation - Yield curve spot rate, 10-year maturity",PCPA,0
YC.B.U2.EUR.4F.G_N_A.SV_C_YM.SR_10Y,B,U2,EUR,4F,G_N_A,SV_C_YM,SR_10Y,2025-09-08,2.7205978036,A,F,,,P1D,,E,,,,,,,,,,,,,,,Technical notes are available at the following link: https://www.ecb.europa.eu/stats/financial_markets_and_interest_rates/euro_area_yield_curves/shared/pdf/technical_notes.pdf,,6,,,AAA yield curve - 10-year spot rate,"Euro area (changing composition) - Government bond, nominal, all issuers whose rating is triple A - Svensson model - continuous compounding - yield error minimisation - Yield curve spot rate, 10-year maturity",PCPA,0
YC.B.U2.EUR.4F.G_N_A.SV_C_YM.SR_10Y,B,U2,EUR,4F,G_N_A,SV_C_YM,SR_10Y,2025-09-09,2.7373998786,A,F,,,P1D,,E,,,,,,,,,,,,,,,Technical notes are available at the following link: https://www.ecb.europa.eu/stats/financial_markets_and_interest_rates/euro_area_yield_curves/shared/pdf/technical_notes.pdf,,6,,,AAA yield curve - 10-year spot rate,"Euro area (changing composition) - Government bond, nominal, all issuers whose rating is triple A - Svensson model - continuous compounding - yield error minimisation - Yield curve spot rate, 10-year maturity",PCPA,0
YC.B.U2.EUR.4F.G_N_A.SV_C_YM.SR_10Y,B,U2,EUR,4F,G_N_A,SV_C_YM,SR_10Y,2025-09-10,2.7348570644,A,F,,,P1D,,E,,,,,,,,,,,,,,,Technical notes are available at the following link: https://www.ecb.europa.eu/stats/financial_markets_and_interest_rates/euro_area_yield_curves/shared/pdf/technical_notes.pdf,,6,,,AAA yield curve - 10-year spot rate,"Euro area (changing composition) - Government bond, nominal, all issuers whose rating is triple A - Svensson model - continuous compounding - yield error minimisation - Yield curve spot rate, 10-year maturity",PCPA,0
YC.B.U2.EUR.4F.G_N_A.SV_C_YM.SR_10Y,B,U2,EUR,4F,G_N_A,SV_C_YM,SR_10Y,2025-09-11,2.7436534813,A,F,,,P1D,,E,,,,,,,,,,,,,,,Technical notes are available at the following link: https://www.ecb.europa.eu/stats/financial_markets_and_interest_rates/euro_area_yield_curves/shared/pdf/technical_notes.pdf,,6,,,AAA yield curve - 10-year spot rate,"Euro area (changing composition) - Government bond, nominal, all issuers whose rating is triple A - Svensson model - continuous compounding - yield error minimisation - Yield curve spot rate, 10-year maturity",PCPA,0
YC.B.U2.EUR.4F.G_N_A.SV_C_YM.SR_10Y,B,U2,EUR,4F,G_N_A,SV_C_YM,SR_10Y,2025-09-12,2.7793036167,A,F,,,P1D,,E,,,,,,,,,,,,,,,Technical notes are available at the following link: https://www.ecb.europa.eu/stats/financial_markets_and_interest_rates/euro_area_yield_curves/shared/pdf/technical_notes.pdf,,6,,,AAA yield curve - 10-year spot rate,"Euro area (changing composition) - Government bond, nominal, all issuers whose rating is triple A - Svensson model - continuous compounding - yield error minimisation - Yield curve spot rate, 10-year maturity",PCPA,0
YC.B.U2.EUR.4F.G_N_A.SV_C_YM.SR_10Y,B,U2,EUR,4F,G_N_A,SV_C_YM,SR_10Y,2025-09-15,2.7663252387,A,F,,,P1D,,E,,,,,,,,,,,,,,,Technical notes are available at the following link: https://www.ecb.europa.eu/stats/financial_markets_and_interest_rates/euro_area_yield_curves/shared/pdf/technical_notes.pdf,,6,,,AAA yield curve - 10-year spot rate,"Euro area (changing composition) - Government bond, nominal, all issuers whose rating is triple A - Svensson model - continuous compounding - yield error minimisation - Yield curve spot rate, 10-year maturity",PCPA,0
YC.B.U2.EUR.4F.G_N_A.SV_C_YM.SR_10Y,B,U2,EUR,4F,G_N_A,SV_C_YM,SR_10Y,2025-09-16,2.7626046351,A,F,,,P1D,,E,,,,,,,,,,,,,,,Technical notes are available at the following link: https://www.ecb.europa.eu/stats/financial_markets_and_interest_rates/euro_area_yield_curves/shared/pdf/technical_notes.pdf,,6,,,AAA yield curve - 10-year spot rate,"Euro area (changing composition) - Government bond, nominal, all issuers whose rating is triple A - Svensson model - continuous compounding - yield error minimisation - Yield curve spot rate, 10-year maturity",PCPA,0
YC.B.U2.EUR.4F.G_N_A.SV_C_YM.SR_10Y,B,U2,EUR,4F,G_N_A,SV_C_YM,SR_10Y,2025-09-17,2.7440108714,A,F,,,P1D,,E,,,,,,,,,,,,,,,Technical notes are available at the following link: https://www.ecb.europa.eu/stats/financial_markets_and_interest_rates/euro_area_yield_curves/shared/pdf/technical_notes.pdf,,6,,,AAA yield curve - 10-year spot rate,"Euro area (changing composition) - Government bond, nominal, all issuers whose rating is triple A - Svensson model - continuous compounding - yield error minimisation - Yield curve spot rate, 10-year maturity",PCPA,0
YC.B.U2.EUR.4F.G_N_A.SV_C_YM.SR_10Y,B,U2,EUR,4F,G_N_A,SV_C_YM,SR_10Y,2025-09-18,2.7887887757,A,F,,,P1D,,E,,,,,,,,,,,,,,,Technical notes are available at the following link: https://www.ecb.europa.eu/stats/financial_markets_and_interest_rates/euro_area_yield_curves/shared/pdf/technical_notes.pdf,,6,,,AAA yield curve - 10-year spot rate,"Euro area (changing composition) - Government bond, nominal, all issuers whose rating is triple A - Svensson model - continuous compounding - yield error minimisation - Yield curve spot rate, 10-year maturity",PCPA,0
YC.B.U2.EUR.4F.G_N_A.SV_C_YM.SR_10Y,B,U2,EUR,4F,G_N_A,SV_C_YM,SR_10Y,2025-09-19,2.8110521727,A,F,,,P1D,,E,,,,,,,,,,,,,,,Technical notes are available at the following link: https://www.ecb.europa.eu/stats/financial_markets_and_interest_rates/euro_area_yield_curves/shared/pdf/technical_notes.pdf,,6,,,AAA yield curve - 10-year spot rate,"Euro area (changing composition) - Government bond, nominal, all issuers whose rating is triple A - Svensson model - continuous compounding - yield error minimisation - Yield curve spot rate, 10-year maturity",PCPA,0
YC.B.U2.EUR.4F.G_N_A.SV_C_YM.SR_10Y,B,U2,EUR,4F,G_N_A,SV_C_YM,SR_10Y,2025-09-22,2.8191246144,A,F,,,P1D,,E,,,,,,,,,,,,,,,Technical notes are available at the following link: https://www.ecb.europa.eu/stats/financial_markets_and_interest_rates/euro_area_yield_curves/shared/pdf/technical_notes.pdf,,6,,,AAA yield curve - 10-year spot rate,"Euro area (changing composition) - Government bond, nominal, all issuers whose rating is triple A - Svensson model - continuous compounding - yield error minimisation - Yield curve spot rate, 10-year maturity",PCPA,0
YC.B.U2.EUR.4F.G_N_A.SV_C_YM.SR_10Y,B,U2,EUR,4F,G_N_A,SV_C_YM,SR_10Y,2025-09-23,2.8183515272,A,F,,,P1D,,E,,,,,,,,,,,,,,,Technical notes are available at the following link: https://www.ecb.europa.eu/stats/financial_markets_and_interest_rates/euro_area_yield_curves/shared/pdf/technical_notes.pdf,,6,,,AAA yield curve - 10-year spot rate,"Euro area (changing composition) - Government bond, nominal, all issuers whose rating is triple A - Svensson model - continuous compounding - yield error minimisation - Yield curve spot rate, 10-year maturity",PCPA,0
YC.B.U2.EUR.4F.G_N_A.SV_C_YM.SR_10Y,B,U2,EUR,4F,G_N_A,SV_C_YM,SR_10Y,2025-09-24,2.8188696161,A,F,,,P1D,,E,,,,,,,,,,,,,,,Technical notes are available at the following link: https://www.ecb.europa.eu/stats/financial_markets_and_interest_rates/euro_area_yield_curves/shared/pdf/technical_notes.pdf,,6,,,AAA yield curve - 10-year spot rate,"Euro area (changing composition) - Government bond, nominal, all issuers whose rating is triple A - Svensson model - continuous compounding - yield error minimisation - Yield curve spot rate, 10-year maturity",PCPA,0
YC.B.U2.EUR.4F.G_N_A.SV_C_YM.SR_10Y,B,U2,EUR,4F,G_N_A,SV_C_YM,SR_10Y,2025-09-25,2.8373208625,A,F,,,P1D,,E,,,,,,,,,,,,,,,Technical notes are available at the following link: https://www.ecb.europa.eu/stats/financial_markets_and_interest_rates/euro_area_yield_curves/shared/pdf/technical_notes.pdf,,6,,,AAA yield curve - 10-year spot rate,"Euro area (changing composition) - Government bond, nominal, all issuers whose rating is triple A - Svensson model - continuous compounding - yield error minimisation - Yield curve spot rate, 10-year maturity",PCPA,0
YC.B.U2.EUR.4F.G_N_A.SV_C_YM.SR_10Y,B,U2,EUR,4F,G_N_A,SV_C_YM,SR_10Y,2025-09-26,2.8197118707,A,F,,,P1D,,E,,,,,,,,,,,,,,,Technical notes are available at the following link: https://www.ecb.europa.eu/stats/financial_markets_and_interest_rates/euro_area_yield_curves/shared/pdf/technical_notes.pdf,,6,,,AAA yield curve - 10-year spot rate,"Euro area (changing composition) - Government bond, nominal, all issuers whose rating is triple A - Svensson model - continuous compounding - yield error minimisation - Yield curve spot rate, 10-year maturity",PCPA,0
YC.B.U2.EUR.4F.G_N_A.SV_C_YM.SR_10Y,B,U2,EUR,4F,G_N_A,SV_C_YM,SR_10Y,2025-09-29,2.7859915739,A,F,,,P1D,,E,,,,,,,,,,,,,,,Technical notes are available at the following link: https://www.ecb.europa.eu/stats/financial_markets_and_interest_rates/euro_area_yield_curves/shared/pdf/technical_notes.pdf,,6,,,AAA yield curve - 10-year spot rate,"Euro area (changing composition) - Government bond, nominal, all issuers whose rating is triple A - Svensson model - continuous compounding - yield error minimisation - Yield curve spot rate, 10-year maturity",PCPA,0
YC.B.U2.EUR.4F.G_N_A.SV_C_YM.SR_10Y,B,U2,EUR,4F,G_N_A,SV_C_YM,SR_10Y,2025-09-30,2.7786738794,A,F,,,P1D,,E,,,,,,,,,,,,,,,Technical notes are available at the following link: https://www.ecb.europa.eu/stats/financial_markets_and_interest_rates/euro_area_yield_curves/shared/pdf/technical_notes.pdf,,6,,,AAA yield curve - 10-year spot rate,"Euro area (changing composition) - Government bond, nominal, all issuers whose rating is triple A - Svensson model - continuous compounding - yield error minimisation - Yield curve spot rate, 10-year maturity",PCPA,0
YC.B.U2.EUR.4F.G_N_A.SV_C_YM.SR_10Y,B,U2,EUR,4F,G_N_A,SV_C_YM,SR_10Y,2025-10-01,2.7687620524,A,F,,,P1D,,E,,,,,,,,,,,,,,,Technical notes are available at the following link: https://www.ecb.europa.eu/stats/financial_markets_and_interest_rates/euro_area_yield_curves/shared/pdf/technical_notes.pdf,,6,,,AAA yield curve - 10-year spot rate,"Euro area (changing composition) - Government bond, nominal, all issuers whose rating is triple A - Svensson model - continuous compounding - yield error minimisation - Yield curve spot rate, 10-year maturity",PCPA,0
YC.B.U2.EUR.4F.G_N_A.SV_C_YM.SR_10Y,B,U2,EUR,4F,G_N_A,SV_C_YM,SR_10Y,2025-10-02,2.7847770967,A,F,,,P1D,,E,,,,,,,,,,,,,,,Technical notes are available at the following link: https://www.ecb.europa.eu/stats/financial_markets_and_interest_rates/euro_area_yield_curves/shared/pdf/technical_notes.pdf,,6,,,AAA yield curve - 10-year spot rate,"Euro area (changing composition) - Government bond, nominal, all issuers whose rating is triple A - Svensson model - continuous compounding - yield error minimisation - Yield curve spot rate, 10-year maturity",PCPA,0
YC.B.U2.EUR.4F.G_N_A.SV_C_YM.SR_10Y,B,U2,EUR,4F,G_N_A,SV_C_YM,SR_10Y,2025-10-03,2.7677693726,A,F,,,P1D,,E,,,,,,,,,,,,,,,Technical notes are available at the following link: https://www.ecb.europa.eu/stats/financial_markets_and_interest_rates/euro_area_yield_curves/shared/pdf/technical_notes.pdf,,6,,,AAA yield curve - 10-year spot rate,"Euro area (changing composition) - Government bond, nominal, all issuers whose rating is triple A - Svensson model - continuous compounding - yield error minimisation - Yield curve spot rate, 10-year maturity",PCPA,0
YC.B.U2.EUR.4F.G_N_A.SV_C_YM.SR_10Y,B,U2,EUR,4F,G_N_A,SV_C_YM,SR_10Y,2025-10-06,2.7855625619,A,F,,,P1D,,E,,,,,,,,,,,,,,,Technical notes are available at the following link: https://www.ecb.europa.eu/stats/financial_markets_and_interest_rates/euro_area_yield_curves/shared/pdf/technical_notes.pdf,,6,,,AAA yield curve - 10-year spot rate,"Euro area (changing composition) - Government bond, nominal, all issuers whose rating is triple A - Svensson model - continuous compounding - yield error minimisation - Yield curve spot rate, 10-year maturity",PCPA,0
YC.B.U2.EUR.4F.G_N_A.SV_C_YM.SR_10Y,B,U2,EUR,4F,G_N_A,SV_C_YM,SR_10Y,2025-10-07,2.8017768131,A,F,,,P1D,,E,,,,,,,,,,,,,,,Technical notes are available at the following link: https://www.ecb.europa.eu/stats/financial_markets_and_interest_rates/euro_area_yield_curves/shared/pdf/technical_notes.pdf,,6,,,AAA yield curve - 10-year spot rate,"Euro area (changing composition) - Government bond, nominal, all issuers whose rating is triple A - Svensson model - continuous compounding - yield error minimisation - Yield curve spot rate, 10-year maturity",PCPA,0
YC.B.U2.EUR.4F.G_N_A.SV_C_YM.SR_10Y,B,U2,EUR,4F,G_N_A,SV_C_YM,SR_10Y,2025-10-08,2.7556304465,A,F,,,P1D,,E,,,,,,,,,,,,,,,Technical notes are available at the following link: https://www.ecb.europa.eu/stats/financial_markets_and_interest_rates/euro_area_yield_curves/shared/pdf/technical_notes.pdf,,6,,,AAA yield curve - 10-year spot rate,"Euro area (changing composition) - Government bond, nominal, all issuers whose rating is triple A - Svensson model - continuous compounding - yield error minimisation - Yield curve spot rate, 10-year maturity",PCPA,0
YC.B.U2.EUR.4F.G_N_A.SV_C_YM.SR_10Y,B,U2,EUR,4F,G_N_A,SV_C_YM,SR_10Y,2025-10-09,2.77268694,A,F,,,P1D,,E,,,,,,,,,,,,,,,Technical notes are available at the following link: https://www.ecb.europa.eu/stats/financial_markets_and_interest_rates/euro_area_yield_curves/shared/pdf/technical_notes.pdf,,6,,,AAA yield curve - 10-year spot rate,"Euro area (changing composition) - Government bond, nominal, all issuers whose rating is triple A - Svensson model - continuous compounding - yield error minimisation - Yield curve spot rate, 10-year maturity",PCPA,0
YC.B.U2.EUR.4F.G_N_A.SV_C_YM.SR_10Y,B,U2,EUR,4F,G_N_A,SV_C_YM,SR_10Y,2025-10-10,2.7417726722,A,F,,,P1D,,E,,,,,,,,,,,,,,,Technical notes are available at the following link: https://www.ecb.europa.eu/stats/financial_markets_and_interest_rates/euro_area_yield_curves/shared/pdf/technical_notes.pdf,,6,,,AAA yield curve - 10-year spot rate,"Euro area (changing composition) - Government bond, nominal, all issuers whose rating is triple A - Svensson model - continuous compounding - yield error minimisation - Yield curve spot rate, 10-year maturity",PCPA,0
YC.B.U2.EUR.4F.G_N_A.SV_C_YM.SR_10Y,B,U2,EUR,4F,G_N_A,SV_C_YM,SR_10Y,2025-10-13,2.7065501324,A,F,,,P1D,,E,,,,,,,,,,,,,,,Technical notes are available at the following link: https://www.ecb.europa.eu/stats/financial_markets_and_interest_rates/euro_area_yield_curves/shared/pdf/technical_notes.pdf,,6,,,AAA yield curve - 10-year spot rate,"Euro area (changing composition) - Government bond, nominal, all issuers whose rating is triple A - Svensson model - continuous compounding - yield error minimisation - Yield curve spot rate, 10-year maturity",PCPA,0
YC.B.U2.EUR.4F.G_N_A.SV_C_YM.SR_10Y,B,U2,EUR,4F,G_N_A,SV_C_YM,SR_10Y,2025-10-14,2.6787360452,A,F,,,P1D,,E,,,,,,,,,,,,,,,Technical notes are available at the following link: https://www.ecb.europa.eu/stats/financial_markets_and_interest_rates/euro_area_yield_curves/shared/pdf/technical_notes.pdf,,6,,,AAA yield curve - 10-year spot rate,"Euro area (changing composition) - Government bond, nominal, all issuers whose rating is triple A - Svensson model - continuous compounding - yield error minimisation - Yield curve spot rate, 10-year maturity",PCPA,0
YC.B.U2.EUR.4F.G_N_A.SV_C_YM.SR_10Y,B,U2,EUR,4F,G_N_A,SV_C_YM,SR_10Y,2025-10-15,2.6483125542,A,F,,,P1D,,E,,,,,,,,,,,,,,,Technical notes are available at the following link: https://www.ecb.europa.eu/stats/financial_markets_and_interest_rates/euro_area_yield_curves/shared/pdf/technical_notes.pdf,,6,,,AAA yield curve - 10-year spot rate,"Euro area (changing composition) - Government bond, nominal, all issuers whose rating is triple A - Svensson model - continuous compounding - yield error minimisation - Yield curve spot rate, 10-year maturity",PCPA,0
YC.B.U2.EUR.4F.G_N_A.SV_C_YM.SR_10Y,B,U2,EUR,4F,G_N_A,SV_C_YM,SR_10Y,2025-10-16,2.6626296861,A,F,,,P1D,,E,,,,,,,,,,,,,,,Technical notes are available at the following link: https://www.ecb.europa.eu/stats/financial_markets_and_interest_rates/euro_area_yield_curves/shared/pdf/technical_notes.pdf,,6,,,AAA yield curve - 10-year spot rate,"Euro area (changing composition) - Government bond, nominal, all issuers whose rating is triple A - Svensson model - continuous compounding - yield error minimisation - Yield curve spot rate, 10-year maturity",PCPA,0
YC.B.U2.EUR.4F.G_N_A.SV_C_YM.SR_10Y,B,U2,EUR,4F,G_N_A,SV_C_YM,SR_10Y,2025-10-17,2.6597042971,A,F,,,P1D,,E,,,,,,,,,,,,,,,Technical notes are available at the following link: https://www.ecb.europa.eu/stats/financial_markets_and_interest_rates/euro_area_yield_curves/shared/pdf/technical_notes.pdf,,6,,,AAA yield curve - 10-year spot rate,"Euro area (changing composition) - Government bond, nominal, all issuers whose rating is triple A - Svensson model - continuous compounding - yield error minimisation - Yield curve spot rate, 10-year maturity",PCPA,0
YC.B.U2.EUR.4F.G_N_A.SV_C_YM.SR_10Y,B,U2,EUR,4F,G_N_A,SV_C_YM,SR_10Y,2025-10-20,2.6652122756,A,F,,,P1D,,E,,,,,,,,,,,,,,,Technical notes are available at the following link: https://www.ecb.europa.eu/stats/financial_markets_and_interest_rates/euro_area_yield_curves/shared/pdf/technical_notes.pdf,,6,,,AAA yield curve - 10-year spot rate,"Euro area (changing composition) - Government bond, nominal, all issuers whose rating is triple A - Svensson model - continuous compounding - yield error minimisation - Yield curve spot rate, 10-year maturity",PCPA,0
YC.B.U2.EUR.4F.G_N_A.SV_C_YM.SR_10Y,B,U2,EUR,4F,G_N_A,SV_C_YM,SR_10Y,2025-10-21,2.6315953943,A,F,,,P1D,,E,,,,,,,,,,,,,,,Technical notes are available at the following link: https://www.ecb.europa.eu/stats/financial_markets_and_interest_rates/euro_area_yield_curves/shared/pdf/technical_notes.pdf,,6,,,AAA yield curve - 10-year spot rate,"Euro area (changing composition) - Government bond, nominal, all issuers whose rating is triple A - Svensson model - continuous compounding - yield error minimisation - Yield curve spot rate, 10-year maturity",PCPA,0
YC.B.U2.EUR.4F.G_N_A.SV_C_YM.SR_10Y,B,U2,EUR,4F,G_N_A,SV_C_YM,SR_10Y,2025-10-22,2.6456476004,A,F,,,P1D,,E,,,,,,,,,,,,,,,Technical notes are available at the following link: https://www.ecb.europa.eu/stats/financial_markets_and_interest_rates/euro_area_yield_curves/shared/pdf/technical_notes.pdf,,6,,,AAA yield curve - 10-year spot rate,"Euro area (changing composition) - Government bond, nominal, all issuers whose rating is triple A - Svensson model - continuous compounding - yield error minimisation - Yield curve spot rate, 10-year maturity",PCPA,0
YC.B.U2.EUR.4F.G_N_A.SV_C_YM.SR_10Y,B,U2,EUR,4F,G_N_A,SV_C_YM,SR_10Y,2025-10-23,2.6589940943,A,F,,,P1D,,E,,,,,,,,,,,,,,,Technical notes are available at the following link: https://www.ecb.europa.eu/stats/financial_markets_and_interest_rates/euro_area_yield_curves/shared/pdf/technical_notes.pdf,,6,,,AAA yield curve - 10-year spot rate,"Euro area (changing composition) - Government bond, nominal, all issuers whose rating is triple A - Svensson model - continuous compounding - yield error minimisation - Yield curve spot rate, 10-year maturity",PCPA,0
YC.B.U2.EUR.4F.G_N_A.SV_C_YM.SR_10Y,B,U2,EUR,4F,G_N_A,SV_C_YM,SR_10Y,2025-10-24,2.7104454299,A,F,,,P1D,,E,,,,,,,,,,,,,,,Technical notes are available at the following link: https://www.ecb.europa.eu/stats/financial_markets_and_interest_rates/euro_area_yield_curves/shared/pdf/technical_notes.pdf,,6,,,AAA yield curve - 10-year spot rate,"Euro area (changing composition) - Government bond, nominal, all issuers whose rating is triple A - Svensson model - continuous compounding - yield error minimisation - Yield curve spot rate, 10-year maturity",PCPA,0
YC.B.U2.EUR.4F.G_N_A.SV_C_YM.SR_10Y,B,U2,EUR,4F,G_N_A,SV_C_YM,SR_10Y,2025-10-27,2.7044797107,A,F,,,P1D,,E,,,,,,,,,,,,,,,Technical notes are available at the following link: https://www.ecb.europa.eu/stats/financial_markets_and_interest_rates/euro_area_yield_curves/shared/pdf/technical_notes.pdf,,6,,,AAA yield curve - 10-year spot rate,"Euro area (changing composition) - Government bond, nominal, all issuers whose rating is triple A - Svensson model - continuous compounding - yield error minimisation - Yield curve spot rate, 10-year maturity",PCPA,0
YC.B.U2.EUR.4F.G_N_A.SV_C_YM.SR_10Y,B,U2,EUR,4F,G_N_A,SV_C_YM,SR_10Y,2025-10-28,2.6977978987,A,F,,,P1D,,E,,,,,,,,,,,,,,,Technical notes are available at the following link: https://www.ecb.europa.eu/stats/financial_markets_and_interest_rates/euro_area_yield_curves/shared/pdf/technical_notes.pdf,,6,,,AAA yield curve - 10-year spot rate,"Euro area (changing composition) - Government bond, nominal, all issuers whose rating is triple A - Svensson model - continuous compounding - yield error minimisation - Yield curve spot rate, 10-year maturity",PCPA,0
YC.B.U2.EUR.4F.G_N_A.SV_C_YM.SR_10Y,B,U2,EUR,4F,G_N_A,SV_C_YM,SR_10Y,2025-10-29,2.7029909692,A,F,,,P1D,,E,,,,,,,,,,,,,,,Technical notes are available at the following link: https://www.ecb.europa.eu/stats/financial_markets_and_interest_rates/euro_area_yield_curves/shared/pdf/technical_notes.pdf,,6,,,AAA yield curve - 10-year spot rate,"Euro area (changing composition) - Government bond, nominal, all issuers whose rating is triple A - Svensson model - continuous compounding - yield error minimisation - Yield curve spot rate, 10-year maturity",PCPA,0
YC.B.U2.EUR.4F.G_N_A.SV_C_YM.SR_10Y,B,U2,EUR,4F,G_N_A,SV_C_YM,SR_10Y,2025-10-30,2.7161619958,A,F,,,P1D,,E,,,,,,,,,,,,,,,Technical notes are available at the following link: https://www.ecb.europa.eu/stats/financial_markets_and_interest_rates/euro_area_yield_curves/shared/pdf/technical_notes.pdf,,6,,,AAA yield curve - 10-year spot rate,"Euro area (changing composition) - Government bond, nominal, all issuers whose rating is triple A - Svensson model - continuous compounding - yield error minimisation - Yield curve spot rate, 10-year maturity",PCPA,0
YC.B.U2.EUR.4F.G_N_A.SV_C_YM.SR_10Y,B,U2,EUR,4F,G_N_A,SV_C_YM,SR_10Y,2025-10-31,2.721602685,A,F,,,P1D,,E,,,,,,,,,,,,,,,Technical notes are available at the following link: https://www.ecb.europa.eu/stats/financial_markets_and_interest_rates/euro_area_yield_curves/shared/pdf/technical_notes.pdf,,6,,,AAA yield curve - 10-year spot rate,"Euro area (changing composition) - Government bond, nominal, all issuers whose rating is triple A - Svensson model - continuous compounding - yield error minimisation - Yield curve spot rate, 10-year maturity",PCPA,0
YC.B.U2.EUR.4F.G_N_A.SV_C_YM.SR_10Y,B,U2,EUR,4F,G_N_A,SV_C_YM,SR_10Y,2025-11-03,2.7279838319,A,F,,,P1D,,E,,,,,,,,,,,,,,,Technical notes are available at the following link: https://www.ecb.europa.eu/stats/financial_markets_and_interest_rates/euro_area_yield_curves/shared/pdf/technical_notes.pdf,,6,,,AAA yield curve - 10-year spot rate,"Euro area (changing composition) - Government bond, nominal, all issuers whose rating is triple A - Svensson model - continuous compounding - yield error minimisation - Yield curve spot rate, 10-year maturity",PCPA,0
YC.B.U2.EUR.4F.G_N_A.SV_C_YM.SR_10Y,B,U2,EUR,4F,G_N_A,SV_C_YM,SR_10Y,2025-11-04,2.7254019371,A,F,,,P1D,,E,,,,,,,,,,,,,,,Technical notes are available at the following link: https://www.ecb.europa.eu/stats/financial_markets_and_interest_rates/euro_area_yield_curves/shared/pdf/technical_notes.pdf,,6,,,AAA yield curve - 10-year spot rate,"Euro area (changing composition) - Government bond, nominal, all issuers whose rating is triple A - Svensson model - continuous compounding - yield error minimisation - Yield curve spot rate, 10-year maturity",PCPA,0
YC.B.U2.EUR.4F.G_N_A.SV_C_YM.SR_10Y,B,U2,EUR,4F,G_N_A,SV_C_YM,SR_10Y,2025-11-05,2.7361656751,A,F,,,P1D,,E,,,,,,,,,,,,,,,Technical notes are available at the following link: https://www.ecb.europa.eu/stats/financial_markets_and_interest_rates/euro_area_yield_curves/shared/pdf/technical_notes.pdf,,6,,,AAA yield curve - 10-year spot rate,"Euro area (changing composition) - Government bond, nominal, all issuers whose rating is triple A - Svensson model - continuous compounding - yield error minimisation - Yield curve spot rate, 10-year maturity",PCPA,0
YC.B.U2.EUR.4F.G_N_A.SV_C_YM.SR_10Y,B,U2,EUR,4F,G_N_A,SV_C_YM,SR_10Y,2025-11-06,2.7333402197,A,F,,,P1D,,E,,,,,,,,,,,,,,,Technical notes are available at the following link: https://www.ecb.europa.eu/stats/financial_markets_and_interest_rates/euro_area_yield_curves/shared/pdf/technical_notes.pdf,,6,,,AAA yield curve - 10-year spot rate,"Euro area (changing composition) - Government bond, nominal, all issuers whose rating is triple A - Svensson model - continuous compounding - yield error minimisation - Yield curve spot rate, 10-year maturity",PCPA,0
YC.B.U2.EUR.4F.G_N_A.SV_C_YM.SR_10Y,B,U2,EUR,4F,G_N_A,SV_C_YM,SR_10Y,2025-11-07,2.7519322513,A,F,,,P1D,,E,,,,,,,,,,,,,,,Technical notes are available at the following link: https://www.ecb.europa.eu/stats/financial_markets_and_interest_rates/euro_area_yield_curves/shared/pdf/technical_notes.pdf,,6,,,AAA yield curve - 10-year spot rate,"Euro area (changing composition) - Government bond, nominal, all issuers whose rating is triple A - Svensson model - continuous compounding - yield error minimisation - Yield curve spot rate, 10-year maturity",PCPA,0
YC.B.U2.EUR.4F.G_N_A.SV_C_YM.SR_10Y,B,U2,EUR,4F,G_N_A,SV_C_YM,SR_10Y,2025-11-10,2.7473515524,A,F,,,P1D,,E,,,,,,,,,,,,,,,Technical notes are available at the following link: https://www.ecb.europa.eu/stats/financial_markets_and_interest_rates/euro_area_yield_curves/shared/pdf/technical_notes.pdf,,6,,,AAA yield curve - 10-year spot rate,"Euro area (changing composition) - Government bond, nominal, all issuers whose rating is triple A - Svensson model - continuous compounding - yield error minimisation - Yield curve spot rate, 10-year maturity",PCPA,0
YC.B.U2.EUR.4F.G_N_A.SV_C_YM.SR_10Y,B,U2,EUR,4F,G_N_A,SV_C_YM,SR_10Y,2025-11-11,2.7362460296,A,F,,,P1D,,E,,,,,,,,,,,,,,,Technical notes are available at the following link: https://www.ecb.europa.eu/stats/financial_markets_and_interest_rates/euro_area_yield_curves/shared/pdf/technical_notes.pdf,,6,,,AAA yield curve - 10-year spot rate,"Euro area (changing composition) - Government bond, nominal, all issuers whose rating is triple A - Svensson model - continuous compounding - yield error minimisation - Yield curve spot rate, 10-year maturity",PCPA,0
YC.B.U2.EUR.4F.G_N_A.SV_C_YM.SR_10Y,B,U2,EUR,4F,G_N_A,SV_C_YM,SR_10Y,2025-11-12,2.7238068417,A,F,,,P1D,,E,,,,,,,,,,,,,,,Technical notes are available at the following link: https://www.ecb.europa.eu/stats/financial_markets_and_interest_rates/euro_area_yield_curves/shared/pdf/technical_notes.pdf,,6,,,AAA yield curve - 10-year spot rate,"Euro area (changing composition) - Government bond, nominal, all issuers whose rating is triple A - Svensson model - continuous compounding - yield error minimisation - Yield curve spot rate, 10-year maturity",PCPA,0
YC.B.U2.EUR.4F.G_N_A.SV_C_YM.SR_10Y,B,U2,EUR,4F,G_N_A,SV_C_YM,SR_10Y,2025-11-13,2.7505385733,A,F,,,P1D,,E,,,,,,,,,,,,,,,Technical notes are available at the following link: https://www.ecb.europa.eu/stats/financial_markets_and_interest_rates/euro_area_yield_curves/shared/pdf/technical_notes.pdf,,6,,,AAA yield curve - 10-year spot rate,"Euro area (changing composition) - Government bond, nominal, all issuers whose rating is triple A - Svensson model - continuous compounding - yield error minimisation - Yield curve spot rate, 10-year maturity",PCPA,0
YC.B.U2.EUR.4F.G_N_A.SV_C_YM.SR_10Y,B,U2,EUR,4F,G_N_A,SV_C_YM,SR_10Y,2025-11-14,2.7811559776,A,F,,,P1D,,E,,,,,,,,,,,,,,,Technical notes are available at the following link: https://www.ecb.europa.eu/stats/financial_markets_and_interest_rates/euro_area_yield_curves/shared/pdf/technical_notes.pdf,,6,,,AAA yield curve - 10-year spot rate,"Euro area (changing composition) - Government bond, nominal, all issuers whose rating is triple A - Svensson model - continuous compounding - yield error minimisation - Yield curve spot rate, 10-year maturity",PCPA,0
YC.B.U2.EUR.4F.G_N_A.SV_C_YM.SR_10Y,B,U2,EUR,4F,G_N_A,SV_C_YM,SR_10Y,2025-11-17,2.7878845539,A,F,,,P1D,,E,,,,,,,,,,,,,,,Technical notes are available at the following link: https://www.ecb.europa.eu/stats/financial_markets_and_interest_rates/euro_area_yield_curves/shared/pdf/technical_notes.pdf,,6,,,AAA yield curve - 10-year spot rate,"Euro area (changing composition) - Government bond, nominal, all issuers whose rating is triple A - Svensson model - continuous compounding - yield error minimisation - Yield curve spot rate, 10-year maturity",PCPA,0
YC.B.U2.EUR.4F.G_N_A.SV_C_YM.SR_10Y,B,U2,EUR,4F,G_N_A,SV_C_YM,SR_10Y,2025-11-18,2.7725989683,A,F,,,P1D,,E,,,,,,,,,,,,,,,Technical notes are available at the following link: https://www.ecb.europa.eu/stats/financial_markets_and_interest_rates/euro_area_yield_curves/shared/pdf/technical_notes.pdf,,6,,,AAA yield curve - 10-year spot rate,"Euro area (changing composition) - Government bond, nominal, all issuers whose rating is triple A - Svensson model - continuous compounding - yield error minimisation - Yield curve spot rate, 10-year maturity",PCPA,0
YC.B.U2.EUR.4F.G_N_A.SV_C_YM.SR_10Y,B,U2,EUR,4F,G_N_A,SV_C_YM,SR_10Y,2025-11-19,2.7852349907,A,F,,,P1D,,E,,,,,,,,,,,,,,,Technical notes are available at the following link: https://www.ecb.europa.eu/stats/financial_markets_and_interest_rates/euro_area_yield_curves/shared/pdf/technical_notes.pdf,,6,,,AAA yield curve - 10-year spot rate,"Euro area (changing composition) - Government bond, nominal, all issuers whose rating is triple A - Svensson model - continuous compounding - yield error minimisation - Yield curve spot rate, 10-year maturity",PCPA,0
YC.B.U2.EUR.4F.G_N_A.SV_C_YM.SR_10Y,B,U2,EUR,4F,G_N_A,SV_C_YM,SR_10Y,2025-11-20,2.8112679169,A,F,,,P1D,,E,,,,,,,,,,,,,,,Technical notes are available at the following link: https://www.ecb.europa.eu/stats/financial_markets_and_interest_rates/euro_area_yield_curves/shared/pdf/technical_notes.pdf,,6,,,AAA yield curve - 10-year spot rate,"Euro area (changing composition) - Government bond, nominal, all issuers whose rating is triple A - Svensson model - continuous compounding - yield error minimisation - Yield curve spot rate, 10-year maturity",PCPA,0
YC.B.U2.EUR.4F.G_N_A.SV_C_YM.SR_10Y,B,U2,EUR,4F,G_N_A,SV_C_YM,SR_10Y,2025-11-21,2.7864568988,A,F,,,P1D,,E,,,,,,,,,,,,,,,Technical notes are available at the following link: https://www.ecb.europa.eu/stats/financial_markets_and_interest_rates/euro_area_yield_curves/shared/pdf/technical_notes.pdf,,6,,,AAA yield curve - 10-year spot rate,"Euro area (changing composition) - Government bond, nominal, all issuers whose rating is triple A - Svensson model - continuous compounding - yield error minimisation - Yield curve spot rate, 10-year maturity",PCPA,0
YC.B.U2.EUR.4F.G_N_A.SV_C_YM.SR_10Y,B,U2,EUR,4F,G_N_A,SV_C_YM,SR_10Y,2025-11-24,2.7871165917,A,F,,,P1D,,E,,,,,,,,,,,,,,,Technical notes are available at the following link: https://www.ecb.europa.eu/stats/financial_markets_and_interest_rates/euro_area_yield_curves/shared/pdf/technical_notes.pdf,,6,,,AAA yield curve - 10-year spot rate,"Euro area (changing composition) - Government bond, nominal, all issuers whose rating is triple A - Svensson model - continuous compounding - yield error minimisation - Yield curve spot rate, 10-year maturity",PCPA,0
YC.B.U2.EUR.4F.G_N_A.SV_C_YM.SR_10Y,B,U2,EUR,4F,G_N_A,SV_C_YM,SR_10Y,2025-11-25,2.7574999568,A,F,,,P1D,,E,,,,,,,,,,,,,,,Technical notes are available at the following link: https://www.ecb.europa.eu/stats/financial_markets_and_interest_rates/euro_area_yield_curves/shared/pdf/technical_notes.pdf,,6,,,AAA yield curve - 10-year spot rate,"Euro area (changing composition) - Government bond, nominal, all issuers whose rating is triple A - Svensson model - continuous compounding - yield error minimisation - Yield curve spot rate, 10-year maturity",PCPA,0
YC.B.U2.EUR.4F.G_N_A.SV_C_YM.SR_10Y,B,U2,EUR,4F,G_N_A,SV_C_YM,SR_10Y,2025-11-26,2.7670151833,A,F,,,P1D,,E,,,,,,,,,,,,,,,Technical notes are available at the following link: https://www.ecb.europa.eu/stats/financial_markets_and_interest_rates/euro_area_yield_curves/shared/pdf/technical_notes.pdf,,6,,,AAA yield curve - 10-year spot rate,"Euro area (changing composition) - Government bond, nominal, all issuers whose rating is triple A - Svensson model - continuous compounding - yield error minimisation - Yield curve spot rate, 10-year maturity",PCPA,0
YC.B.U2.EUR.4F.G_N_A.SV_C_YM.SR_10Y,B,U2,EUR,4F,G_N_A,SV_C_YM,SR_10Y,2025-11-27,2.7643499565,A,F,,,P1D,,E,,,,,,,,,,,,,,,Technical notes are available at the following link: https://www.ecb.europa.eu/stats/financial_markets_and_interest_rates/euro_area_yield_curves/shared/pdf/technical_notes.pdf,,6,,,AAA yield curve - 10-year spot rate,"Euro area (changing composition) - Government bond, nominal, all issuers whose rating is triple A - Svensson model - continuous compounding - yield error minimisation - Yield curve spot rate, 10-year maturity",PCPA,0
YC.B.U2.EUR.4F.G_N_A.SV_C_YM.SR_10Y,B,U2,EUR,4F,G_N_A,SV_C_YM,SR_10Y,2025-11-28,2.7737857403,A,F,,,P1D,,E,,,,,,,,,,,,,,,Technical notes are available at the following link: https://www.ecb.europa.eu/stats/financial_markets_and_interest_rates/euro_area_yield_curves/shared/pdf/technical_notes.pdf,,6,,,AAA yield curve - 10-year spot rate,"Euro area (changing composition) - Government bond, nominal, all issuers whose rating is triple A - Svensson model - continuous compounding - yield error minimisation - Yield curve spot rate, 10-year maturity",PCPA,0
YC.B.U2.EUR.4F.G_N_A.SV_C_YM.SR_10Y,B,U2,EUR,4F,G_N_A,SV_C_YM,SR_10Y,2025-12-01,2.8399621085,A,F,,,P1D,,E,,,,,,,,,,,,,,,Technical notes are available at the following link: https://www.ecb.europa.eu/stats/financial_markets_and_interest_rates/euro_area_yield_curves/shared/pdf/technical_notes.pdf,,6,,,AAA yield curve - 10-year spot rate,"Euro area (changing composition) - Government bond, nominal, all issuers whose rating is triple A - Svensson model - continuous compounding - yield error minimisation - Yield curve spot rate, 10-year maturity",PCPA,0
YC.B.U2.EUR.4F.G_N_A.SV_C_YM.SR_10Y,B,U2,EUR,4F,G_N_A,SV_C_YM,SR_10Y,2025-12-02,2.8412252222,A,F,,,P1D,,E,,,,,,,,,,,,,,,Technical notes are available at the following link: https://www.ecb.europa.eu/stats/financial_markets_and_interest_rates/euro_area_yield_curves/shared/pdf/technical_notes.pdf,,6,,,AAA yield curve - 10-year spot rate,"Euro area (changing composition) - Government bond, nominal, all issuers whose rating is triple A - Svensson model - continuous compounding - yield error minimisation - Yield curve spot rate, 10-year maturity",PCPA,0
YC.B.U2.EUR.4F.G_N_A.SV_C_YM.SR_10Y,B,U2,EUR,4F,G_N_A,SV_C_YM,SR_10Y,2025-12-03,2.8267627658,A,F,,,P1D,,E,,,,,,,,,,,,,,,Technical notes are available at the following link: https://www.ecb.europa.eu/stats/financial_markets_and_interest_rates/euro_area_yield_curves/shared/pdf/technical_notes.pdf,,6,,,AAA yield curve - 10-year spot rate,"Euro area (changing composition) - Government bond, nominal, all issuers whose rating is triple A - Svensson model - continuous compounding - yield error minimisation - Yield curve spot rate, 10-year maturity",PCPA,0
YC.B.U2.EUR.4F.G_N_A.SV_C_YM.SR_10Y,B,U2,EUR,4F,G_N_A,SV_C_YM,SR_10Y,2025-12-04,2.8490120473,A,F,,,P1D,,E,,,,,,,,,,,,,,,Technical notes are available at the following link: https://www.ecb.europa.eu/stats/financial_markets_and_interest_rates/euro_area_yield_curves/shared/pdf/technical_notes.pdf,,6,,,AAA yield curve - 10-year spot rate,"Euro area (changing composition) - Government bond, nominal, all issuers whose rating is triple A - Svensson model - continuous compounding - yield error minimisation - Yield curve spot rate, 10-year maturity",PCPA,0
YC.B.U2.EUR.4F.G_N_A.SV_C_YM.SR_10Y,B,U2,EUR,4F,G_N_A,SV_C_YM,SR_10Y,2025-12-05,2.8720493811,A,F,,,P1D,,E,,,,,,,,,,,,,,,Technical notes are available at the following link: https://www.ecb.europa.eu/stats/financial_markets_and_interest_rates/euro_area_yield_curves/shared/pdf/technical_notes.pdf,,6,,,AAA yield curve - 10-year spot rate,"Euro area (changing composition) - Government bond, nominal, all issuers whose rating is triple A - Svensson model - continuous compounding - yield error minimisation - Yield curve spot rate, 10-year maturity",PCPA,0
YC.B.U2.EUR.4F.G_N_A.SV_C_YM.SR_10Y,B,U2,EUR,4F,G_N_A,SV_C_YM,SR_10Y,2025-12-08,2.9378263285,A,F,,,P1D,,E,,,,,,,,,,,,,,,Technical notes are available at the following link: https://www.ecb.europa.eu/stats/financial_markets_and_interest_rates/euro_area_yield_curves/shared/pdf/technical_notes.pdf,,6,,,AAA yield curve - 10-year spot rate,"Euro area (changing composition) - Government bond, nominal, all issuers whose rating is triple A - Svensson model - continuous compounding - yield error minimisation - Yield curve spot rate, 10-year maturity",PCPA,0
YC.B.U2.EUR.4F.G_N_A.SV_C_YM.SR_10Y,B,U2,EUR,4F,G_N_A,SV_C_YM,SR_10Y,2025-12-09,2.9324125063,A,F,,,P1D,,E,,,,,,,,,,,,,,,Technical notes are available at the following link: https://www.ecb.europa.eu/stats/financial_markets_and_interest_rates/euro_area_yield_curves/shared/pdf/technical_notes.pdf,,6,,,AAA yield curve - 10-year spot rate,"Euro area (changing composition) - Government bond, nominal, all issuers whose rating is triple A - Svensson model - continuous compounding - yield error minimisation - Yield curve spot rate, 10-year maturity",PCPA,0
YC.B.U2.EUR.4F.G_N_A.SV_C_YM.SR_10Y,B,U2,EUR,4F,G_N_A,SV_C_YM,SR_10Y,2025-12-10,2.94656011,A,F,,,P1D,,E,,,,,,,,,,,,,,,Technical notes are available at the following link: https://www.ecb.europa.eu/stats/financial_markets_and_interest_rates/euro_area_yield_curves/shared/pdf/technical_notes.pdf,,6,,,AAA yield curve - 10-year spot rate,"Euro area (changing composition) - Government bond, nominal, all issuers whose rating is triple A - Svensson model - continuous compounding - yield error minimisation - Yield curve spot rate, 10-year maturity",PCPA,0
YC.B.U2.EUR.4F.G_N_A.SV_C_YM.SR_10Y,B,U2,EUR,4F,G_N_A,SV_C_YM,SR_10Y,2025-12-11,2.9270988489,A,F,,,P1D,,E,,,,,,,,,,,,,,,Technical notes are available at the following link: https://www.ecb.europa.eu/stats/financial_markets_and_interest_rates/euro_area_yield_curves/shared/pdf/technical_notes.pdf,,6,,,AAA yield curve - 10-year spot rate,"Euro area (changing composition) - Government bond, nominal, all issuers whose rating is triple A - Svensson model - continuous compounding - yield error minimisation - Yield curve spot rate, 10-year maturity",PCPA,0
YC.B.U2.EUR.4F.G_N_A.SV_C_YM.SR_10Y,B,U2,EUR,4F,G_N_A,SV_C_YM,SR_10Y,2025-12-12,2.9548449211,A,F,,,P1D,,E,,,,,,,,,,,,,,,Technical notes are available at the following link: https://www.ecb.europa.eu/stats/financial_markets_and_interest_rates/euro_area_yield_curves/shared/pdf/technical_notes.pdf,,6,,,AAA yield curve - 10-year spot rate,"Euro area (changing composition) - Government bond, nominal, all issuers whose rating is triple A - Svensson model - continuous compounding - yield error minimisation - Yield curve spot rate, 10-year maturity",PCPA,0
YC.B.U2.EUR.4F.G_N_A.SV_C_YM.SR_10Y,B,U2,EUR,4F,G_N_A,SV_C_YM,SR_10Y,2025-12-15,2.9237923869,A,F,,,P1D,,E,,,,,,,,,,,,,,,Technical notes are available at the following link: https://www.ecb.europa.eu/stats/financial_markets_and_interest_rates/euro_area_yield_curves/shared/pdf/technical_notes.pdf,,6,,,AAA yield curve - 10-year spot rate,"Euro area (changing composition) - Government bond, nominal, all issuers whose rating is triple A - Svensson model - continuous compounding - yield error minimisation - Yield curve spot rate, 10-year maturity",PCPA,0
YC.B.U2.EUR.4F.G_N_A.SV_C_YM.SR_10Y,B,U2,EUR,4F,G_N_A,SV_C_YM,SR_10Y,2025-12-16,2.9447529455,A,F,,,P1D,,E,,,,,,,,,,,,,,,Technical notes are available at the following link: https://www.ecb.europa.eu/stats/financial_markets_and_interest_rates/euro_area_yield_curves/shared/pdf/technical_notes.pdf,,6,,,AAA yield curve - 10-year spot rate,"Euro area (changing composition) - Government bond, nominal, all issuers whose rating is triple A - Svensson model - continuous compounding - yield error minimisation - Yield curve spot rate, 10-year maturity",PCPA,0
YC.B.U2.EUR.4F.G_N_A.SV_C_YM.SR_10Y,B,U2,EUR,4F,G_N_A,SV_C_YM,SR_10Y,2025-12-17,2.9461023067,A,F,,,P1D,,E,,,,,,,,,,,,,,,Technical notes are available at the following link: https://www.ecb.europa.eu/stats/financial_markets_and_interest_rates/euro_area_yield_curves/shared/pdf/technical_notes.pdf,,6,,,AAA yield curve - 10-year spot rate,"Euro area (changing composition) - Government bond, nominal, all issuers whose rating is triple A - Svensson model - continuous compounding - yield error minimisation - Yield curve spot rate, 10-year maturity",PCPA,0
YC.B.U2.EUR.4F.G_N_A.SV_C_YM.SR_10Y,B,U2,EUR,4F,G_N_A,SV_C_YM,SR_10Y,2025-12-18,2.9489911753,A,F,,,P1D,,E,,,,,,,,,,,,,,,Technical notes are available at the following link: https://www.ecb.europa.eu/stats/financial_markets_and_interest_rates/euro_area_yield_curves/shared/pdf/technical_notes.pdf,,6,,,AAA yield curve - 10-year spot rate,"Euro area (changing composition) - Government bond, nominal, all issuers whose rating is triple A - Svensson model - continuous compounding - yield error minimisation - Yield curve spot rate, 10-year maturity",PCPA,0
YC.B.U2.EUR.4F.G_N_A.SV_C_YM.SR_10Y,B,U2,EUR,4F,G_N_A,SV_C_YM,SR_10Y,2025-12-19,2.980259757,A,F,,,P1D,,E,,,,,,,,,,,,,,,Technical notes are available at the following link: https://www.ecb.europa.eu/stats/financial_markets_and_interest_rates/euro_area_yield_curves/shared/pdf/technical_notes.pdf,,6,,,AAA yield curve - 10-year spot rate,"Euro area (changing composition) - Government bond, nominal, all issuers whose rating is triple A - Svensson model - continuous compounding - yield error minimisation - Yield curve spot rate, 10-year maturity",PCPA,0
YC.B.U2.EUR.4F.G_N_A.SV_C_YM.SR_10Y,B,U2,EUR,4F,G_N_A,SV_C_YM,SR_10Y,2025-12-22,2.9967111658,A,F,,,P1D,,E,,,,,,,,,,,,,,,Technical notes are available at the following link: https://www.ecb.europa.eu/stats/financial_markets_and_interest_rates/euro_area_yield_curves/shared/pdf/technical_notes.pdf,,6,,,AAA yield curve - 10-year spot rate,"Euro area (changing composition) - Government bond, nominal, all issuers whose rating is triple A - Svensson model - continuous compounding - yield error minimisation - Yield curve spot rate, 10-year maturity",PCPA,0
YC.B.U2.EUR.4F.G_N_A.SV_C_YM.SR_10Y,B,U2,EUR,4F,G_N_A,SV_C_YM,SR_10Y,2025-12-23,2.9609899591,A,F,,,P1D,,E,,,,,,,,,,,,,,,Technical notes are available at the following link: https://www.ecb.europa.eu/stats/financial_markets_and_interest_rates/euro_area_yield_curves/shared/pdf/technical_notes.pdf,,6,,,AAA yield curve - 10-year spot rate,"Euro area (changing composition) - Government bond, nominal, all issuers whose rating is triple A - Svensson model - continuous compounding - yield error minimisation - Yield curve spot rate, 10-year maturity",PCPA,0
YC.B.U2.EUR.4F.G_N_A.SV_C_YM.SR_10Y,B,U2,EUR,4F,G_N_A,SV_C_YM,SR_10Y,2025-12-24,2.9640520365,A,F,,,P1D,,E,,,,,,,,,,,,,,,Technical notes are available at the following link: https://www.ecb.europa.eu/stats/financial_markets_and_interest_rates/euro_area_yield_curves/shared/pdf/technical_notes.pdf,,6,,,AAA yield curve - 10-year spot rate,"Euro area (changing composition) - Government bond, nominal, all issuers whose rating is triple A - Svensson model - continuous compounding - yield error minimisation - Yield curve spot rate, 10-year maturity",PCPA,0
YC.B.U2.EUR.4F.G_N_A.SV_C_YM.SR_10Y,B,U2,EUR,4F,G_N_A,SV_C_YM,SR_10Y,2025-12-29,2.9225407917,A,F,,,P1D,,E,,,,,,,,,,,,,,,Technical notes are available at the following link: https://www.ecb.europa.eu/stats/financial_markets_and_interest_rates/euro_area_yield_curves/shared/pdf/technical_notes.pdf,,6,,,AAA yield curve - 10-year spot rate,"Euro area (changing composition) - Government bond, nominal, all issuers whose rating is triple A - Svensson model - continuous compounding - yield error minimisation - Yield curve spot rate, 10-year maturity",PCPA,0
YC.B.U2.EUR.4F.G_N_A.SV_C_YM.SR_10Y,B,U2,EUR,4F,G_N_A,SV_C_YM,SR_10Y,2025-12-30,2.9493411108,A,F,,,P1D,,E,,,,,,,,,,,,,,,Technical notes are available at the following link: https://www.ecb.europa.eu/stats/financial_markets_and_interest_rates/euro_area_yield_curves/shared/pdf/technical_notes.pdf,,6,,,AAA yield curve - 10-year spot rate,"Euro area (changing composition) - Government bond, nominal, all issuers whose rating is triple A - Svensson model - continuous compounding - yield error minimisation - Yield curve spot rate, 10-year maturity",PCPA,0
YC.B.U2.EUR.4F.G_N_A.SV_C_YM.SR_10Y,B,U2,EUR,4F,G_N_A,SV_C_YM,SR_10Y,2025-12-31,2.9480486243,A,F,,,P1D,,E,,,,,,,,,,,,,,,Technical notes are available at the following link: https://www.ecb.europa.eu/stats/financial_markets_and_interest_rates/euro_area_yield_curves/shared/pdf/technical_notes.pdf,,6,,,AAA yield curve - 10-year spot rate,"Euro area (changing composition) - Government bond, nominal, all issuers whose rating is triple A - Svensson model - continuous compounding - yield error minimisation - Yield curve spot rate, 10-year maturity",PCPA,0
YC.B.U2.EUR.4F.G_N_A.SV_C_YM.SR_10Y,B,U2,EUR,4F,G_N_A,SV_C_YM,SR_10Y,2026-01-02,2.9750419729,A,F,,,P1D,,E,,,,,,,,,,,,,,,Technical notes are available at the following link: https://www.ecb.europa.eu/stats/financial_markets_and_interest_rates/euro_area_yield_curves/shared/pdf/technical_notes.pdf,,6,,,AAA yield curve - 10-year spot rate,"Euro area (changing composition) - Government bond, nominal, all issuers whose rating is triple A - Svensson model - continuous compounding - yield error minimisation - Yield curve spot rate, 10-year maturity",PCPA,0
YC.B.U2.EUR.4F.G_N_A.SV_C_YM.SR_10Y,B,U2,EUR,4F,G_N_A,SV_C_YM,SR_10Y,2026-01-05,2.9626767444,A,F,,,P1D,,E,,,,,,,,,,,,,,,Technical notes are available at the following link: https://www.ecb.europa.eu/stats/financial_markets_and_interest_rates/euro_area_yield_curves/shared/pdf/technical_notes.pdf,,6,,,AAA yield curve - 10-year spot rate,"Euro area (changing composition) - Government bond, nominal, all issuers whose rating is triple A - Svensson model - continuous compounding - yield error minimisation - Yield curve spot rate, 10-year maturity",PCPA,0
YC.B.U2.EUR.4F.G_N_A.SV_C_YM.SR_10Y,B,U2,EUR,4F,G_N_A,SV_C_YM,SR_10Y,2026-01-06,2.9239136196,A,F,,,P1D,,E,,,,,,,,,,,,,,,Technical notes are available at the following link: https://www.ecb.europa.eu/stats/financial_markets_and_interest_rates/euro_area_yield_curves/shared/pdf/technical_notes.pdf,,6,,,AAA yield curve - 10-year spot rate,"Euro area (changing composition) - Government bond, nominal, all issuers whose rating is triple A - Svensson model - continuous compounding - yield error minimisation - Yield curve spot rate, 10-year maturity",PCPA,0
YC.B.U2.EUR.4F.G_N_A.SV_C_YM.SR_10Y,B,U2,EUR,4F,G_N_A,SV_C_YM,SR_10Y,2026-01-07,2.9023957433,A,F,,,P1D,,E,,,,,,,,,,,,,,,Technical notes are available at the following link: https://www.ecb.europa.eu/stats/financial_markets_and_interest_rates/euro_area_yield_curves/shared/pdf/technical_notes.pdf,,6,,,AAA yield curve - 10-year spot rate,"Euro area (changing composition) - Government bond, nominal, all issuers whose rating is triple A - Svensson model - continuous compounding - yield error minimisation - Yield curve spot rate, 10-year maturity",PCPA,0
YC.B.U2.EUR.4F.G_N_A.SV_C_YM.SR_10Y,B,U2,EUR,4F,G_N_A,SV_C_YM,SR_10Y,2026-01-08,2.9216454161,A,F,,,P1D,,E,,,,,,,,,,,,,,,Technical notes are available at the following link: https://www.ecb.europa.eu/stats/financial_markets_and_interest_rates/euro_area_yield_curves/shared/pdf/technical_notes.pdf,,6,,,AAA yield curve - 10-year spot rate,"Euro area (changing composition) - Government bond, nominal, all issuers whose rating is triple A - Svensson model - continuous compounding - yield error minimisation - Yield curve spot rate, 10-year maturity",PCPA,0
YC.B.U2.EUR.4F.G_N_A.SV_C_YM.SR_10Y,B,U2,EUR,4F,G_N_A,SV_C_YM,SR_10Y,2026-01-09,2.9259088946,A,F,,,P1D,,E,,,,,,,,,,,,,,,Technical notes are available at the following link: https://www.ecb.europa.eu/stats/financial_markets_and_interest_rates/euro_area_yield_curves/shared/pdf/technical_notes.pdf,,6,,,AAA yield curve - 10-year spot rate,"Euro area (changing composition) - Government bond, nominal, all issuers whose rating is triple A - Svensson model - continuous compounding - yield error minimisation - Yield curve spot rate, 10-year maturity",PCPA,0
YC.B.U2.EUR.4F.G_N_A.SV_C_YM.SR_10Y,B,U2,EUR,4F,G_N_A,SV_C_YM,SR_10Y,2026-01-12,2.8928281343,A,F,,,P1D,,E,,,,,,,,,,,,,,,Technical notes are available at the following link: https://www.ecb.europa.eu/stats/financial_markets_and_interest_rates/euro_area_yield_curves/shared/pdf/technical_notes.pdf,,6,,,AAA yield curve - 10-year spot rate,"Euro area (changing composition) - Government bond, nominal, all issuers whose rating is triple A - Svensson model - continuous compounding - yield error minimisation - Yield curve spot rate, 10-year maturity",PCPA,0
YC.B.U2.EUR.4F.G_N_A.SV_C_YM.SR_10Y,B,U2,EUR,4F,G_N_A,SV_C_YM,SR_10Y,2026-01-13,2.907038648,A,F,,,P1D,,E,,,,,,,,,,,,,,,Technical notes are available at the following link: https://www.ecb.europa.eu/stats/financial_markets_and_interest_rates/euro_area_yield_curves/shared/pdf/technical_notes.pdf,,6,,,AAA yield curve - 10-year spot rate,"Euro area (changing composition) - Government bond, nominal, all issuers whose rating is triple A - Svensson model - continuous compounding - yield error minimisation - Yield curve spot rate, 10-year maturity",PCPA,0
YC.B.U2.EUR.4F.G_N_A.SV_C_YM.SR_10Y,B,U2,EUR,4F,G_N_A,SV_C_YM,SR_10Y,2026-01-14,2.8813663514,A,F,,,P1D,,E,,,,,,,,,,,,,,,Technical notes are available at the following link: https://www.ecb.europa.eu/stats/financial_markets_and_interest_rates/euro_area_yield_curves/shared/pdf/technical_notes.pdf,,6,,,AAA yield curve - 10-year spot rate,"Euro area (changing composition) - Government bond, nominal, all issuers whose rating is triple A - Svensson model - continuous compounding - yield error minimisation - Yield curve spot rate, 10-year maturity",PCPA,0
YC.B.U2.EUR.4F.G_N_A.SV_C_YM.SR_10Y,B,U2,EUR,4F,G_N_A,SV_C_YM,SR_10Y,2026-01-15,2.868695539,A,F,,,P1D,,E,,,,,,,,,,,,,,,Technical notes are available at the following link: https://www.ecb.europa.eu/stats/financial_markets_and_interest_rates/euro_area_yield_curves/shared/pdf/technical_notes.pdf,,6,,,AAA yield curve - 10-year spot rate,"Euro area (changing composition) - Government bond, nominal, all issuers whose rating is triple A - Svensson model - continuous compounding - yield error minimisation - Yield curve spot rate, 10-year maturity",PCPA,0
YC.B.U2.EUR.4F.G_N_A.SV_C_YM.SR_10Y,B,U2,EUR,4F,G_N_A,SV_C_YM,SR_10Y,2026-01-16,2.8938204257,A,F,,,P1D,,E,,,,,,,,,,,,,,,Technical notes are available at the following link: https://www.ecb.europa.eu/stats/financial_markets_and_interest_rates/euro_area_yield_curves/shared/pdf/technical_notes.pdf,,6,,,AAA yield curve - 10-year spot rate,"Euro area (changing composition) - Government bond, nominal, all issuers whose rating is triple A - Svensson model - continuous compounding - yield error minimisation - Yield curve spot rate, 10-year maturity",PCPA,0
YC.B.U2.EUR.4F.G_N_A.SV_C_YM.SR_10Y,B,U2,EUR,4F,G_N_A,SV_C_YM,SR_10Y,2026-01-19,2.8903171094,A,F,,,P1D,,E,,,,,,,,,,,,,,,Technical notes are available at the following link: https://www.ecb.europa.eu/stats/financial_markets_and_interest_rates/euro_area_yield_curves/shared/pdf/technical_notes.pdf,,6,,,AAA yield curve - 10-year spot rate,"Euro area (changing composition) - Government bond, nominal, all issuers whose rating is triple A - Svensson model - continuous compounding - yield error minimisation - Yield curve spot rate, 10-year maturity",PCPA,0
YC.B.U2.EUR.4F.G_N_A.SV_C_YM.SR_10Y,B,U2,EUR,4F,G_N_A,SV_C_YM,SR_10Y,2026-01-20,2.9277343601,A,F,,,P1D,,E,,,,,,,,,,,,,,,Technical notes are available at the following link: https://www.ecb.europa.eu/stats/financial_markets_and_interest_rates/euro_area_yield_curves/shared/pdf/technical_notes.pdf,,6,,,AAA yield curve - 10-year spot rate,"Euro area (changing composition) - Government bond, nominal, all issuers whose rating is triple A - Svensson model - continuous compounding - yield error minimisation - Yield curve spot rate, 10-year maturity",PCPA,0
YC.B.U2.EUR.4F.G_N_A.SV_C_YM.SR_10Y,B,U2,EUR,4F,G_N_A,SV_C_YM,SR_10Y,2026-01-21,2.9330039598,A,F,,,P1D,,E,,,,,,,,,,,,,,,Technical notes are available at the following link: https://www.ecb.europa.eu/stats/financial_markets_and_interest_rates/euro_area_yield_curves/shared/pdf/technical_notes.pdf,,6,,,AAA yield curve - 10-year spot rate,"Euro area (changing composition) - Government bond, nominal, all issuers whose rating is triple A - Svensson model - continuous compounding - yield error minimisation - Yield curve spot rate, 10-year maturity",PCPA,0
YC.B.U2.EUR.4F.G_N_A.SV_C_YM.SR_10Y,B,U2,EUR,4F,G_N_A,SV_C_YM,SR_10Y,2026-01-22,2.9368513542,A,F,,,P1D,,E,,,,,,,,,,,,,,,Technical notes are available at the following link: https://www.ecb.europa.eu/stats/financial_markets_and_interest_rates/euro_area_yield_curves/shared/pdf/technical_notes.pdf,,6,,,AAA yield curve - 10-year spot rate,"Euro area (changing composition) - Government bond, nominal, all issuers whose rating is triple A - Svensson model - continuous compounding - yield error minimisation - Yield curve spot rate, 10-year maturity",PCPA,0
YC.B.U2.EUR.4F.G_N_A.SV_C_YM.SR_10Y,B,U2,EUR,4F,G_N_A,SV_C_YM,SR_10Y,2026-01-23,2.9477958486,A,F,,,P1D,,E,,,,,,,,,,,,,,,Technical notes are available at the following link: https://www.ecb.europa.eu/stats/financial_markets_and_interest_rates/euro_area_yield_curves/shared/pdf/technical_notes.pdf,,6,,,AAA yield curve - 10-year spot rate,"Euro area (changing composition) - Government bond, nominal, all issuers whose rating is triple A - Svensson model - continuous compounding - yield error minimisation - Yield curve spot rate, 10-year maturity",PCPA,0
YC.B.U2.EUR.4F.G_N_A.SV_C_YM.SR_10Y,B,U2,EUR,4F,G_N_A,SV_C_YM,SR_10Y,2026-01-26,2.9173578501,A,F,,,P1D,,E,,,,,,,,,,,,,,,Technical notes are available at the following link: https://www.ecb.europa.eu/stats/financial_markets_and_interest_rates/euro_area_yield_curves/shared/pdf/technical_notes.pdf,,6,,,AAA yield curve - 10-year spot rate,"Euro area (changing composition) - Government bond, nominal, all issuers whose rating is triple A - Svensson model - continuous compounding - yield error minimisation - Yield curve spot rate, 10-year maturity",PCPA,0
YC.B.U2.EUR.4F.G_N_A.SV_C_YM.SR_10Y,B,U2,EUR,4F,G_N_A,SV_C_YM,SR_10Y,2026-01-27,2.9211803737,A,F,,,P1D,,E,,,,,,,,,,,,,,,Technical notes are available at the following link: https://www.ecb.europa.eu/stats/financial_markets_and_interest_rates/euro_area_yield_curves/shared/pdf/technical_notes.pdf,,6,,,AAA yield curve - 10-year spot rate,"Euro area (changing composition) - Government bond, nominal, all issuers whose rating is triple A - Svensson model - continuous compounding - yield error minimisation - Yield curve spot rate, 10-year maturity",PCPA,0
YC.B.U2.EUR.4F.G_N_A.SV_C_YM.SR_10Y,B,U2,EUR,4F,G_N_A,SV_C_YM,SR_10Y,2026-01-28,2.9118536858,A,F,,,P1D,,E,,,,,,,,,,,,,,,Technical notes are available at the following link: https://www.ecb.europa.eu/stats/financial_markets_and_interest_rates/euro_area_yield_curves/shared/pdf/technical_notes.pdf,,6,,,AAA yield curve - 10-year spot rate,"Euro area (changing composition) - Government bond, nominal, all issuers whose rating is triple A - Svensson model - continuous compounding - yield error minimisation - Yield curve spot rate, 10-year maturity",PCPA,0
YC.B.U2.EUR.4F.G_N_A.SV_C_YM.SR_10Y,B,U2,EUR,4F,G_N_A,SV_C_YM,SR_10Y,2026-01-29,2.8916757502,A,F,,,P1D,,E,,,,,,,,,,,,,,,Technical notes are available at the following link: https://www.ecb.europa.eu/stats/financial_markets_and_interest_rates/euro_area_yield_curves/shared/pdf/technical_notes.pdf,,6,,,AAA yield curve - 10-year spot rate,"Euro area (changing composition) - Government bond, nominal, all issuers whose rating is triple A - Svensson model - continuous compounding - yield error minimisation - Yield curve spot rate, 10-year maturity",PCPA,0
YC.B.U2.EUR.4F.G_N_A.SV_C_YM.SR_10Y,B,U2,EUR,4F,G_N_A,SV_C_YM,SR_10Y,2026-01-30,2.9033834533,A,F,,,P1D,,E,,,,,,,,,,,,,,,Technical notes are available at the following link: https://www.ecb.europa.eu/stats/financial_markets_and_interest_rates/euro_area_yield_curves/shared/pdf/technical_notes.pdf,,6,,,AAA yield curve - 10-year spot rate,"Euro area (changing composition) - Government bond, nominal, all issuers whose rating is triple A - Svensson model - continuous compounding - yield error minimisation - Yield curve spot rate, 10-year maturity",PCPA,0
YC.B.U2.EUR.4F.G_N_A.SV_C_YM.SR_10Y,B,U2,EUR,4F,G_N_A,SV_C_YM,SR_10Y,2026-02-02,2.9151073179,A,F,,,P1D,,E,,,,,,,,,,,,,,,Technical notes are available at the following link: https://www.ecb.europa.eu/stats/financial_markets_and_interest_rates/euro_area_yield_curves/shared/pdf/technical_notes.pdf,,6,,,AAA yield curve - 10-year spot rate,"Euro area (changing composition) - Government bond, nominal, all issuers whose rating is triple A - Svensson model - continuous compounding - yield error minimisation - Yield curve spot rate, 10-year maturity",PCPA,0
YC.B.U2.EUR.4F.G_N_A.SV_C_YM.SR_10Y,B,U2,EUR,4F,G_N_A,SV_C_YM,SR_10Y,2026-02-03,2.9470973297,A,F,,,P1D,,E,,,,,,,,,,,,,,,Technical notes are available at the following link: https://www.ecb.europa.eu/stats/financial_markets_and_interest_rates/euro_area_yield_curves/shared/pdf/technical_notes.pdf,,6,,,AAA yield curve - 10-year spot rate,"Euro area (changing composition) - Government bond, nominal, all issuers whose rating is triple A - Svensson model - continuous compounding - yield error minimisation - Yield curve spot rate, 10-year maturity",PCPA,0
YC.B.U2.EUR.4F.G_N_A.SV_C_YM.SR_10Y,B,U2,EUR,4F,G_N_A,SV_C_YM,SR_10Y,2026-02-04,2.9291206827,A,F,,,P1D,,E,,,,,,,,,,,,,,,Technical notes are available at the following link: https://www.ecb.europa.eu/stats/financial_markets_and_interest_rates/euro_area_yield_curves/shared/pdf/technical_notes.pdf,,6,,,AAA yield curve - 10-year spot rate,"Euro area (changing composition) - Government bond, nominal, all issuers whose rating is triple A - Svensson model - continuous compounding - yield error minimisation - Yield curve spot rate, 10-year maturity",PCPA,0
YC.B.U2.EUR.4F.G_N_A.SV_C_YM.SR_10Y,B,U2,EUR,4F,G_N_A,SV_C_YM,SR_10Y,2026-02-05,2.9225426497,A,F,,,P1D,,E,,,,,,,,,,,,,,,Technical notes are available at the following link: https://www.ecb.europa.eu/stats/financial_markets_and_interest_rates/euro_area_yield_curves/shared/pdf/technical_notes.pdf,,6,,,AAA yield curve - 10-year spot rate,"Euro area (changing composition) - Government bond, nominal, all issuers whose rating is triple A - Svensson model - continuous compounding - yield error minimisation - Yield curve spot rate, 10-year maturity",PCPA,0
YC.B.U2.EUR.4F.G_N_A.SV_C_YM.SR_10Y,B,U2,EUR,4F,G_N_A,SV_C_YM,SR_10Y,2026-02-06,2.9031589073,A,F,,,P1D,,E,,,,,,,,,,,,,,,Technical notes are available at the following link: https://www.ecb.europa.eu/stats/financial_markets_and_interest_rates/euro_area_yield_curves/shared/pdf/technical_notes.pdf,,6,,,AAA yield curve - 10-year spot rate,"Euro area (changing composition) - Government bond, nominal, all issuers whose rating is triple A - Svensson model - continuous compounding - yield error minimisation - Yield curve spot rate, 10-year maturity",PCPA,0
YC.B.U2.EUR.4F.G_N_A.SV_C_YM.SR_10Y,B,U2,EUR,4F,G_N_A,SV_C_YM,SR_10Y,2026-02-09,2.9046958203,A,F,,,P1D,,E,,,,,,,,,,,,,,,Technical notes are available at the following link: https://www.ecb.europa.eu/stats/financial_markets_and_interest_rates/euro_area_yield_curves/shared/pdf/technical_notes.pdf,,6,,,AAA yield curve - 10-year spot rate,"Euro area (changing composition) - Government bond, nominal, all issuers whose rating is triple A - Svensson model - continuous compounding - yield error minimisation - Yield curve spot rate, 10-year maturity",PCPA,0
YC.B.U2.EUR.4F.G_N_A.SV_C_YM.SR_10Y,B,U2,EUR,4F,G_N_A,SV_C_YM,SR_10Y,2026-02-10,2.8672634105,A,F,,,P1D,,E,,,,,,,,,,,,,,,Technical notes are available at the following link: https://www.ecb.europa.eu/stats/financial_markets_and_interest_rates/euro_area_yield_curves/shared/pdf/technical_notes.pdf,,6,,,AAA yield curve - 10-year spot rate,"Euro area (changing composition) - Government bond, nominal, all issuers whose rating is triple A - Svensson model - continuous compounding - yield error minimisation - Yield curve spot rate, 10-year maturity",PCPA,0
YC.B.U2.EUR.4F.G_N_A.SV_C_YM.SR_10Y,B,U2,EUR,4F,G_N_A,SV_C_YM,SR_10Y,2026-02-11,2.8678284988,A,F,,,P1D,,E,,,,,,,,,,,,,,,Technical notes are available at the following link: https://www.ecb.europa.eu/stats/financial_markets_and_interest_rates/euro_area_yield_curves/shared/pdf/technical_notes.pdf,,6,,,AAA yield curve - 10-year spot rate,"Euro area (changing composition) - Government bond, nominal, all issuers whose rating is triple A - Svensson model - continuous compounding - yield error minimisation - Yield curve spot rate, 10-year maturity",PCPA,0
YC.B.U2.EUR.4F.G_N_A.SV_C_YM.SR_10Y,B,U2,EUR,4F,G_N_A,SV_C_YM,SR_10Y,2026-02-12,2.8433381897,A,F,,,P1D,,E,,,,,,,,,,,,,,,Technical notes are available at the following link: https://www.ecb.europa.eu/stats/financial_markets_and_interest_rates/euro_area_yield_curves/shared/pdf/technical_notes.pdf,,6,,,AAA yield curve - 10-year spot rate,"Euro area (changing composition) - Government bond, nominal, all issuers whose rating is triple A - Svensson model - continuous compounding - yield error minimisation - Yield curve spot rate, 10-year maturity",PCPA,0
YC.B.U2.EUR.4F.G_N_A.SV_C_YM.SR_10Y,B,U2,EUR,4F,G_N_A,SV_C_YM,SR_10Y,2026-02-13,2.8073208074,A,F,,,P1D,,E,,,,,,,,,,,,,,,Technical notes are available at the following link: https://www.ecb.europa.eu/stats/financial_markets_and_interest_rates/euro_area_yield_curves/shared/pdf/technical_notes.pdf,,6,,,AAA yield curve - 10-year spot rate,"Euro area (changing composition) - Government bond, nominal, all issuers whose rating is triple A - Svensson model - continuous compounding - yield error minimisation - Yield curve spot rate, 10-year maturity",PCPA,0
YC.B.U2.EUR.4F.G_N_A.SV_C_YM.SR_10Y,B,U2,EUR,4F,G_N_A,SV_C_YM,SR_10Y,2026-02-16,2.8127518027,A,F,,,P1D,,E,,,,,,,,,,,,,,,Technical notes are available at the following link: https://www.ecb.europa.eu/stats/financial_markets_and_interest_rates/euro_area_yield_curves/shared/pdf/technical_notes.pdf,,6,,,AAA yield curve - 10-year spot rate,"Euro area (changing composition) - Government bond, nominal, all issuers whose rating is triple A - Svensson model - continuous compounding - yield error minimisation - Yield curve spot rate, 10-year maturity",PCPA,0
YC.B.U2.EUR.4F.G_N_A.SV_C_YM.SR_10Y,B,U2,EUR,4F,G_N_A,SV_C_YM,SR_10Y,2026-02-17,2.798196376,A,F,,,P1D,,E,,,,,,,,,,,,,,,Technical notes are available at the following link: https://www.ecb.europa.eu/stats/financial_markets_and_interest_rates/euro_area_yield_curves/shared/pdf/technical_notes.pdf,,6,,,AAA yield curve - 10-year spot rate,"Euro area (changing composition) - Government bond, nominal, all issuers whose rating is triple A - Svensson model - continuous compounding - yield error minimisation - Yield curve spot rate, 10-year maturity",PCPA,0
YC.B.U2.EUR.4F.G_N_A.SV_C_YM.SR_10Y,B,U2,EUR,4F,G_N_A,SV_C_YM,SR_10Y,2026-02-18,2.8031365285,A,F,,,P1D,,E,,,,,,,,,,,,,,,Technical notes are available at the following link: https://www.ecb.europa.eu/stats/financial_markets_and_interest_rates/euro_area_yield_curves/shared/pdf/technical_notes.pdf,,6,,,AAA yield curve - 10-year spot rate,"Euro area (changing composition) - Government bond, nominal, all issuers whose rating is triple A - Svensson model - continuous compounding - yield error minimisation - Yield curve spot rate, 10-year maturity",PCPA,0
YC.B.U2.EUR.4F.G_N_A.SV_C_YM.SR_10Y,B,U2,EUR,4F,G_N_A,SV_C_YM,SR_10Y,2026-02-19,2.8077281701,A,F,,,P1D,,E,,,,,,,,,,,,,,,Technical notes are available at the following link: https://www.ecb.europa.eu/stats/financial_markets_and_interest_rates/euro_area_yield_curves/shared/pdf/technical_notes.pdf,,6,,,AAA yield curve - 10-year spot rate,"Euro area (changing composition) - Government bond, nominal, all issuers whose rating is triple A - Svensson model - continuous compounding - yield error minimisation - Yield curve spot rate, 10-year maturity",PCPA,0
YC.B.U2.EUR.4F.G_N_A.SV_C_YM.SR_10Y,B,U2,EUR,4F,G_N_A,SV_C_YM,SR_10Y,2026-02-20,2.7935676328,A,F,,,P1D,,E,,,,,,,,,,,,,,,Technical notes are available at the following link: https://www.ecb.europa.eu/stats/financial_markets_and_interest_rates/euro_area_yield_curves/shared/pdf/technical_notes.pdf,,6,,,AAA yield curve - 10-year spot rate,"Euro area (changing composition) - Government bond, nominal, all issuers whose rating is triple A - Svensson model - continuous compounding - yield error minimisation - Yield curve spot rate, 10-year maturity",PCPA,0
YC.B.U2.EUR.4F.G_N_A.SV_C_YM.SR_10Y,B,U2,EUR,4F,G_N_A,SV_C_YM,SR_10Y,2026-02-23,2.7857127411,A,F,,,P1D,,E,,,,,,,,,,,,,,,Technical notes are available at the following link: https://www.ecb.europa.eu/stats/financial_markets_and_interest_rates/euro_area_yield_curves/shared/pdf/technical_notes.pdf,,6,,,AAA yield curve - 10-year spot rate,"Euro area (changing composition) - Government bond, nominal, all issuers whose rating is triple A - Svensson model - continuous compounding - yield error minimisation - Yield curve spot rate, 10-year maturity",PCPA,0
YC.B.U2.EUR.4F.G_N_A.SV_C_YM.SR_10Y,B,U2,EUR,4F,G_N_A,SV_C_YM,SR_10Y,2026-02-24,2.7714936784,A,F,,,P1D,,E,,,,,,,,,,,,,,,Technical notes are available at the following link: https://www.ecb.europa.eu/stats/financial_markets_and_interest_rates/euro_area_yield_curves/shared/pdf/technical_notes.pdf,,6,,,AAA yield curve - 10-year spot rate,"Euro area (changing composition) - Government bond, nominal, all issuers whose rating is triple A - Svensson model - continuous compounding - yield error minimisation - Yield curve spot rate, 10-year maturity",PCPA,0
YC.B.U2.EUR.4F.G_N_A.SV_C_YM.SR_10Y,B,U2,EUR,4F,G_N_A,SV_C_YM,SR_10Y,2026-02-25,2.7737465861,A,F,,,P1D,,E,,,,,,,,,,,,,,,Technical notes are available at the following link: https://www.ecb.europa.eu/stats/financial_markets_and_interest_rates/euro_area_yield_curves/shared/pdf/technical_notes.pdf,,6,,,AAA yield curve - 10-year spot rate,"Euro area (changing composition) - Government bond, nominal, all issuers whose rating is triple A - Svensson model - continuous compounding - yield error minimisation - Yield curve spot rate, 10-year maturity",PCPA,0
YC.B.U2.EUR.4F.G_N_A.SV_C_YM.SR_10Y,B,U2,EUR,4F,G_N_A,SV_C_YM,SR_10Y,2026-02-26,2.7470493584,A,F,,,P1D,,E,,,,,,,,,,,,,,,Technical notes are available at the following link: https://www.ecb.europa.eu/stats/financial_markets_and_interest_rates/euro_area_yield_curves/shared/pdf/technical_notes.pdf,,6,,,AAA yield curve - 10-year spot rate,"Euro area (changing composition) - Government bond, nominal, all issuers whose rating is triple A - Svensson model - continuous compounding - yield error minimisation - Yield curve spot rate, 10-year maturity",PCPA,0
YC.B.U2.EUR.4F.G_N_A.SV_C_YM.SR_10Y,B,U2,EUR,4F,G_N_A,SV_C_YM,SR_10Y,2026-02-27,2.7266574195,A,F,,,P1D,,E,,,,,,,,,,,,,,,Technical notes are available at the following link: https://www.ecb.europa.eu/stats/financial_markets_and_interest_rates/euro_area_yield_curves/shared/pdf/technical_notes.pdf,,6,,,AAA yield curve - 10-year spot rate,"Euro area (changing composition) - Government bond, nominal, all issuers whose rating is triple A - Svensson model - continuous compounding - yield error minimisation - Yield curve spot rate, 10-year maturity",PCPA,0
YC.B.U2.EUR.4F.G_N_A.SV_C_YM.SR_10Y,B,U2,EUR,4F,G_N_A,SV_C_YM,SR_10Y,2026-03-02,2.7599649167,A,F,,,P1D,,E,,,,,,,,,,,,,,,Technical notes are available at the following link: https://www.ecb.europa.eu/stats/financial_markets_and_interest_rates/euro_area_yield_curves/shared/pdf/technical_notes.pdf,,6,,,AAA yield curve - 10-year spot rate,"Euro area (changing composition) - Government bond, nominal, all issuers whose rating is triple A - Svensson model - continuous compounding - yield error minimisation - Yield curve spot rate, 10-year maturity",PCPA,0
YC.B.U2.EUR.4F.G_N_A.SV_C_YM.SR_10Y,B,U2,EUR,4F,G_N_A,SV_C_YM,SR_10Y,2026-03-03,2.840493239,A,F,,,P1D,,E,,,,,,,,,,,,,,,Technical notes are available at the following link: https://www.ecb.europa.eu/stats/financial_markets_and_interest_rates/euro_area_yield_curves/shared/pdf/technical_notes.pdf,,6,,,AAA yield curve - 10-year spot rate,"Euro area (changing composition) - Government bond, nominal, all issuers whose rating is triple A - Svensson model - continuous compounding - yield error minimisation - Yield curve spot rate, 10-year maturity",PCPA,0
YC.B.U2.EUR.4F.G_N_A.SV_C_YM.SR_10Y,B,U2,EUR,4F,G_N_A,SV_C_YM,SR_10Y,2026-03-04,2.8172759483,A,F,,,P1D,,E,,,,,,,,,,,,,,,Technical notes are available at the following link: https://www.ecb.europa.eu/stats/financial_markets_and_interest_rates/euro_area_yield_curves/shared/pdf/technical_notes.pdf,,6,,,AAA yield curve - 10-year spot rate,"Euro area (changing composition) - Government bond, nominal, all issuers whose rating is triple A - Svensson model - continuous compounding - yield error minimisation - Yield curve spot rate, 10-year maturity",PCPA,0
YC.B.U2.EUR.4F.G_N_A.SV_C_YM.SR_10Y,B,U2,EUR,4F,G_N_A,SV_C_YM,SR_10Y,2026-03-05,2.8857466383,A,F,,,P1D,,E,,,,,,,,,,,,,,,Technical notes are available at the following link: https://www.ecb.europa.eu/stats/financial_markets_and_interest_rates/euro_area_yield_curves/shared/pdf/technical_notes.pdf,,6,,,AAA yield curve - 10-year spot rate,"Euro area (changing composition) - Government bond, nominal, all issuers whose rating is triple A - Svensson model - continuous compounding - yield error minimisation - Yield curve spot rate, 10-year maturity",PCPA,0
YC.B.U2.EUR.4F.G_N_A.SV_C_YM.SR_10Y,B,U2,EUR,4F,G_N_A,SV_C_YM,SR_10Y,2026-03-06,2.9087748974,A,F,,,P1D,,E,,,,,,,,,,,,,,,Technical notes are available at the following link: https://www.ecb.europa.eu/stats/financial_markets_and_interest_rates/euro_area_yield_curves/shared/pdf/technical_notes.pdf,,6,,,AAA yield curve - 10-year spot rate,"Euro area (changing composition) - Government bond, nominal, all issuers whose rating is triple A - Svensson model - continuous compounding - yield error minimisation - Yield curve spot rate, 10-year maturity",PCPA,0
YC.B.U2.EUR.4F.G_N_A.SV_C_YM.SR_10Y,B,U2,EUR,4F,G_N_A,SV_C_YM,SR_10Y,2026-03-09,2.9242332615,A,F,,,P1D,,E,,,,,,,,,,,,,,,Technical notes are available at the following link: https://www.ecb.europa.eu/stats/financial_markets_and_interest_rates/euro_area_yield_curves/shared/pdf/technical_notes.pdf,,6,,,AAA yield curve - 10-year spot rate,"Euro area (changing composition) - Government bond, nominal, all issuers whose rating is triple A - Svensson model - continuous compounding - yield error minimisation - Yield curve spot rate, 10-year maturity",PCPA,0
YC.B.U2.EUR.4F.G_N_A.SV_C_YM.SR_10Y,B,U2,EUR,4F,G_N_A,SV_C_YM,SR_10Y,2026-03-10,2.8972030409,A,F,,,P1D,,E,,,,,,,,,,,,,,,Technical notes are available at the following link: https://www.ecb.europa.eu/stats/financial_markets_and_interest_rates/euro_area_yield_curves/shared/pdf/technical_notes.pdf,,6,,,AAA yield curve - 10-year spot rate,"Euro area (changing composition) - Government bond, nominal, all issuers whose rating is triple A - Svensson model - continuous compounding - yield error minimisation - Yield curve spot rate, 10-year maturity",PCPA,0
YC.B.U2.EUR.4F.G_N_A.SV_C_YM.SR_10Y,B,U2,EUR,4F,G_N_A,SV_C_YM,SR_10Y,2026-03-11,2.9743786023,A,F,,,P1D,,E,,,,,,,,,,,,,,,Technical notes are available at the following link: https://www.ecb.europa.eu/stats/financial_markets_and_interest_rates/euro_area_yield_curves/shared/pdf/technical_notes.pdf,,6,,,AAA yield curve - 10-year spot rate,"Euro area (changing composition) - Government bond, nominal, all issuers whose rating is triple A - Svensson model - continuous compounding - yield error minimisation - Yield curve spot rate, 10-year maturity",PCPA,0
YC.B.U2.EUR.4F.G_N_A.SV_C_YM.SR_10Y,B,U2,EUR,4F,G_N_A,SV_C_YM,SR_10Y,2026-03-12,2.9980538024,A,F,,,P1D,,E,,,,,,,,,,,,,,,Technical notes are available at the following link: https://www.ecb.europa.eu/stats/financial_markets_and_interest_rates/euro_area_yield_curves/shared/pdf/technical_notes.pdf,,6,,,AAA yield curve - 10-year spot rate,"Euro area (changing composition) - Government bond, nominal, all issuers whose rating is triple A - Svensson model - continuous compounding - yield error minimisation - Yield curve spot rate, 10-year maturity",PCPA,0
YC.B.U2.EUR.4F.G_N_A.SV_C_YM.SR_10Y,B,U2,EUR,4F,G_N_A,SV_C_YM,SR_10Y,2026-03-13,3.0113228114,A,F,,,P1D,,E,,,,,,,,,,,,,,,Technical notes are available at the following link: https://www.ecb.europa.eu/stats/financial_markets_and_interest_rates/euro_area_yield_curves/shared/pdf/technical_notes.pdf,,6,,,AAA yield curve - 10-year spot rate,"Euro area (changing composition) - Government bond, nominal, all issuers whose rating is triple A - Svensson model - continuous compounding - yield error minimisation - Yield curve spot rate, 10-year maturity",PCPA,0
YC.B.U2.EUR.4F.G_N_A.SV_C_YM.SR_10Y,B,U2,EUR,4F,G_N_A,SV_C_YM,SR_10Y,2026-03-16,2.9882724205,A,F,,,P1D,,E,,,,,,,,,,,,,,,Technical notes are available at the following link: https://www.ecb.europa.eu/stats/financial_markets_and_interest_rates/euro_area_yield_curves/shared/pdf/technical_notes.pdf,,6,,,AAA yield curve - 10-year spot rate,"Euro area (changing composition) - Government bond, nominal, all issuers whose rating is triple A - Svensson model - continuous compounding - yield error minimisation - Yield curve spot rate, 10-year maturity",PCPA,0
YC.B.U2.EUR.4F.G_N_A.SV_C_YM.SR_10Y,B,U2,EUR,4F,G_N_A,SV_C_YM,SR_10Y,2026-03-17,2.9666154378,A,F,,,P1D,,E,,,,,,,,,,,,,,,Technical notes are available at the following link: https://www.ecb.europa.eu/stats/financial_markets_and_interest_rates/euro_area_yield_curves/shared/pdf/technical_notes.pdf,,6,,,AAA yield curve - 10-year spot rate,"Euro area (changing composition) - Government bond, nominal, all issuers whose rating is triple A - Svensson model - continuous compounding - yield error minimisation - Yield curve spot rate, 10-year maturity",PCPA,0
YC.B.U2.EUR.4F.G_N_A.SV_C_YM.SR_10Y,B,U2,EUR,4F,G_N_A,SV_C_YM,SR_10Y,2026-03-18,3.0003282288,A,F,,,P1D,,E,,,,,,,,,,,,,,,Technical notes are available at the following link: https://www.ecb.europa.eu/stats/financial_markets_and_interest_rates/euro_area_yield_curves/shared/pdf/technical_notes.pdf,,6,,,AAA yield curve - 10-year spot rate,"Euro area (changing composition) - Government bond, nominal, all issuers whose rating is triple A - Svensson model - continuous compounding - yield error minimisation - Yield curve spot rate, 10-year maturity",PCPA,0
YC.B.U2.EUR.4F.G_N_A.SV_C_YM.SR_10Y,B,U2,EUR,4F,G_N_A,SV_C_YM,SR_10Y,2026-03-19,3.0117153846,A,F,,,P1D,,E,,,,,,,,,,,,,,,Technical notes are available at the following link: https://www.ecb.europa.eu/stats/financial_markets_and_interest_rates/euro_area_yield_curves/shared/pdf/technical_notes.pdf,,6,,,AAA yield curve - 10-year spot rate,"Euro area (changing composition) - Government bond, nominal, all issuers whose rating is triple A - Svensson model - continuous compounding - yield error minimisation - Yield curve spot rate, 10-year maturity",PCPA,0
YC.B.U2.EUR.4F.G_N_A.SV_C_YM.SR_10Y,B,U2,EUR,4F,G_N_A,SV_C_YM,SR_10Y,2026-03-20,3.0755425799,A,F,,,P1D,,E,,,,,,,,,,,,,,,Technical notes are available at the following link: https://www.ecb.europa.eu/stats/financial_markets_and_interest_rates/euro_area_yield_curves/shared/pdf/technical_notes.pdf,,6,,,AAA yield curve - 10-year spot rate,"Euro area (changing composition) - Government bond, nominal, all issuers whose rating is triple A - Svensson model - continuous compounding - yield error minimisation - Yield curve spot rate, 10-year maturity",PCPA,0
YC.B.U2.EUR.4F.G_N_A.SV_C_YM.SR_10Y,B,U2,EUR,4F,G_N_A,SV_C_YM,SR_10Y,2026-03-23,3.0328388945,A,F,,,P1D,,E,,,,,,,,,,,,,,,Technical notes are available at the following link: https://www.ecb.europa.eu/stats/financial_markets_and_interest_rates/euro_area_yield_curves/shared/pdf/technical_notes.pdf,,6,,,AAA yield curve - 10-year spot rate,"Euro area (changing composition) - Government bond, nominal, all issuers whose rating is triple A - Svensson model - continuous compounding - yield error minimisation - Yield curve spot rate, 10-year maturity",PCPA,0
YC.B.U2.EUR.4F.G_N_A.SV_C_YM.SR_10Y,B,U2,EUR,4F,G_N_A,SV_C_YM,SR_10Y,2026-03-24,3.061914886,A,F,,,P1D,,E,,,,,,,,,,,,,,,Technical notes are available at the following link: https://www.ecb.europa.eu/stats/financial_markets_and_interest_rates/euro_area_yield_curves/shared/pdf/technical_notes.pdf,,6,,,AAA yield curve - 10-year spot rate,"Euro area (changing composition) - Government bond, nominal, all issuers whose rating is triple A - Svensson model - continuous compounding - yield error minimisation - Yield curve spot rate, 10-year maturity",PCPA,0
YC.B.U2.EUR.4F.G_N_A.SV_C_YM.SR_10Y,B,U2,EUR,4F,G_N_A,SV_C_YM,SR_10Y,2026-03-25,3.0118479104,A,F,,,P1D,,E,,,,,,,,,,,,,,,Technical notes are available at the following link: https://www.ecb.europa.eu/stats/financial_markets_and_interest_rates/euro_area_yield_curves/shared/pdf/technical_notes.pdf,,6,,,AAA yield curve - 10-year spot rate,"Euro area (changing composition) - Government bond, nominal, all issuers whose rating is triple A - Svensson model - continuous compounding - yield error minimisation - Yield curve spot rate, 10-year maturity",PCPA,0
YC.B.U2.EUR.4F.G_N_A.SV_C_YM.SR_10Y,B,U2,EUR,4F,G_N_A,SV_C_YM,SR_10Y,2026-03-26,3.0944162751,A,F,,,P1D,,E,,,,,,,,,,,,,,,Technical notes are available at the following link: https://www.ecb.europa.eu/stats/financial_markets_and_interest_rates/euro_area_yield_curves/shared/pdf/technical_notes.pdf,,6,,,AAA yield curve - 10-year spot rate,"Euro area (changing composition) - Government bond, nominal, all issuers whose rating is triple A - Svensson model - continuous compounding - yield error minimisation - Yield curve spot rate, 10-year maturity",PCPA,0
YC.B.U2.EUR.4F.G_N_A.SV_C_YM.SR_10Y,B,U2,EUR,4F,G_N_A,SV_C_YM,SR_10Y,2026-03-27,3.1504113416,A,F,,,P1D,,E,,,,,,,,,,,,,,,Technical notes are available at the following link: https://www.ecb.europa.eu/stats/financial_markets_and_interest_rates/euro_area_yield_curves/shared/pdf/technical_notes.pdf,,6,,,AAA yield curve - 10-year spot rate,"Euro area (changing composition) - Government bond, nominal, all issuers whose rating is triple A - Svensson model - continuous compounding - yield error minimisation - Yield curve spot rate, 10-year maturity",PCPA,0
YC.B.U2.EUR.4F.G_N_A.SV_C_YM.SR_10Y,B,U2,EUR,4F,G_N_A,SV_C_YM,SR_10Y,2026-03-30,3.0944483571,A,F,,,P1D,,E,,,,,,,,,,,,,,,Technical notes are available at the following link: https://www.ecb.europa.eu/stats/financial_markets_and_interest_rates/euro_area_yield_curves/shared/pdf/technical_notes.pdf,,6,,,AAA yield curve - 10-year spot rate,"Euro area (changing composition) - Government bond, nominal, all issuers whose rating is triple A - Svensson model - continuous compounding - yield error minimisation - Yield curve spot rate, 10-year maturity",PCPA,0
YC.B.U2.EUR.4F.G_N_A.SV_C_YM.SR_10Y,B,U2,EUR,4F,G_N_A,SV_C_YM,SR_10Y,2026-03-31,3.0729993471,A,F,,,P1D,,E,,,,,,,,,,,,,,,Technical notes are available at the following link: https://www.ecb.europa.eu/stats/financial_markets_and_interest_rates/euro_area_yield_curves/shared/pdf/technical_notes.pdf,,6,,,AAA yield curve - 10-year spot rate,"Euro area (changing composition) - Government bond, nominal, all issuers whose rating is triple A - Svensson model - continuous compounding - yield error minimisation - Yield curve spot rate, 10-year maturity",PCPA,0
YC.B.U2.EUR.4F.G_N_A.SV_C_YM.SR_10Y,B,U2,EUR,4F,G_N_A,SV_C_YM,SR_10Y,2026-04-01,3.0478936329,A,F,,,P1D,,E,,,,,,,,,,,,,,,Technical notes are available at the following link: https://www.ecb.europa.eu/stats/financial_markets_and_interest_rates/euro_area_yield_curves/shared/pdf/technical_notes.pdf,,6,,,AAA yield curve - 10-year spot rate,"Euro area (changing composition) - Government bond, nominal, all issuers whose rating is triple A - Svensson model - continuous compounding - yield error minimisation - Yield curve spot rate, 10-year maturity",PCPA,0
YC.B.U2.EUR.4F.G_N_A.SV_C_YM.SR_10Y,B,U2,EUR,4F,G_N_A,SV_C_YM,SR_10Y,2026-04-02,3.0751288521,A,F,,,P1D,,E,,,,,,,,,,,,,,,Technical notes are available at the following link: https://www.ecb.europa.eu/stats/financial_markets_and_interest_rates/euro_area_yield_curves/shared/pdf/technical_notes.pdf,,6,,,AAA yield curve - 10-year spot rate,"Euro area (changing composition) - Government bond, nominal, all issuers whose rating is triple A - Svensson model - continuous compounding - yield error minimisation - Yield curve spot rate, 10-year maturity",PCPA,0
YC.B.U2.EUR.4F.G_N_A.SV_C_YM.SR_10Y,B,U2,EUR,4F,G_N_A,SV_C_YM,SR_10Y,2026-04-07,3.1060962471,A,F,,,P1D,,E,,,,,,,,,,,,,,,Technical notes are available at the following link: https://www.ecb.europa.eu/stats/financial_markets_and_interest_rates/euro_area_yield_curves/shared/pdf/technical_notes.pdf,,6,,,AAA yield curve - 10-year spot rate,"Euro area (changing composition) - Government bond, nominal, all issuers whose rating is triple A - Svensson model - continuous compounding - yield error minimisation - Yield curve spot rate, 10-year maturity",PCPA,0
YC.B.U2.EUR.4F.G_N_A.SV_C_YM.SR_10Y,B,U2,EUR,4F,G_N_A,SV_C_YM,SR_10Y,2026-04-08,2.9793275216,A,F,,,P1D,,E,,,,,,,,,,,,,,,Technical notes are available at the following link: https://www.ecb.europa.eu/stats/financial_markets_and_interest_rates/euro_area_yield_curves/shared/pdf/technical_notes.pdf,,6,,,AAA yield curve - 10-year spot rate,"Euro area (changing composition) - Government bond, nominal, all issuers whose rating is triple A - Svensson model - continuous compounding - yield error minimisation - Yield curve spot rate, 10-year maturity",PCPA,0
YC.B.U2.EUR.4F.G_N_A.SV_C_YM.SR_10Y,B,U2,EUR,4F,G_N_A,SV_C_YM,SR_10Y,2026-04-09,3.072414671,A,F,,,P1D,,E,,,,,,,,,,,,,,,Technical notes are available at the following link: https://www.ecb.europa.eu/stats/financial_markets_and_interest_rates/euro_area_yield_curves/shared/pdf/technical_notes.pdf,,6,,,AAA yield curve - 10-year spot rate,"Euro area (changing composition) - Government bond, nominal, all issuers whose rating is triple A - Svensson model - continuous compounding - yield error minimisation - Yield curve spot rate, 10-year maturity",PCPA,0
YC.B.U2.EUR.4F.G_N_A.SV_C_YM.SR_10Y,B,U2,EUR,4F,G_N_A,SV_C_YM,SR_10Y,2026-04-10,3.1004415163,A,F,,,P1D,,E,,,,,,,,,,,,,,,Technical notes are available at the following link: https://www.ecb.europa.eu/stats/financial_markets_and_interest_rates/euro_area_yield_curves/shared/pdf/technical_notes.pdf,,6,,,AAA yield curve - 10-year spot rate,"Euro area (changing composition) - Government bond, nominal, all issuers whose rating is triple A - Svensson model - continuous compounding - yield error minimisation - Yield curve spot rate, 10-year maturity",PCPA,0
YC.B.U2.EUR.4F.G_N_A.SV_C_YM.SR_10Y,B,U2,EUR,4F,G_N_A,SV_C_YM,SR_10Y,2026-04-13,3.1227887328,A,F,,,P1D,,E,,,,,,,,,,,,,,,Technical notes are available at the following link: https://www.ecb.europa.eu/stats/financial_markets_and_interest_rates/euro_area_yield_curves/shared/pdf/technical_notes.pdf,,6,,,AAA yield curve - 10-year spot rate,"Euro area (changing composition) - Government bond, nominal, all issuers whose rating is triple A - Svensson model - continuous compounding - yield error minimisation - Yield curve spot rate, 10-year maturity",PCPA,0
YC.B.U2.EUR.4F.G_N_A.SV_C_YM.SR_10Y,B,U2,EUR,4F,G_N_A,SV_C_YM,SR_10Y,2026-04-14,3.1121828868,A,F,,,P1D,,E,,,,,,,,,,,,,,,Technical notes are available at the following link: https://www.ecb.europa.eu/stats/financial_markets_and_interest_rates/euro_area_yield_curves/shared/pdf/technical_notes.pdf,,6,,,AAA yield curve - 10-year spot rate,"Euro area (changing composition) - Government bond, nominal, all issuers whose rating is triple A - Svensson model - continuous compounding - yield error minimisation - Yield curve spot rate, 10-year maturity",PCPA,0
YC.B.U2.EUR.4F.G_N_A.SV_C_YM.SR_10Y,B,U2,EUR,4F,G_N_A,SV_C_YM,SR_10Y,2026-04-15,3.0888161219,A,F,,,P1D,,E,,,,,,,,,,,,,,,Technical notes are available at the following link: https://www.ecb.europa.eu/stats/financial_markets_and_interest_rates/euro_area_yield_curves/shared/pdf/technical_notes.pdf,,6,,,AAA yield curve - 10-year spot rate,"Euro area (changing composition) - Government bond, nominal, all issuers whose rating is triple A - Svensson model - continuous compounding - yield error minimisation - Yield curve spot rate, 10-year maturity",PCPA,0
YC.B.U2.EUR.4F.G_N_A.SV_C_YM.SR_10Y,B,U2,EUR,4F,G_N_A,SV_C_YM,SR_10Y,2026-04-16,3.0746082746,A,F,,,P1D,,E,,,,,,,,,,,,,,,Technical notes are available at the following link: https://www.ecb.europa.eu/stats/financial_markets_and_interest_rates/euro_area_yield_curves/shared/pdf/technical_notes.pdf,,6,,,AAA yield curve - 10-year spot rate,"Euro area (changing composition) - Government bond, nominal, all issuers whose rating is triple A - Svensson model - continuous compounding - yield error minimisation - Yield curve spot rate, 10-year maturity",PCPA,0
YC.B.U2.EUR.4F.G_N_A.SV_C_YM.SR_10Y,B,U2,EUR,4F,G_N_A,SV_C_YM,SR_10Y,2026-04-17,3.0250447597,A,F,,,P1D,,E,,,,,,,,,,,,,,,Technical notes are available at the following link: https://www.ecb.europa.eu/stats/financial_markets_and_interest_rates/euro_area_yield_curves/shared/pdf/technical_notes.pdf,,6,,,AAA yield curve - 10-year spot rate,"Euro area (changing composition) - Government bond, nominal, all issuers whose rating is triple A - Svensson model - continuous compounding - yield error minimisation - Yield curve spot rate, 10-year maturity",PCPA,0
YC.B.U2.EUR.4F.G_N_A.SV_C_YM.SR_10Y,B,U2,EUR,4F,G_N_A,SV_C_YM,SR_10Y,2026-04-20,3.0368533168,A,F,,,P1D,,E,,,,,,,,,,,,,,,Technical notes are available at the following link: https://www.ecb.europa.eu/stats/financial_markets_and_interest_rates/euro_area_yield_curves/shared/pdf/technical_notes.pdf,,6,,,AAA yield curve - 10-year spot rate,"Euro area (changing composition) - Government bond, nominal, all issuers whose rating is triple A - Svensson model - continuous compounding - yield error minimisation - Yield curve spot rate, 10-year maturity",PCPA,0
YC.B.U2.EUR.4F.G_N_A.SV_C_YM.SR_10Y,B,U2,EUR,4F,G_N_A,SV_C_YM,SR_10Y,2026-04-21,3.0365282223,A,F,,,P1D,,E,,,,,,,,,,,,,,,Technical notes are available at the following link: https://www.ecb.europa.eu/stats/financial_markets_and_interest_rates/euro_area_yield_curves/shared/pdf/technical_notes.pdf,,6,,,AAA yield curve - 10-year spot rate,"Euro area (changing composition) - Government bond, nominal, all issuers whose rating is triple A - Svensson model - continuous compounding - yield error minimisation - Yield curve spot rate, 10-year maturity",PCPA,0
YC.B.U2.EUR.4F.G_N_A.SV_C_YM.SR_10Y,B,U2,EUR,4F,G_N_A,SV_C_YM,SR_10Y,2026-04-22,3.0510265518,A,F,,,P1D,,E,,,,,,,,,,,,,,,Technical notes are available at the following link: https://www.ecb.europa.eu/stats/financial_markets_and_interest_rates/euro_area_yield_curves/shared/pdf/technical_notes.pdf,,6,,,AAA yield curve - 10-year spot rate,"Euro area (changing composition) - Government bond, nominal, all issuers whose rating is triple A - Svensson model - continuous compounding - yield error minimisation - Yield curve spot rate, 10-year maturity",PCPA,0
YC.B.U2.EUR.4F.G_N_A.SV_C_YM.SR_10Y,B,U2,EUR,4F,G_N_A,SV_C_YM,SR_10Y,2026-04-23,3.0674643234,A,F,,,P1D,,E,,,,,,,,,,,,,,,Technical notes are available at the following link: https://www.ecb.europa.eu/stats/financial_markets_and_interest_rates/euro_area_yield_curves/shared/pdf/technical_notes.pdf,,6,,,AAA yield curve - 10-year spot rate,"Euro area (changing composition) - Government bond, nominal, all issuers whose rating is triple A - Svensson model - continuous compounding - yield error minimisation - Yield curve spot rate, 10-year maturity",PCPA,0
YC.B.U2.EUR.4F.G_N_A.SV_C_YM.SR_10Y,B,U2,EUR,4F,G_N_A,SV_C_YM,SR_10Y,2026-04-24,3.0706741038,A,F,,,P1D,,E,,,,,,,,,,,,,,,Technical notes are available at the following link: https://www.ecb.europa.eu/stats/financial_markets_and_interest_rates/euro_area_yield_curves/shared/pdf/technical_notes.pdf,,6,,,AAA yield curve - 10-year spot rate,"Euro area (changing composition) - Government bond, nominal, all issuers whose rating is triple A - Svensson model - continuous compounding - yield error minimisation - Yield curve spot rate, 10-year maturity",PCPA,0
YC.B.U2.EUR.4F.G_N_A.SV_C_YM.SR_10Y,B,U2,EUR,4F,G_N_A,SV_C_YM,SR_10Y,2026-04-27,3.0816989599,A,F,,,P1D,,E,,,,,,,,,,,,,,,Technical notes are available at the following link: https://www.ecb.europa.eu/stats/financial_markets_and_interest_rates/euro_area_yield_curves/shared/pdf/technical_notes.pdf,,6,,,AAA yield curve - 10-year spot rate,"Euro area (changing composition) - Government bond, nominal, all issuers whose rating is triple A - Svensson model - continuous compounding - yield error minimisation - Yield curve spot rate, 10-year maturity",PCPA,0
YC.B.U2.EUR.4F.G_N_A.SV_C_YM.SR_10Y,B,U2,EUR,4F,G_N_A,SV_C_YM,SR_10Y,2026-04-28,3.1195622586,A,F,,,P1D,,E,,,,,,,,,,,,,,,Technical notes are available at the following link: https://www.ecb.europa.eu/stats/financial_markets_and_interest_rates/euro_area_yield_curves/shared/pdf/technical_notes.pdf,,6,,,AAA yield curve - 10-year spot rate,"Euro area (changing composition) - Government bond, nominal, all issuers whose rating is triple A - Svensson model - continuous compounding - yield error minimisation - Yield curve spot rate, 10-year maturity",PCPA,0
YC.B.U2.EUR.4F.G_N_A.SV_C_YM.SR_10Y,B,U2,EUR,4F,G_N_A,SV_C_YM,SR_10Y,2026-04-29,3.142710173,A,F,,,P1D,,E,,,,,,,,,,,,,,,Technical notes are available at the following link: https://www.ecb.europa.eu/stats/financial_markets_and_interest_rates/euro_area_yield_curves/shared/pdf/technical_notes.pdf,,6,,,AAA yield curve - 10-year spot rate,"Euro area (changing composition) - Government bond, nominal, all issuers whose rating is triple A - Svensson model - continuous compounding - yield error minimisation - Yield curve spot rate, 10-year maturity",PCPA,0
YC.B.U2.EUR.4F.G_N_A.SV_C_YM.SR_10Y,B,U2,EUR,4F,G_N_A,SV_C_YM,SR_10Y,2026-04-30,3.0939583349,A,F,,,P1D,,E,,,,,,,,,,,,,,,Technical notes are available at the following link: https://www.ecb.europa.eu/stats/financial_markets_and_interest_rates/euro_area_yield_curves/shared/pdf/technical_notes.pdf,,6,,,AAA yield curve - 10-year spot rate,"Euro area (changing composition) - Government bond, nominal, all issuers whose rating is triple A - Svensson model - continuous compounding - yield error minimisation - Yield curve spot rate, 10-year maturity",PCPA,0
YC.B.U2.EUR.4F.G_N_A.SV_C_YM.SR_10Y,B,U2,EUR,4F,G_N_A,SV_C_YM,SR_10Y,2026-05-04,3.105197541,A,F,,,P1D,,E,,,,,,,,,,,,,,,Technical notes are available at the following link: https://www.ecb.europa.eu/stats/financial_markets_and_interest_rates/euro_area_yield_curves/shared/pdf/technical_notes.pdf,,6,,,AAA yield curve - 10-year spot rate,"Euro area (changing composition) - Government bond, nominal, all issuers whose rating is triple A - Svensson model - continuous compounding - yield error minimisation - Yield curve spot rate, 10-year maturity",PCPA,0
YC.B.U2.EUR.4F.G_N_A.SV_C_YM.SR_10Y,B,U2,EUR,4F,G_N_A,SV_C_YM,SR_10Y,2026-05-05,3.1255068065,A,F,,,P1D,,E,,,,,,,,,,,,,,,Technical notes are available at the following link: https://www.ecb.europa.eu/stats/financial_markets_and_interest_rates/euro_area_yield_curves/shared/pdf/technical_notes.pdf,,6,,,AAA yield curve - 10-year spot rate,"Euro area (changing composition) - Government bond, nominal, all issuers whose rating is triple A - Svensson model - continuous compounding - yield error minimisation - Yield curve spot rate, 10-year maturity",PCPA,0
YC.B.U2.EUR.4F.G_N_A.SV_C_YM.SR_10Y,B,U2,EUR,4F,G_N_A,SV_C_YM,SR_10Y,2026-05-06,3.048338757,A,F,,,P1D,,E,,,,,,,,,,,,,,,Technical notes are available at the following link: https://www.ecb.europa.eu/stats/financial_markets_and_interest_rates/euro_area_yield_curves/shared/pdf/technical_notes.pdf,,6,,,AAA yield curve - 10-year spot rate,"Euro area (changing composition) - Government bond, nominal, all issuers whose rating is triple A - Svensson model - continuous compounding - yield error minimisation - Yield curve spot rate, 10-year maturity",PCPA,0
YC.B.U2.EUR.4F.G_N_A.SV_C_YM.SR_10Y,B,U2,EUR,4F,G_N_A,SV_C_YM,SR_10Y,2026-05-07,3.0367988029,A,F,,,P1D,,E,,,,,,,,,,,,,,,Technical notes are available at the following link: https://www.ecb.europa.eu/stats/financial_markets_and_interest_rates/euro_area_yield_curves/shared/pdf/technical_notes.pdf,,6,,,AAA yield curve - 10-year spot rate,"Euro area (changing composition) - Government bond, nominal, all issuers whose rating is triple A - Svensson model - continuous compounding - yield error minimisation - Yield curve spot rate, 10-year maturity",PCPA,0
YC.B.U2.EUR.4F.G_N_A.SV_C_YM.SR_10Y,B,U2,EUR,4F,G_N_A,SV_C_YM,SR_10Y,2026-05-08,3.0522640098,A,F,,,P1D,,E,,,,,,,,,,,,,,,Technical notes are available at the following link: https://www.ecb.europa.eu/stats/financial_markets_and_interest_rates/euro_area_yield_curves/shared/pdf/technical_notes.pdf,,6,,,AAA yield curve - 10-year spot rate,"Euro area (changing composition) - Government bond, nominal, all issuers whose rating is triple A - Svensson model - continuous compounding - yield error minimisation - Yield curve spot rate, 10-year maturity",PCPA,0
YC.B.U2.EUR.4F.G_N_A.SV_C_YM.SR_10Y,B,U2,EUR,4F,G_N_A,SV_C_YM,SR_10Y,2026-05-11,3.0796927017,A,F,,,P1D,,E,,,,,,,,,,,,,,,Technical notes are available at the following link: https://www.ecb.europa.eu/stats/financial_markets_and_interest_rates/euro_area_yield_curves/shared/pdf/technical_notes.pdf,,6,,,AAA yield curve - 10-year spot rate,"Euro area (changing composition) - Government bond, nominal, all issuers whose rating is triple A - Svensson model - continuous compounding - yield error minimisation - Yield curve spot rate, 10-year maturity",PCPA,0
YC.B.U2.EUR.4F.G_N_A.SV_C_YM.SR_10Y,B,U2,EUR,4F,G_N_A,SV_C_YM,SR_10Y,2026-05-12,3.1495267074,A,F,,,P1D,,E,,,,,,,,,,,,,,,Technical notes are available at the following link: https://www.ecb.europa.eu/stats/financial_markets_and_interest_rates/euro_area_yield_curves/shared/pdf/technical_notes.pdf,,6,,,AAA yield curve - 10-year spot rate,"Euro area (changing composition) - Government bond, nominal, all issuers whose rating is triple A - Svensson model - continuous compounding - yield error minimisation - Yield curve spot rate, 10-year maturity",PCPA,0
YC.B.U2.EUR.4F.G_N_A.SV_C_YM.SR_10Y,B,U2,EUR,4F,G_N_A,SV_C_YM,SR_10Y,2026-05-13,3.1514242492,A,F,,,P1D,,E,,,,,,,,,,,,,,,Technical notes are available at the following link: https://www.ecb.europa.eu/stats/financial_markets_and_interest_rates/euro_area_yield_curves/shared/pdf/technical_notes.pdf,,6,,,AAA yield curve - 10-year spot rate,"Euro area (changing composition) - Government bond, nominal, all issuers whose rating is triple A - Svensson model - continuous compounding - yield error minimisation - Yield curve spot rate, 10-year maturity",PCPA,0
YC.B.U2.EUR.4F.G_N_A.SV_C_YM.SR_10Y,B,U2,EUR,4F,G_N_A,SV_C_YM,SR_10Y,2026-05-14,3.0994620296,A,F,,,P1D,,E,,,,,,,,,,,,,,,Technical notes are available at the following link: https://www.ecb.europa.eu/stats/financial_markets_and_interest_rates/euro_area_yield_curves/shared/pdf/technical_notes.pdf,,6,,,AAA yield curve - 10-year spot rate,"Euro area (changing composition) - Government bond, nominal, all issuers whose rating is triple A - Svensson model - continuous compounding - yield error minimisation - Yield curve spot rate, 10-year maturity",PCPA,0
YC.B.U2.EUR.4F.G_N_A.SV_C_YM.SR_10Y,B,U2,EUR,4F,G_N_A,SV_C_YM,SR_10Y,2026-05-15,3.1951239875,A,F,,,P1D,,E,,,,,,,,,,,,,,,Technical notes are available at the following link: https://www.ecb.europa.eu/stats/financial_markets_and_interest_rates/euro_area_yield_curves/shared/pdf/technical_notes.pdf,,6,,,AAA yield curve - 10-year spot rate,"Euro area (changing composition) - Government bond, nominal, all issuers whose rating is triple A - Svensson model - continuous compounding - yield error minimisation - Yield curve spot rate, 10-year maturity",PCPA,0
YC.B.U2.EUR.4F.G_N_A.SV_C_YM.SR_10Y,B,U2,EUR,4F,G_N_A,SV_C_YM,SR_10Y,2026-05-18,3.1716424255,A,F,,,P1D,,E,,,,,,,,,,,,,,,Technical notes are available at the following link: https://www.ecb.europa.eu/stats/financial_markets_and_interest_rates/euro_area_yield_curves/shared/pdf/technical_notes.pdf,,6,,,AAA yield curve - 10-year spot rate,"Euro area (changing composition) - Government bond, nominal, all issuers whose rating is triple A - Svensson model - continuous compounding - yield error minimisation - Yield curve spot rate, 10-year maturity",PCPA,0
YC.B.U2.EUR.4F.G_N_A.SV_C_YM.SR_10Y,B,U2,EUR,4F,G_N_A,SV_C_YM,SR_10Y,2026-05-19,3.2197250915,A,F,,,P1D,,E,,,,,,,,,,,,,,,Technical notes are available at the following link: https://www.ecb.europa.eu/stats/financial_markets_and_interest_rates/euro_area_yield_curves/shared/pdf/technical_notes.pdf,,6,,,AAA yield curve - 10-year spot rate,"Euro area (changing composition) - Government bond, nominal, all issuers whose rating is triple A - Svensson model - continuous compounding - yield error minimisation - Yield curve spot rate, 10-year maturity",PCPA,0
YC.B.U2.EUR.4F.G_N_A.SV_C_YM.SR_10Y,B,U2,EUR,4F,G_N_A,SV_C_YM,SR_10Y,2026-05-20,3.1913866523,A,F,,,P1D,,E,,,,,,,,,,,,,,,Technical notes are available at the following link: https://www.ecb.europa.eu/stats/financial_markets_and_interest_rates/euro_area_yield_curves/shared/pdf/technical_notes.pdf,,6,,,AAA yield curve - 10-year spot rate,"Euro area (changing composition) - Government bond, nominal, all issuers whose rating is triple A - Svensson model - continuous compounding - yield error minimisation - Yield curve spot rate, 10-year maturity",PCPA,0
YC.B.U2.EUR.4F.G_N_A.SV_C_YM.SR_10Y,B,U2,EUR,4F,G_N_A,SV_C_YM,SR_10Y,2026-05-21,3.1401444666,A,F,,,P1D,,E,,,,,,,,,,,,,,,Technical notes are available at the following link: https://www.ecb.europa.eu/stats/financial_markets_and_interest_rates/euro_area_yield_curves/shared/pdf/technical_notes.pdf,,6,,,AAA yield curve - 10-year spot rate,"Euro area (changing composition) - Government bond, nominal, all issuers whose rating is triple A - Svensson model - continuous compounding - yield error minimisation - Yield curve spot rate, 10-year maturity",PCPA,0
YC.B.U2.EUR.4F.G_N_A.SV_C_YM.SR_10Y,B,U2,EUR,4F,G_N_A,SV_C_YM,SR_10Y,2026-05-22,3.0830202566,A,F,,,P1D,,E,,,,,,,,,,,,,,,Technical notes are available at the following link: https://www.ecb.europa.eu/stats/financial_markets_and_interest_rates/euro_area_yield_curves/shared/pdf/technical_notes.pdf,,6,,,AAA yield curve - 10-year spot rate,"Euro area (changing composition) - Government bond, nominal, all issuers whose rating is triple A - Svensson model - continuous compounding - yield error minimisation - Yield curve spot rate, 10-year maturity",PCPA,0
YC.B.U2.EUR.4F.G_N_A.SV_C_YM.SR_10Y,B,U2,EUR,4F,G_N_A,SV_C_YM,SR_10Y,2026-05-25,2.9857408352,A,F,,,P1D,,E,,,,,,,,,,,,,,,Technical notes are available at the following link: https://www.ecb.europa.eu/stats/financial_markets_and_interest_rates/euro_area_yield_curves/shared/pdf/technical_notes.pdf,,6,,,AAA yield curve - 10-year spot rate,"Euro area (changing composition) - Government bond, nominal, all issuers whose rating is triple A - Svensson model - continuous compounding - yield error minimisation - Yield curve spot rate, 10-year maturity",PCPA,0
YC.B.U2.EUR.4F.G_N_A.SV_C_YM.SR_10Y,B,U2,EUR,4F,G_N_A,SV_C_YM,SR_10Y,2026-05-26,3.0303794025,A,F,,,P1D,,E,,,,,,,,,,,,,,,Technical notes are available at the following link: https://www.ecb.europa.eu/stats/financial_markets_and_interest_rates/euro_area_yield_curves/shared/pdf/technical_notes.pdf,,6,,,AAA yield curve - 10-year spot rate,"Euro area (changing composition) - Government bond, nominal, all issuers whose rating is triple A - Svensson model - continuous compounding - yield error minimisation - Yield curve spot rate, 10-year maturity",PCPA,0
YC.B.U2.EUR.4F.G_N_A.SV_C_YM.SR_10Y,B,U2,EUR,4F,G_N_A,SV_C_YM,SR_10Y,2026-05-27,3.0265148902,A,F,,,P1D,,E,,,,,,,,,,,,,,,Technical notes are available at the following link: https://www.ecb.europa.eu/stats/financial_markets_and_interest_rates/euro_area_yield_curves/shared/pdf/technical_notes.pdf,,6,,,AAA yield curve - 10-year spot rate,"Euro area (changing composition) - Government bond, nominal, all issuers whose rating is triple A - Svensson model - continuous compounding - yield error minimisation - Yield curve spot rate, 10-year maturity",PCPA,0
YC.B.U2.EUR.4F.G_N_A.SV_C_YM.SR_10Y,B,U2,EUR,4F,G_N_A,SV_C_YM,SR_10Y,2026-05-28,3.0348986296,A,F,,,P1D,,E,,,,,,,,,,,,,,,Technical notes are available at the following link: https://www.ecb.europa.eu/stats/financial_markets_and_interest_rates/euro_area_yield_curves/shared/pdf/technical_notes.pdf,,6,,,AAA yield curve - 10-year spot rate,"Euro area (changing composition) - Government bond, nominal, all issuers whose rating is triple A - Svensson model - continuous compounding - yield error minimisation - Yield curve spot rate, 10-year maturity",PCPA,0
YC.B.U2.EUR.4F.G_N_A.SV_C_YM.SR_10Y,B,U2,EUR,4F,G_N_A,SV_C_YM,SR_10Y,2026-05-29,3.016587454,A,F,,,P1D,,E,,,,,,,,,,,,,,,Technical notes are available at the following link: https://www.ecb.europa.eu/stats/financial_markets_and_interest_rates/euro_area_yield_curves/shared/pdf/technical_notes.pdf,,6,,,AAA yield curve - 10-year spot rate,"Euro area (changing composition) - Government bond, nominal, all issuers whose rating is triple A - Svensson model - continuous compounding - yield error minimisation - Yield curve spot rate, 10-year maturity",PCPA,0
YC.B.U2.EUR.4F.G_N_A.SV_C_YM.SR_10Y,B,U2,EUR,4F,G_N_A,SV_C_YM,SR_10Y,2026-06-01,3.0680734066,A,F,,,P1D,,E,,,,,,,,,,,,,,,Technical notes are available at the following link: https://www.ecb.europa.eu/stats/financial_markets_and_interest_rates/euro_area_yield_curves/shared/pdf/technical_notes.pdf,,6,,,AAA yield curve - 10-year spot rate,"Euro area (changing composition) - Government bond, nominal, all issuers whose rating is triple A - Svensson model - continuous compounding - yield error minimisation - Yield curve spot rate, 10-year maturity",PCPA,0
YC.B.U2.EUR.4F.G_N_A.SV_C_YM.SR_10Y,B,U2,EUR,4F,G_N_A,SV_C_YM,SR_10Y,2026-06-02,3.0192058236,A,F,,,P1D,,E,,,,,,,,,,,,,,,Technical notes are available at the following link: https://www.ecb.europa.eu/stats/financial_markets_and_interest_rates/euro_area_yield_curves/shared/pdf/technical_notes.pdf,,6,,,AAA yield curve - 10-year spot rate,"Euro area (changing composition) - Government bond, nominal, all issuers whose rating is triple A - Svensson model - continuous compounding - yield error minimisation - Yield curve spot rate, 10-year maturity",PCPA,0
YC.B.U2.EUR.4F.G_N_A.SV_C_YM.SR_10Y,B,U2,EUR,4F,G_N_A,SV_C_YM,SR_10Y,2026-06-03,3.0612878862,A,F,,,P1D,,E,,,,,,,,,,,,,,,Technical notes are available at the following link: https://www.ecb.europa.eu/stats/financial_markets_and_interest_rates/euro_area_yield_curves/shared/pdf/technical_notes.pdf,,6,,,AAA yield curve - 10-year spot rate,"Euro area (changing composition) - Government bond, nominal, all issuers whose rating is triple A - Svensson model - continuous compounding - yield error minimisation - Yield curve spot rate, 10-year maturity",PCPA,0
YC.B.U2.EUR.4F.G_N_A.SV_C_YM.SR_10Y,B,U2,EUR,4F,G_N_A,SV_C_YM,SR_10Y,2026-06-04,3.0698375728,A,F,,,P1D,,E,,,,,,,,,,,,,,,Technical notes are available at the following link: https://www.ecb.europa.eu/stats/financial_markets_and_interest_rates/euro_area_yield_curves/shared/pdf/technical_notes.pdf,,6,,,AAA yield curve - 10-year spot rate,"Euro area (changing composition) - Government bond, nominal, all issuers whose rating is triple A - Svensson model - continuous compounding - yield error minimisation - Yield curve spot rate, 10-year maturity",PCPA,0
YC.B.U2.EUR.4F.G_N_A.SV_C_YM.SR_10Y,B,U2,EUR,4F,G_N_A,SV_C_YM,SR_10Y,2026-06-05,3.0877233984,A,F,,,P1D,,E,,,,,,,,,,,,,,,Technical notes are available at the following link: https://www.ecb.europa.eu/stats/financial_markets_and_interest_rates/euro_area_yield_curves/shared/pdf/technical_notes.pdf,,6,,,AAA yield curve - 10-year spot rate,"Euro area (changing composition) - Government bond, nominal, all issuers whose rating is triple A - Svensson model - continuous compounding - yield error minimisation - Yield curve spot rate, 10-year maturity",PCPA,0
YC.B.U2.EUR.4F.G_N_A.SV_C_YM.SR_10Y,B,U2,EUR,4F,G_N_A,SV_C_YM,SR_10Y,2026-06-08,3.0920816898,A,F,,,P1D,,E,,,,,,,,,,,,,,,Technical notes are available at the following link: https://www.ecb.europa.eu/stats/financial_markets_and_interest_rates/euro_area_yield_curves/shared/pdf/technical_notes.pdf,,6,,,AAA yield curve - 10-year spot rate,"Euro area (changing composition) - Government bond, nominal, all issuers whose rating is triple A - Svensson model - continuous compounding - yield error minimisation - Yield curve spot rate, 10-year maturity",PCPA,0
YC.B.U2.EUR.4F.G_N_A.SV_C_YM.SR_10Y,B,U2,EUR,4F,G_N_A,SV_C_YM,SR_10Y,2026-06-09,3.0992230173,A,F,,,P1D,,E,,,,,,,,,,,,,,,Technical notes are available at the following link: https://www.ecb.europa.eu/stats/financial_markets_and_interest_rates/euro_area_yield_curves/shared/pdf/technical_notes.pdf,,6,,,AAA yield curve - 10-year spot rate,"Euro area (changing composition) - Government bond, nominal, all issuers whose rating is triple A - Svensson model - continuous compounding - yield error minimisation - Yield curve spot rate, 10-year maturity",PCPA,0
YC.B.U2.EUR.4F.G_N_A.SV_C_YM.SR_10Y,B,U2,EUR,4F,G_N_A,SV_C_YM,SR_10Y,2026-06-10,3.1162570344,A,F,,,P1D,,E,,,,,,,,,,,,,,,Technical notes are available at the following link: https://www.ecb.europa.eu/stats/financial_markets_and_interest_rates/euro_area_yield_curves/shared/pdf/technical_notes.pdf,,6,,,AAA yield curve - 10-year spot rate,"Euro area (changing composition) - Government bond, nominal, all issuers whose rating is triple A - Svensson model - continuous compounding - yield error minimisation - Yield curve spot rate, 10-year maturity",PCPA,0
YC.B.U2.EUR.4F.G_N_A.SV_C_YM.SR_10Y,B,U2,EUR,4F,G_N_A,SV_C_YM,SR_10Y,2026-06-11,3.0798140633,A,F,,,P1D,,E,,,,,,,,,,,,,,,Technical notes are available at the following link: https://www.ecb.europa.eu/stats/financial_markets_and_interest_rates/euro_area_yield_curves/shared/pdf/technical_notes.pdf,,6,,,AAA yield curve - 10-year spot rate,"Euro area (changing composition) - Government bond, nominal, all issuers whose rating is triple A - Svensson model - continuous compounding - yield error minimisation - Yield curve spot rate, 10-year maturity",PCPA,0
YC.B.U2.EUR.4F.G_N_A.SV_C_YM.SR_10Y,B,U2,EUR,4F,G_N_A,SV_C_YM,SR_10Y,2026-06-12,3.0694748442,A,F,,,P1D,,E,,,,,,,,,,,,,,,Technical notes are available at the following link: https://www.ecb.europa.eu/stats/financial_markets_and_interest_rates/euro_area_yield_curves/shared/pdf/technical_notes.pdf,,6,,,AAA yield curve - 10-year spot rate,"Euro area (changing composition) - Government bond, nominal, all issuers whose rating is triple A - Svensson model - continuous compounding - yield error minimisation - Yield curve spot rate, 10-year maturity",PCPA,0
YC.B.U2.EUR.4F.G_N_A.SV_C_YM.SR_10Y,B,U2,EUR,4F,G_N_A,SV_C_YM,SR_10Y,2026-06-15,3.0089281275,A,F,,,P1D,,E,,,,,,,,,,,,,,,Technical notes are available at the following link: https://www.ecb.europa.eu/stats/financial_markets_and_interest_rates/euro_area_yield_curves/shared/pdf/technical_notes.pdf,,6,,,AAA yield curve - 10-year spot rate,"Euro area (changing composition) - Government bond, nominal, all issuers whose rating is triple A - Svensson model - continuous compounding - yield error minimisation - Yield curve spot rate, 10-year maturity",PCPA,0
YC.B.U2.EUR.4F.G_N_A.SV_C_YM.SR_10Y,B,U2,EUR,4F,G_N_A,SV_C_YM,SR_10Y,2026-06-16,2.9923877689,A,F,,,P1D,,E,,,,,,,,,,,,,,,Technical notes are available at the following link: https://www.ecb.europa.eu/stats/financial_markets_and_interest_rates/euro_area_yield_curves/shared/pdf/technical_notes.pdf,,6,,,AAA yield curve - 10-year spot rate,"Euro area (changing composition) - Government bond, nominal, all issuers whose rating is triple A - Svensson model - continuous compounding - yield error minimisation - Yield curve spot rate, 10-year maturity",PCPA,0
YC.B.U2.EUR.4F.G_N_A.SV_C_YM.SR_10Y,B,U2,EUR,4F,G_N_A,SV_C_YM,SR_10Y,2026-06-17,2.9854852656,A,F,,,P1D,,E,,,,,,,,,,,,,,,Technical notes are available at the following link: https://www.ecb.europa.eu/stats/financial_markets_and_interest_rates/euro_area_yield_curves/shared/pdf/technical_notes.pdf,,6,,,AAA yield curve - 10-year spot rate,"Euro area (changing composition) - Government bond, nominal, all issuers whose rating is triple A - Svensson model - continuous compounding - yield error minimisation - Yield curve spot rate, 10-year maturity",PCPA,0
YC.B.U2.EUR.4F.G_N_A.SV_C_YM.SR_10Y,B,U2,EUR,4F,G_N_A,SV_C_YM,SR_10Y,2026-06-18,2.9853251782,A,F,,,P1D,,E,,,,,,,,,,,,,,,Technical notes are available at the following link: https://www.ecb.europa.eu/stats/financial_markets_and_interest_rates/euro_area_yield_curves/shared/pdf/technical_notes.pdf,,6,,,AAA yield curve - 10-year spot rate,"Euro area (changing composition) - Government bond, nominal, all issuers whose rating is triple A - Svensson model - continuous compounding - yield error minimisation - Yield curve spot rate, 10-year maturity",PCPA,0
YC.B.U2.EUR.4F.G_N_A.SV_C_YM.SR_10Y,B,U2,EUR,4F,G_N_A,SV_C_YM,SR_10Y,2026-06-19,3.0367350672,A,F,,,P1D,,E,,,,,,,,,,,,,,,Technical notes are available at the following link: https://www.ecb.europa.eu/stats/financial_markets_and_interest_rates/euro_area_yield_curves/shared/pdf/technical_notes.pdf,,6,,,AAA yield curve - 10-year spot rate,"Euro area (changing composition) - Government bond, nominal, all issuers whose rating is triple A - Svensson model - continuous compounding - yield error minimisation - Yield curve spot rate, 10-year maturity",PCPA,0
YC.B.U2.EUR.4F.G_N_A.SV_C_YM.SR_10Y,B,U2,EUR,4F,G_N_A,SV_C_YM,SR_10Y,2026-06-22,3.0093670766,A,F,,,P1D,,E,,,,,,,,,,,,,,,Technical notes are available at the following link: https://www.ecb.europa.eu/stats/financial_markets_and_interest_rates/euro_area_yield_curves/shared/pdf/technical_notes.pdf,,6,,,AAA yield curve - 10-year spot rate,"Euro area (changing composition) - Government bond, nominal, all issuers whose rating is triple A - Svensson model - continuous compounding - yield error minimisation - Yield curve spot rate, 10-year maturity",PCPA,0
YC.B.U2.EUR.4F.G_N_A.SV_C_YM.SR_10Y,B,U2,EUR,4F,G_N_A,SV_C_YM,SR_10Y,2026-06-23,2.9707291005,A,F,,,P1D,,E,,,,,,,,,,,,,,,Technical notes are available at the following link: https://www.ecb.europa.eu/stats/financial_markets_and_interest_rates/euro_area_yield_curves/shared/pdf/technical_notes.pdf,,6,,,AAA yield curve - 10-year spot rate,"Euro area (changing composition) - Government bond, nominal, all issuers whose rating is triple A - Svensson model - continuous compounding - yield error minimisation - Yield curve spot rate, 10-year maturity",PCPA,0
YC.B.U2.EUR.4F.G_N_A.SV_C_YM.SR_10Y,B,U2,EUR,4F,G_N_A,SV_C_YM,SR_10Y,2026-06-24,2.9379971807,A,F,,,P1D,,E,,,,,,,,,,,,,,,Technical notes are available at the following link: https://www.ecb.europa.eu/stats/financial_markets_and_interest_rates/euro_area_yield_curves/shared/pdf/technical_notes.pdf,,6,,,AAA yield curve - 10-year spot rate,"Euro area (changing composition) - Government bond, nominal, all issuers whose rating is triple A - Svensson model - continuous compounding - yield error minimisation - Yield curve spot rate, 10-year maturity",PCPA,0
YC.B.U2.EUR.4F.G_N_A.SV_C_YM.SR_10Y,B,U2,EUR,4F,G_N_A,SV_C_YM,SR_10Y,2026-06-25,2.9160405586,A,F,,,P1D,,E,,,,,,,,,,,,,,,Technical notes are available at the following link: https://www.ecb.europa.eu/stats/financial_markets_and_interest_rates/euro_area_yield_curves/shared/pdf/technical_notes.pdf,,6,,,AAA yield curve - 10-year spot rate,"Euro area (changing composition) - Government bond, nominal, all issuers whose rating is triple A - Svensson model - continuous compounding - yield error minimisation - Yield curve spot rate, 10-year maturity",PCPA,0
YC.B.U2.EUR.4F.G_N_A.SV_C_YM.SR_10Y,B,U2,EUR,4F,G_N_A,SV_C_YM,SR_10Y,2026-06-26,2.9223600013,A,F,,,P1D,,E,,,,,,,,,,,,,,,Technical notes are available at the following link: https://www.ecb.europa.eu/stats/financial_markets_and_interest_rates/euro_area_yield_curves/shared/pdf/technical_notes.pdf,,6,,,AAA yield curve - 10-year spot rate,"Euro area (changing composition) - Government bond, nominal, all issuers whose rating is triple A - Svensson model - continuous compounding - yield error minimisation - Yield curve spot rate, 10-year maturity",PCPA,0
YC.B.U2.EUR.4F.G_N_A.SV_C_YM.SR_10Y,B,U2,EUR,4F,G_N_A,SV_C_YM,SR_10Y,2026-06-29,2.922896152,A,F,,,P1D,,E,,,,,,,,,,,,,,,Technical notes are available at the following link: https://www.ecb.europa.eu/stats/financial_markets_and_interest_rates/euro_area_yield_curves/shared/pdf/technical_notes.pdf,,6,,,AAA yield curve - 10-year spot rate,"Euro area (changing composition) - Government bond, nominal, all issuers whose rating is triple A - Svensson model - continuous compounding - yield error minimisation - Yield curve spot rate, 10-year maturity",PCPA,0
YC.B.U2.EUR.4F.G_N_A.SV_C_YM.SR_10Y,B,U2,EUR,4F,G_N_A,SV_C_YM,SR_10Y,2026-06-30,2.9244927445,A,F,,,P1D,,E,,,,,,,,,,,,,,,Technical notes are available at the following link: https://www.ecb.europa.eu/stats/financial_markets_and_interest_rates/euro_area_yield_curves/shared/pdf/technical_notes.pdf,,6,,,AAA yield curve - 10-year spot rate,"Euro area (changing composition) - Government bond, nominal, all issuers whose rating is triple A - Svensson model - continuous compounding - yield error minimisation - Yield curve spot rate, 10-year maturity",PCPA,0
YC.B.U2.EUR.4F.G_N_A.SV_C_YM.SR_10Y,B,U2,EUR,4F,G_N_A,SV_C_YM,SR_10Y,2026-07-01,2.9633626284,A,F,,,P1D,,E,,,,,,,,,,,,,,,Technical notes are available at the following link: https://www.ecb.europa.eu/stats/financial_markets_and_interest_rates/euro_area_yield_curves/shared/pdf/technical_notes.pdf,,6,,,AAA yield curve - 10-year spot rate,"Euro area (changing composition) - Government bond, nominal, all issuers whose rating is triple A - Svensson model - continuous compounding - yield error minimisation - Yield curve spot rate, 10-year maturity",PCPA,0
YC.B.U2.EUR.4F.G_N_A.SV_C_YM.SR_10Y,B,U2,EUR,4F,G_N_A,SV_C_YM,SR_10Y,2026-07-02,2.9878649255,A,F,,,P1D,,E,,,,,,,,,,,,,,,Technical notes are available at the following link: https://www.ecb.europa.eu/stats/financial_markets_and_interest_rates/euro_area_yield_curves/shared/pdf/technical_notes.pdf,,6,,,AAA yield curve - 10-year spot rate,"Euro area (changing composition) - Government bond, nominal, all issuers whose rating is triple A - Svensson model - continuous compounding - yield error minimisation - Yield curve spot rate, 10-year maturity",PCPA,0
YC.B.U2.EUR.4F.G_N_A.SV_C_YM.SR_10Y,B,U2,EUR,4F,G_N_A,SV_C_YM,SR_10Y,2026-07-03,3.0061092915,A,F,,,P1D,,E,,,,,,,,,,,,,,,Technical notes are available at the following link: https://www.ecb.europa.eu/stats/financial_markets_and_interest_rates/euro_area_yield_curves/shared/pdf/technical_notes.pdf,,6,,,AAA yield curve - 10-year spot rate,"Euro area (changing composition) - Government bond, nominal, all issuers whose rating is triple A - Svensson model - continuous compounding - yield error minimisation - Yield curve spot rate, 10-year maturity",PCPA,0
YC.B.U2.EUR.4F.G_N_A.SV_C_YM.SR_10Y,B,U2,EUR,4F,G_N_A,SV_C_YM,SR_10Y,2026-07-06,3.0156822508,A,F,,,P1D,,E,,,,,,,,,,,,,,,Technical notes are available at the following link: https://www.ecb.europa.eu/stats/financial_markets_and_interest_rates/euro_area_yield_curves/shared/pdf/technical_notes.pdf,,6,,,AAA yield curve - 10-year spot rate,"Euro area (changing composition) - Government bond, nominal, all issuers whose rating is triple A - Svensson model - continuous compounding - yield error minimisation - Yield curve spot rate, 10-year maturity",PCPA,0
YC.B.U2.EUR.4F.G_N_A.SV_C_YM.SR_10Y,B,U2,EUR,4F,G_N_A,SV_C_YM,SR_10Y,2026-07-07,3.0568869592,A,F,,,P1D,,E,,,,,,,,,,,,,,,Technical notes are available at the following link: https://www.ecb.europa.eu/stats/financial_markets_and_interest_rates/euro_area_yield_curves/shared/pdf/technical_notes.pdf,,6,,,AAA yield curve - 10-year spot rate,"Euro area (changing composition) - Government bond, nominal, all issuers whose rating is triple A - Svensson model - continuous compounding - yield error minimisation - Yield curve spot rate, 10-year maturity",PCPA,0
YC.B.U2.EUR.4F.G_N_A.SV_C_YM.SR_10Y,B,U2,EUR,4F,G_N_A,SV_C_YM,SR_10Y,2026-07-08,3.1370395898,A,F,,,P1D,,E,,,,,,,,,,,,,,,Technical notes are available at the following link: https://www.ecb.europa.eu/stats/financial_markets_and_interest_rates/euro_area_yield_curves/shared/pdf/technical_notes.pdf,,6,,,AAA yield curve - 10-year spot rate,"Euro area (changing composition) - Government bond, nominal, all issuers whose rating is triple A - Svensson model - continuous compounding - yield error minimisation - Yield curve spot rate, 10-year maturity",PCPA,0
YC.B.U2.EUR.4F.G_N_A.SV_C_YM.SR_10Y,B,U2,EUR,4F,G_N_A,SV_C_YM,SR_10Y,2026-07-09,3.1292327833,A,F,,,P1D,,E,,,,,,,,,,,,,,,Technical notes are available at the following link: https://www.ecb.europa.eu/stats/financial_markets_and_interest_rates/euro_area_yield_curves/shared/pdf/technical_notes.pdf,,6,,,AAA yield curve - 10-year spot rate,"Euro area (changing composition) - Government bond, nominal, all issuers whose rating is triple A - Svensson model - continuous compounding - yield error minimisation - Yield curve spot rate, 10-year maturity",PCPA,0
YC.B.U2.EUR.4F.G_N_A.SV_C_YM.SR_10Y,B,U2,EUR,4F,G_N_A,SV_C_YM,SR_10Y,2026-07-10,3.1085540184,A,F,,,P1D,,E,,,,,,,,,,,,,,,Technical notes are available at the following link: https://www.ecb.europa.eu/stats/financial_markets_and_interest_rates/euro_area_yield_curves/shared/pdf/technical_notes.pdf,,6,,,AAA yield curve - 10-year spot rate,"Euro area (changing composition) - Government bond, nominal, all issuers whose rating is triple A - Svensson model - continuous compounding - yield error minimisation - Yield curve spot rate, 10-year maturity",PCPA,0
YC.B.U2.EUR.4F.G_N_A.SV_C_YM.SR_10Y,B,U2,EUR,4F,G_N_A,SV_C_YM,SR_10Y,2026-07-13,3.1247022419,A,F,,,P1D,,E,,,,,,,,,,,,,,,Technical notes are available at the following link: https://www.ecb.europa.eu/stats/financial_markets_and_interest_rates/euro_area_yield_curves/shared/pdf/technical_notes.pdf,,6,,,AAA yield curve - 10-year spot rate,"Euro area (changing composition) - Government bond, nominal, all issuers whose rating is triple A - Svensson model - continuous compounding - yield error minimisation - Yield curve spot rate, 10-year maturity",PCPA,0
YC.B.U2.EUR.4F.G_N_A.SV_C_YM.SR_10Y,B,U2,EUR,4F,G_N_A,SV_C_YM,SR_10Y,2026-07-14,3.1462568028,A,F,,,P1D,,E,,,,,,,,,,,,,,,Technical notes are available at the following link: https://www.ecb.europa.eu/stats/financial_markets_and_interest_rates/euro_area_yield_curves/shared/pdf/technical_notes.pdf,,6,,,AAA yield curve - 10-year spot rate,"Euro area (changing composition) - Government bond, nominal, all issuers whose rating is triple A - Svensson model - continuous compounding - yield error minimisation - Yield curve spot rate, 10-year maturity",PCPA,0
YC.B.U2.EUR.4F.G_N_A.SV_C_YM.SR_10Y,B,U2,EUR,4F,G_N_A,SV_C_YM,SR_10Y,2026-07-15,3.1544621071,A,F,,,P1D,,E,,,,,,,,,,,,,,,Technical notes are available at the following link: https://www.ecb.europa.eu/stats/financial_markets_and_interest_rates/euro_area_yield_curves/shared/pdf/technical_notes.pdf,,6,,,AAA yield curve - 10-year spot rate,"Euro area (changing composition) - Government bond, nominal, all issuers whose rating is triple A - Svensson model - continuous compounding - yield error minimisation - Yield curve spot rate, 10-year maturity",PCPA,0
YC.B.U2.EUR.4F.G_N_A.SV_C_YM.SR_10Y,B,U2,EUR,4F,G_N_A,SV_C_YM,SR_10Y,2026-07-16,3.1773426637,A,F,,,P1D,,E,,,,,,,,,,,,,,,Technical notes are available at the following link: https://www.ecb.europa.eu/stats/financial_markets_and_interest_rates/euro_area_yield_curves/shared/pdf/technical_notes.pdf,,6,,,AAA yield curve - 10-year spot rate,"Euro area (changing composition) - Government bond, nominal, all issuers whose rating is triple A - Svensson model - continuous compounding - yield error minimisation - Yield curve spot rate, 10-year maturity",PCPA,0
YC.B.U2.EUR.4F.G_N_A.SV_C_YM.SR_10Y,B,U2,EUR,4F,G_N_A,SV_C_YM,SR_10Y,2026-07-17,3.1521219932,A,F,,,P1D,,E,,,,,,,,,,,,,,,Technical notes are available at the following link: https://www.ecb.europa.eu/stats/financial_markets_and_interest_rates/euro_area_yield_curves/shared/pdf/technical_notes.pdf,,6,,,AAA yield curve - 10-year spot rate,"Euro area (changing composition) - Government bond, nominal, all issuers whose rating is triple A - Svensson model - continuous compounding - yield error minimisation - Yield curve spot rate, 10-year maturity",PCPA,0
YC.B.U2.EUR.4F.G_N_A.SV_C_YM.SR_10Y,B,U2,EUR,4F,G_N_A,SV_C_YM,SR_10Y,2026-07-20,3.1678464688,A,F,,,P1D,,E,,,,,,,,,,,,,,,Technical notes are available at the following link: https://www.ecb.europa.eu/stats/financial_markets_and_interest_rates/euro_area_yield_curves/shared/pdf/technical_notes.pdf,,6,,,AAA yield curve - 10-year spot rate,"Euro area (changing composition) - Government bond, nominal, all issuers whose rating is triple A - Svensson model - continuous compounding - yield error minimisation - Yield curve spot rate, 10-year maturity",PCPA,0
YC.B.U2.EUR.4F.G_N_A.SV_C_YM.SR_10Y,B,U2,EUR,4F,G_N_A,SV_C_YM,SR_10Y,2026-07-21,3.2100962672,A,F,,,P1D,,E,,,,,,,,,,,,,,,Technical notes are available at the following link: https://www.ecb.europa.eu/stats/financial_markets_and_interest_rates/euro_area_yield_curves/shared/pdf/technical_notes.pdf,,6,,,AAA yield curve - 10-year spot rate,"Euro area (changing composition) - Government bond, nominal, all issuers whose rating is triple A - Svensson model - continuous compounding - yield error minimisation - Yield curve spot rate, 10-year maturity",PCPA,0
YC.B.U2.EUR.4F.G_N_A.SV_C_YM.SR_10Y,B,U2,EUR,4F,G_N_A,SV_C_YM,SR_10Y,2026-07-22,3.2040119707,A,F,,,P1D,,E,,,,,,,,,,,,,,,Technical notes are available at the following link: https://www.ecb.europa.eu/stats/financial_markets_and_interest_rates/euro_area_yield_curves/shared/pdf/technical_notes.pdf,,6,,,AAA yield curve - 10-year spot rate,"Euro area (changing composition) - Government bond, nominal, all issuers whose rating is triple A - Svensson model - continuous compounding - yield error minimisation - Yield curve spot rate, 10-year maturity",PCPA,0
YC.B.U2.EUR.4F.G_N_A.SV_C_YM.SR_10Y,B,U2,EUR,4F,G_N_A,SV_C_YM,SR_10Y,2026-07-23,3.2247334899,A,F,,,P1D,,E,,,,,,,,,,,,,,,Technical notes are available at the following link: https://www.ecb.europa.eu/stats/financial_markets_and_interest_rates/euro_area_yield_curves/shared/pdf/technical_notes.pdf,,6,,,AAA yield curve - 10-year spot rate,"Euro area (changing composition) - Government bond, nominal, all issuers whose rating is triple A - Svensson model - continuous compounding - yield error minimisation - Yield curve spot rate, 10-year maturity",PCPA,0
